Security,,External ID,Ccy Pair,P/L USD,Premium USD,Value USD,Style,P/C Ccy,P/C,Strike,Barrier1,Barrier2,Premium,Prem Ccy,P/L Ccy1,Option Price % Ccy1,Prem CCY1,Value Ccy1,Theo. Value Ccy1,Option Price % Ccy2,Prem CCY2,Value Ccy2,Theo. Value Ccy2,Creation Date,Creation Time,Trade Date,Trade Time,Prem Date,Expiry Date,Cut,Delivery Date,Model,Spot,Volatility,Depo Ccy1,Depo Ccy2,BB#,mini
Clear Filters,,,,,,,,,,,,,,,,,,,,,,,,,,,,,,,,,,,,,,
Total USD Equivs,,,,"3,005",,"3,005",,,,,,,,,,,,,,,,,,,,,,,,,,,,,,,,
AUDJPY - 81.064,,,AUDJPY,254,,254,,,,,,,,,242,,,242,232,,,"19,599","18,833",,,,,,,,,,,,,,,
Double NT,,8314,AUDJPY,0,0,0,Double NT,,,,81.511,80.239,0,JPY,0,,0,0,0,3.26,0,3,2,01/25/2012,9:51,01/23/2012,9:51,01/23/2012,01/30/2012,GMT 15:00,01/30/2012,Vanna Volga,81.064,10.25,4.469,0.118,OPSK9K9R,0
Double NT,,8315,AUDJPY,0,0,0,Double NT,,,,81.511,79.191,0,JPY,0,,0,0,0,23.28,0,23,23,01/25/2012,9:51,01/23/2012,9:51,01/23/2012,01/30/2012,GMT 15:00,01/30/2012,Vanna Volga,81.064,10.25,4.469,0.118,OPSK9K9T,0
Double NT,,8305,AUDJPY,1,0,1,Double NT,,,,82.805,79.191,0,JPY,1,,0,1,1,76.15,0,76,77,01/25/2012,9:51,01/23/2012,9:51,01/23/2012,01/30/2012,GMT 15:00,01/30/2012,Vanna Volga,81.064,10.25,4.469,0.118,OPSK9K8Q,0
Double NT,,8312,AUDJPY,0,0,0,Double NT,,,,81.511,80.856,0,JPY,0,,0,0,0,0,0,0,0,01/25/2012,9:51,01/23/2012,9:51,01/23/2012,01/30/2012,GMT 15:00,01/30/2012,Vanna Volga,81.064,10.25,4.469,0.118,OPSK9K9L,0
Double NT,,8201,AUDJPY,3,0,3,Double NT,,,,82.805,80.987,0,AUD,2,2.48,0,2,2,,0,201,177,01/25/2012,9:50,01/23/2012,9:50,01/23/2012,01/30/2012,GMT 15:00,01/30/2012,Vanna Volga,81.064,10.25,4.469,0.118,OPSK9JVQ,0
Double NT,,8206,AUDJPY,0,0,0,Double NT,,,,81.978,80.987,0,AUD,0,0.1,0,0,0,,0,8,3,01/25/2012,9:50,01/23/2012,9:50,01/23/2012,01/30/2012,GMT 15:00,01/30/2012,Vanna Volga,81.064,10.25,4.469,0.118,OPSK9JWG,0
Double NT,,8211,AUDJPY,0,0,0,Double NT,,,,81.511,80.987,0,AUD,0,0,0,0,0,,0,0,0,01/25/2012,9:50,01/23/2012,9:50,01/23/2012,01/30/2012,GMT 15:00,01/30/2012,Vanna Volga,81.064,10.25,4.469,0.118,OPSK9JX5,0
Double NT,,8216,AUDJPY,0,0,0,Double NT,,,,81.376,80.987,0,AUD,0,0,0,0,0,,0,0,0,01/25/2012,9:50,01/23/2012,9:50,01/23/2012,01/30/2012,GMT 15:00,01/30/2012,Vanna Volga,81.064,10.25,4.469,0.118,OPSK9JY0,0
Double NT,,8202,AUDJPY,8,0,8,Double NT,,,,82.805,80.856,0,AUD,8,7.84,0,8,7,,0,636,575,01/25/2012,9:50,01/23/2012,9:50,01/23/2012,01/30/2012,GMT 15:00,01/30/2012,Vanna Volga,81.064,10.25,4.469,0.118,OPSK9JVV,0
Double NT,,8207,AUDJPY,1,0,1,Double NT,,,,81.978,80.856,0,AUD,1,0.74,0,1,0,,0,60,30,01/25/2012,9:50,01/23/2012,9:50,01/23/2012,01/30/2012,GMT 15:00,01/30/2012,Vanna Volga,81.064,10.25,4.469,0.118,OPSK9JWL,0
Double NT,,8212,AUDJPY,0,0,0,Double NT,,,,81.511,80.856,0,AUD,0,0,0,0,0,,0,0,0,01/25/2012,9:50,01/23/2012,9:50,01/23/2012,01/30/2012,GMT 15:00,01/30/2012,Vanna Volga,81.064,10.25,4.469,0.118,OPSK9JXC,0
Double NT,,8217,AUDJPY,0,0,0,Double NT,,,,81.376,80.856,0,AUD,0,0,0,0,0,,0,0,0,01/25/2012,9:50,01/23/2012,9:50,01/23/2012,01/30/2012,GMT 15:00,01/30/2012,Vanna Volga,81.064,10.25,4.469,0.118,OPSK9JY4,0
Double NT,,8204,AUDJPY,43,0,43,Double NT,,,,82.805,80.239,0,AUD,40,40.42,0,40,39,,0,"3,276","3,161",01/25/2012,9:50,01/23/2012,9:50,01/23/2012,01/30/2012,GMT 15:00,01/30/2012,Vanna Volga,81.064,10.25,4.469,0.118,OPSK9JW3,0
Double NT,,8208,AUDJPY,3,0,3,Double NT,,,,81.978,80.719,0,AUD,2,2.44,0,2,2,,0,198,122,01/25/2012,9:50,01/23/2012,9:50,01/23/2012,01/30/2012,GMT 15:00,01/30/2012,Vanna Volga,81.064,10.25,4.469,0.118,OPSK9JWQ,0
Double NT,,8213,AUDJPY,0,0,0,Double NT,,,,81.511,80.719,0,AUD,0,0.02,0,0,0,,0,2,0,01/25/2012,9:50,01/23/2012,9:50,01/23/2012,01/30/2012,GMT 15:00,01/30/2012,Vanna Volga,81.064,10.25,4.469,0.118,OPSK9JXJ,0
Double NT,,8218,AUDJPY,0,0,0,Double NT,,,,81.376,80.719,0,AUD,0,0,0,0,0,,0,0,0,01/25/2012,9:50,01/23/2012,9:50,01/23/2012,01/30/2012,GMT 15:00,01/30/2012,Vanna Volga,81.064,10.25,4.469,0.118,OPSK9JY8,0
Double NT,,8205,AUDJPY,80,0,80,Double NT,,,,82.805,79.191,0,AUD,76,76.09,0,76,77,,0,"6,168","6,216",01/25/2012,9:50,01/23/2012,9:50,01/23/2012,01/30/2012,GMT 15:00,01/30/2012,Vanna Volga,81.064,10.25,4.469,0.118,OPSK9JW9,0
Double NT,,8209,AUDJPY,18,0,18,Double NT,,,,81.978,80.239,0,AUD,17,17.03,0,17,15,,0,"1,380","1,181",01/25/2012,9:50,01/23/2012,9:50,01/23/2012,01/30/2012,GMT 15:00,01/30/2012,Vanna Volga,81.064,10.25,4.469,0.118,OPSK9JWW,0
Double NT,,8214,AUDJPY,3,0,3,Double NT,,,,81.511,80.239,0,AUD,3,3.26,0,3,2,,0,264,166,01/25/2012,9:50,01/23/2012,9:50,01/23/2012,01/30/2012,GMT 15:00,01/30/2012,Vanna Volga,81.064,10.25,4.469,0.118,OPSK9JXP,0
Double NT,,8219,AUDJPY,1,0,1,Double NT,,,,81.376,80.239,0,AUD,1,1.24,0,1,1,,0,100,52,01/25/2012,9:50,01/23/2012,9:50,01/23/2012,01/30/2012,GMT 15:00,01/30/2012,Vanna Volga,81.064,10.25,4.469,0.118,OPSK9JYF,0
Double NT,,8210,AUDJPY,51,0,51,Double NT,,,,81.978,79.191,0,AUD,49,48.58,0,49,48,,0,"3,938","3,897",01/25/2012,9:50,01/23/2012,9:50,01/23/2012,01/30/2012,GMT 15:00,01/30/2012,Vanna Volga,81.064,10.25,4.469,0.118,OPSK9JX1,0
Double NT,,8215,AUDJPY,24,0,24,Double NT,,,,81.511,79.191,0,AUD,23,23.08,0,23,22,,0,"1,871","1,817",01/25/2012,9:50,01/23/2012,9:50,01/23/2012,01/30/2012,GMT 15:00,01/30/2012,Vanna Volga,81.064,10.25,4.469,0.118,OPSK9JXT,0
Double NT,,8220,AUDJPY,16,0,16,Double NT,,,,81.376,79.191,0,AUD,15,15.33,0,15,15,,0,"1,243","1,195",01/25/2012,9:50,01/23/2012,9:50,01/23/2012,01/30/2012,GMT 15:00,01/30/2012,Vanna Volga,81.064,10.25,4.469,0.118,OPSK9JYM,0
Double NT,,8301,AUDJPY,0,0,0,Double NT,,,,82.805,80.987,0,JPY,0,,0,0,0,2.45,0,2,2,01/25/2012,9:51,01/23/2012,9:51,01/23/2012,01/30/2012,GMT 15:00,01/30/2012,Vanna Volga,81.064,10.25,4.469,0.118,OPSK9K87,0
Double NT,,8302,AUDJPY,0,0,0,Double NT,,,,82.805,80.856,0,JPY,0,,0,0,0,7.77,0,8,7,01/25/2012,9:51,01/23/2012,9:51,01/23/2012,01/30/2012,GMT 15:00,01/30/2012,Vanna Volga,81.064,10.25,4.469,0.118,OPSK9K8B,0
Double NT,,8306,AUDJPY,0,0,0,Double NT,,,,81.978,80.987,0,JPY,0,,0,0,0,0.1,0,0,0,01/25/2012,9:51,01/23/2012,9:51,01/23/2012,01/30/2012,GMT 15:00,01/30/2012,Vanna Volga,81.064,10.25,4.469,0.118,OPSK9K8W,0
Double NT,,8311,AUDJPY,0,0,0,Double NT,,,,81.511,80.987,0,JPY,0,,0,0,0,0,0,0,0,01/25/2012,9:51,01/23/2012,9:51,01/23/2012,01/30/2012,GMT 15:00,01/30/2012,Vanna Volga,81.064,10.25,4.469,0.118,OPSK9K9J,0
Double NT,,8316,AUDJPY,0,0,0,Double NT,,,,81.376,80.987,0,JPY,0,,0,0,0,0,0,0,0,01/25/2012,9:51,01/23/2012,9:51,01/23/2012,01/30/2012,GMT 15:00,01/30/2012,Vanna Volga,81.064,10.25,4.469,0.118,OPSK9K9W,0
Double NT,,8203,AUDJPY,0,0,0,Double NT,,,,1.581,1.551,0,AUD,0,0,0,0,0,,0,0,0,01/25/2012,9:50,01/23/2012,9:50,01/23/2012,01/30/2012,GMT 15:00,01/30/2012,Vanna Volga,81.064,10.25,4.469,0.118,OPSK9JW0,0
Double NT,,8303,AUDJPY,0,0,0,Double NT,,,,82.805,80.719,0,JPY,0,,0,0,0,14.4,0,14,13,01/25/2012,9:51,01/23/2012,9:51,01/23/2012,01/30/2012,GMT 15:00,01/30/2012,Vanna Volga,81.064,10.25,4.469,0.118,OPSK9K8G,0
Double NT,,8318,AUDJPY,0,0,0,Double NT,,,,81.376,80.719,0,JPY,0,,0,0,0,0,0,0,0,01/25/2012,9:51,01/23/2012,9:51,01/23/2012,01/30/2012,GMT 15:00,01/30/2012,Vanna Volga,81.064,10.25,4.469,0.118,OPSK9KB1,0
Double NT,,8320,AUDJPY,0,0,0,Double NT,,,,81.376,79.191,0,JPY,0,,0,0,0,15.48,0,15,15,01/25/2012,9:51,01/23/2012,9:51,01/23/2012,01/30/2012,GMT 15:00,01/30/2012,Vanna Volga,81.064,10.25,4.469,0.118,OPSK9KB5,0
Double NT,,8308,AUDJPY,0,0,0,Double NT,,,,81.978,80.719,0,JPY,0,,0,0,0,2.44,0,2,1,01/25/2012,9:51,01/23/2012,9:51,01/23/2012,01/30/2012,GMT 15:00,01/30/2012,Vanna Volga,81.064,10.25,4.469,0.118,OPSK9K93,0
Double NT,,8304,AUDJPY,1,0,1,Double NT,,,,82.805,80.239,0,JPY,0,,0,0,0,40.23,0,40,39,01/25/2012,9:51,01/23/2012,9:51,01/23/2012,01/30/2012,GMT 15:00,01/30/2012,Vanna Volga,81.064,10.25,4.469,0.118,OPSK9K8L,0
Double NT,,8310,AUDJPY,1,0,1,Double NT,,,,81.978,79.191,0,JPY,1,,0,1,1,48.83,0,49,48,01/25/2012,9:51,01/23/2012,9:51,01/23/2012,01/30/2012,GMT 15:00,01/30/2012,Vanna Volga,81.064,10.25,4.469,0.118,OPSK9K9D,0
Double NT,,8319,AUDJPY,0,0,0,Double NT,,,,81.376,80.239,0,JPY,0,,0,0,0,1.24,0,1,1,01/25/2012,9:51,01/23/2012,9:51,01/23/2012,01/30/2012,GMT 15:00,01/30/2012,Vanna Volga,81.064,10.25,4.469,0.118,OPSK9KB3,0
Double NT,,8313,AUDJPY,0,0,0,Double NT,,,,81.511,80.719,0,JPY,0,,0,0,0,0.02,0,0,0,01/25/2012,9:51,01/23/2012,9:51,01/23/2012,01/30/2012,GMT 15:00,01/30/2012,Vanna Volga,81.064,10.25,4.469,0.118,OPSK9K9N,0
Double NT,,8309,AUDJPY,0,0,0,Double NT,,,,81.978,80.239,0,JPY,0,,0,0,0,17.02,0,17,15,01/25/2012,9:51,01/23/2012,9:51,01/23/2012,01/30/2012,GMT 15:00,01/30/2012,Vanna Volga,81.064,10.25,4.469,0.118,OPSK9K98,0
Double NT,,8317,AUDJPY,0,0,0,Double NT,,,,81.376,80.856,0,JPY,0,,0,0,0,0,0,0,0,01/25/2012,9:51,01/23/2012,9:51,01/23/2012,01/30/2012,GMT 15:00,01/30/2012,Vanna Volga,81.064,10.25,4.469,0.118,OPSK9K9Z,0
Double NT,,8307,AUDJPY,0,0,0,Double NT,,,,81.978,80.856,0,JPY,0,,0,0,0,0.74,0,1,0,01/25/2012,9:51,01/23/2012,9:51,01/23/2012,01/30/2012,GMT 15:00,01/30/2012,Vanna Volga,81.064,10.25,4.469,0.118,OPSK9K8Z,0
EURUSD - 1.3013,,,EURUSD,572,,572,,,,,,,,,439,,,439,403,,,572,524,,,,,,,,,,,,,,,0
Double NT,,8241,EURUSD,6,0,6,Double NT,,,,1.3298,1.2993,0,EUR,5,4.62,0,5,4,,0,6,5,01/25/2012,9:50,01/23/2012,9:50,01/23/2012,01/30/2012,GMT 15:00,01/30/2012,Vanna Volga,1.3013,10.57,0.119,0.2,OPSK9K1J,0
Double NT,,8246,EURUSD,0,0,0,Double NT,,,,1.3159,1.2993,0,EUR,0,0.25,0,0,0,,0,0,0,01/25/2012,9:50,01/23/2012,9:50,01/23/2012,01/30/2012,GMT 15:00,01/30/2012,Vanna Volga,1.3013,10.57,0.119,0.2,OPSK9K25,0
Double NT,,8251,EURUSD,0,0,0,Double NT,,,,1.308,1.2993,0,EUR,0,0,0,0,0,,0,0,0,01/25/2012,9:50,01/23/2012,9:50,01/23/2012,01/30/2012,GMT 15:00,01/30/2012,Vanna Volga,1.3013,10.57,0.119,0.2,OPSK9K2X,0
Double NT,,8256,EURUSD,0,0,0,Double NT,,,,1.3058,1.2993,0,EUR,0,0,0,0,0,,0,0,0,01/25/2012,9:50,01/23/2012,9:50,01/23/2012,01/30/2012,GMT 15:00,01/30/2012,Vanna Volga,1.3013,10.57,0.119,0.2,OPSK9K3M,0
Double NT,,8242,EURUSD,14,0,14,Double NT,,,,1.3298,1.2971,0,EUR,11,10.96,0,11,9,,0,14,12,01/25/2012,9:50,01/23/2012,9:50,01/23/2012,01/30/2012,GMT 15:00,01/30/2012,Vanna Volga,1.3013,10.57,0.119,0.2,OPSK9K1N,0
Double NT,,8247,EURUSD,2,0,2,Double NT,,,,1.3159,1.2971,0,EUR,1,1.29,0,1,0,,0,2,1,01/25/2012,9:50,01/23/2012,9:50,01/23/2012,01/30/2012,GMT 15:00,01/30/2012,Vanna Volga,1.3013,10.57,0.119,0.2,OPSK9K29,0
Double NT,,8252,EURUSD,0,0,0,Double NT,,,,1.308,1.2971,0,EUR,0,0,0,0,0,,0,0,0,01/25/2012,9:50,01/23/2012,9:50,01/23/2012,01/30/2012,GMT 15:00,01/30/2012,Vanna Volga,1.3013,10.57,0.119,0.2,OPSK9K31,0
Double NT,,8257,EURUSD,0,0,0,Double NT,,,,1.3058,1.2971,0,EUR,0,0,0,0,0,,0,0,0,01/25/2012,9:50,01/23/2012,9:50,01/23/2012,01/30/2012,GMT 15:00,01/30/2012,Vanna Volga,1.3013,10.57,0.119,0.2,OPSK9K3R,0
Double NT,,8243,EURUSD,24,0,24,Double NT,,,,1.3298,1.2949,0,EUR,18,18.33,0,18,16,,0,24,21,01/25/2012,9:50,01/23/2012,9:50,01/23/2012,01/30/2012,GMT 15:00,01/30/2012,Vanna Volga,1.3013,10.57,0.119,0.2,OPSK9K1R,0
Double NT,,8248,EURUSD,5,0,5,Double NT,,,,1.3159,1.2949,0,EUR,4,3.58,0,4,2,,0,5,2,01/25/2012,9:50,01/23/2012,9:50,01/23/2012,01/30/2012,GMT 15:00,01/30/2012,Vanna Volga,1.3013,10.57,0.119,0.2,OPSK9K2F,0
Double NT,,8253,EURUSD,0,0,0,Double NT,,,,1.308,1.2949,0,EUR,0,0.03,0,0,0,,0,0,0,01/25/2012,9:50,01/23/2012,9:50,01/23/2012,01/30/2012,GMT 15:00,01/30/2012,Vanna Volga,1.3013,10.57,0.119,0.2,OPSK9K35,0
Double NT,,8258,EURUSD,0,0,0,Double NT,,,,1.3058,1.2949,0,EUR,0,0,0,0,0,,0,0,0,01/25/2012,9:50,01/23/2012,9:50,01/23/2012,01/30/2012,GMT 15:00,01/30/2012,Vanna Volga,1.3013,10.57,0.119,0.2,OPSK9K3W,0
Double NT,,8244,EURUSD,57,0,57,Double NT,,,,1.3298,1.2872,0,EUR,44,43.8,0,44,41,,0,57,53,01/25/2012,9:50,01/23/2012,9:50,01/23/2012,01/30/2012,GMT 15:00,01/30/2012,Vanna Volga,1.3013,10.57,0.119,0.2,OPSK9K1W,0
Double NT,,8249,EURUSD,24,0,24,Double NT,,,,1.3159,1.2872,0,EUR,19,18.64,0,19,14,,0,24,19,01/25/2012,9:50,01/23/2012,9:50,01/23/2012,01/30/2012,GMT 15:00,01/30/2012,Vanna Volga,1.3013,10.57,0.119,0.2,OPSK9K2M,0
Double NT,,8254,EURUSD,5,0,5,Double NT,,,,1.308,1.2872,0,EUR,4,3.63,0,4,2,,0,5,2,01/25/2012,9:50,01/23/2012,9:50,01/23/2012,01/30/2012,GMT 15:00,01/30/2012,Vanna Volga,1.3013,10.57,0.119,0.2,OPSK9K39,0
Double NT,,8259,EURUSD,2,0,2,Double NT,,,,1.3058,1.2872,0,EUR,1,1.35,0,1,1,,0,2,1,01/25/2012,9:50,01/23/2012,9:50,01/23/2012,01/30/2012,GMT 15:00,01/30/2012,Vanna Volga,1.3013,10.57,0.119,0.2,OPSK9K41,0
Double NT,,8245,EURUSD,93,0,93,Double NT,,,,1.3298,1.2737,0,EUR,71,71.45,0,71,72,,0,93,93,01/25/2012,9:50,01/23/2012,9:50,01/23/2012,01/30/2012,GMT 15:00,01/30/2012,Vanna Volga,1.3013,10.57,0.119,0.2,OPSK9K20,0
Double NT,,8250,EURUSD,55,0,55,Double NT,,,,1.3159,1.2737,0,EUR,42,42.34,0,42,41,,0,55,54,01/25/2012,9:50,01/23/2012,9:50,01/23/2012,01/30/2012,GMT 15:00,01/30/2012,Vanna Volga,1.3013,10.57,0.119,0.2,OPSK9K2R,0
Double NT,,8255,EURUSD,23,0,23,Double NT,,,,1.308,1.2737,0,EUR,18,17.55,0,18,16,,0,23,21,01/25/2012,9:50,01/23/2012,9:50,01/23/2012,01/30/2012,GMT 15:00,01/30/2012,Vanna Volga,1.3013,10.57,0.119,0.2,OPSK9K3H,0
Double NT,,8260,EURUSD,14,0,14,Double NT,,,,1.3058,1.2737,0,EUR,11,10.71,0,11,10,,0,14,13,01/25/2012,9:50,01/23/2012,9:50,01/23/2012,01/30/2012,GMT 15:00,01/30/2012,Vanna Volga,1.3013,10.57,0.119,0.2,OPSK9K45,0
Double NT,,8341,EURUSD,5,0,5,Double NT,,,,1.3298,1.2993,0,USD,4,,0,4,3,4.57,0,5,4,01/25/2012,9:51,01/23/2012,9:51,01/23/2012,01/30/2012,GMT 15:00,01/30/2012,Vanna Volga,1.3013,10.57,0.119,0.2,OPSK9KCL,0
Double NT,,8346,EURUSD,0,0,0,Double NT,,,,1.3159,1.2993,0,USD,0,,0,0,0,0.25,0,0,0,01/25/2012,9:51,01/23/2012,9:51,01/23/2012,01/30/2012,GMT 15:00,01/30/2012,Vanna Volga,1.3013,10.57,0.119,0.2,OPSK9KCX,0
Double NT,,8351,EURUSD,0,0,0,Double NT,,,,1.308,1.2993,0,USD,0,,0,0,0,0,0,0,0,01/25/2012,9:51,01/23/2012,9:51,01/23/2012,01/30/2012,GMT 15:00,01/30/2012,Vanna Volga,1.3013,10.57,0.119,0.2,OPSK9KD7,0
Double NT,,8356,EURUSD,0,0,0,Double NT,,,,1.3058,1.2993,0,USD,0,,0,0,0,0,0,0,0,01/25/2012,9:51,01/23/2012,9:51,01/23/2012,01/30/2012,GMT 15:00,01/30/2012,Vanna Volga,1.3013,10.57,0.119,0.2,OPSK9KDK,0
Double NT,,8342,EURUSD,11,0,11,Double NT,,,,1.3298,1.2971,0,USD,8,,0,8,7,10.86,0,11,9,01/25/2012,9:51,01/23/2012,9:51,01/23/2012,01/30/2012,GMT 15:00,01/30/2012,Vanna Volga,1.3013,10.57,0.119,0.2,OPSK9KCN,0
Double NT,,8347,EURUSD,1,0,1,Double NT,,,,1.3159,1.2971,0,USD,1,,0,1,0,1.28,0,1,0,01/25/2012,9:51,01/23/2012,9:51,01/23/2012,01/30/2012,GMT 15:00,01/30/2012,Vanna Volga,1.3013,10.57,0.119,0.2,OPSK9KCZ,0
Double NT,,8352,EURUSD,0,0,0,Double NT,,,,1.308,1.2971,0,USD,0,,0,0,0,0,0,0,0,01/25/2012,9:51,01/23/2012,9:51,01/23/2012,01/30/2012,GMT 15:00,01/30/2012,Vanna Volga,1.3013,10.57,0.119,0.2,OPSK9KD9,0
Double NT,,8357,EURUSD,0,0,0,Double NT,,,,1.3058,1.2971,0,USD,0,,0,0,0,0,0,0,0,01/25/2012,9:51,01/23/2012,9:51,01/23/2012,01/30/2012,GMT 15:00,01/30/2012,Vanna Volga,1.3013,10.57,0.119,0.2,OPSK9KDM,0
Double NT,,8343,EURUSD,18,0,18,Double NT,,,,1.3298,1.2949,0,USD,14,,0,14,12,18.18,0,18,16,01/25/2012,9:51,01/23/2012,9:51,01/23/2012,01/30/2012,GMT 15:00,01/30/2012,Vanna Volga,1.3013,10.57,0.119,0.2,OPSK9KCQ,0
Double NT,,8348,EURUSD,4,0,4,Double NT,,,,1.3159,1.2949,0,USD,3,,0,3,1,3.57,0,4,2,01/25/2012,9:51,01/23/2012,9:51,01/23/2012,01/30/2012,GMT 15:00,01/30/2012,Vanna Volga,1.3013,10.57,0.119,0.2,OPSK9KD1,0
Double NT,,8353,EURUSD,0,0,0,Double NT,,,,1.308,1.2949,0,USD,0,,0,0,0,0.03,0,0,0,01/25/2012,9:51,01/23/2012,9:51,01/23/2012,01/30/2012,GMT 15:00,01/30/2012,Vanna Volga,1.3013,10.57,0.119,0.2,OPSK9KDC,0
Double NT,,8358,EURUSD,0,0,0,Double NT,,,,1.3058,1.2949,0,USD,0,,0,0,0,0,0,0,0,01/25/2012,9:51,01/23/2012,9:51,01/23/2012,01/30/2012,GMT 15:00,01/30/2012,Vanna Volga,1.3013,10.57,0.119,0.2,OPSK9KDP,0
Double NT,,8344,EURUSD,44,0,44,Double NT,,,,1.3298,1.2872,0,USD,34,,0,34,31,43.6,0,44,41,01/25/2012,9:51,01/23/2012,9:51,01/23/2012,01/30/2012,GMT 15:00,01/30/2012,Vanna Volga,1.3013,10.57,0.119,0.2,OPSK9KCS,0
Double NT,,8349,EURUSD,19,0,19,Double NT,,,,1.3159,1.2872,0,USD,14,,0,14,11,18.64,0,19,14,01/25/2012,9:51,01/23/2012,9:51,01/23/2012,01/30/2012,GMT 15:00,01/30/2012,Vanna Volga,1.3013,10.57,0.119,0.2,OPSK9KD3,0
Double NT,,8354,EURUSD,4,0,4,Double NT,,,,1.308,1.2872,0,USD,3,,0,3,1,3.65,0,4,2,01/25/2012,9:51,01/23/2012,9:51,01/23/2012,01/30/2012,GMT 15:00,01/30/2012,Vanna Volga,1.3013,10.57,0.119,0.2,OPSK9KDF,0
Double NT,,8359,EURUSD,1,0,1,Double NT,,,,1.3058,1.2872,0,USD,1,,0,1,0,1.35,0,1,1,01/25/2012,9:51,01/23/2012,9:51,01/23/2012,01/30/2012,GMT 15:00,01/30/2012,Vanna Volga,1.3013,10.57,0.119,0.2,OPSK9KDR,0
Double NT,,8345,EURUSD,71,0,71,Double NT,,,,1.3298,1.2737,0,USD,55,,0,55,55,71.41,0,71,72,01/25/2012,9:51,01/23/2012,9:51,01/23/2012,01/30/2012,GMT 15:00,01/30/2012,Vanna Volga,1.3013,10.57,0.119,0.2,OPSK9KCV,0
Double NT,,8350,EURUSD,43,0,43,Double NT,,,,1.3159,1.2737,0,USD,33,,0,33,32,42.52,0,43,41,01/25/2012,9:51,01/23/2012,9:51,01/23/2012,01/30/2012,GMT 15:00,01/30/2012,Vanna Volga,1.3013,10.57,0.119,0.2,OPSK9KD5,0
Double NT,,8355,EURUSD,18,0,18,Double NT,,,,1.308,1.2737,0,USD,14,,0,14,13,17.69,0,18,16,01/25/2012,9:51,01/23/2012,9:51,01/23/2012,01/30/2012,GMT 15:00,01/30/2012,Vanna Volga,1.3013,10.57,0.119,0.2,OPSK9KDH,0
Double NT,,8360,EURUSD,11,0,11,Double NT,,,,1.3058,1.2737,0,USD,8,,0,8,7,10.8,0,11,10,01/25/2012,9:51,01/23/2012,9:51,01/23/2012,01/30/2012,GMT 15:00,01/30/2012,Vanna Volga,1.3013,10.57,0.119,0.2,OPSK9KDT,0
GBPUSD - 1.5568,,,GBPUSD,663,,663,,,,,,,,,426,,,426,377,,,663,587,,,,,,,,,,,,,,,0
Double NT,,8261,GBPUSD,8,0,8,Double NT,,,,1.581,1.5551,0,GBP,5,5,0,5,4,,0,8,6,01/25/2012,9:50,01/23/2012,9:50,01/23/2012,01/30/2012,GMT 15:00,01/30/2012,Vanna Volga,1.5568,7.5,0.475,0.2,OPSK9K4B,0
Double NT,,8271,GBPUSD,0,0,0,Double NT,,,,1.5625,1.5551,0,GBP,0,0,0,0,0,,0,0,0,01/25/2012,9:50,01/23/2012,9:50,01/23/2012,01/30/2012,GMT 15:00,01/30/2012,Vanna Volga,1.5568,7.5,0.475,0.2,OPSK9K59,0
Double NT,,8276,GBPUSD,0,0,0,Double NT,,,,1.5606,1.5551,0,GBP,0,0,0,0,0,,0,0,0,01/25/2012,9:50,01/23/2012,9:50,01/23/2012,01/30/2012,GMT 15:00,01/30/2012,Vanna Volga,1.5568,7.5,0.475,0.2,OPSK9K5T,0
Double NT,,8262,GBPUSD,18,0,18,Double NT,,,,1.581,1.5532,0,GBP,11,11.46,0,11,9,,0,18,15,01/25/2012,9:50,01/23/2012,9:50,01/23/2012,01/30/2012,GMT 15:00,01/30/2012,Vanna Volga,1.5568,7.5,0.475,0.2,OPSK9K4F,0
Double NT,,8266,GBPUSD,1,0,1,Double NT,,,,1.5692,1.5551,0,GBP,0,0.34,0,0,0,,0,1,0,01/25/2012,9:50,01/23/2012,9:50,01/23/2012,01/30/2012,GMT 15:00,01/30/2012,Vanna Volga,1.5568,7.5,0.475,0.2,OPSK9K4T,0
Double NT,,8272,GBPUSD,0,0,0,Double NT,,,,1.5625,1.5532,0,GBP,0,0,0,0,0,,0,0,0,01/25/2012,9:50,01/23/2012,9:50,01/23/2012,01/30/2012,GMT 15:00,01/30/2012,Vanna Volga,1.5568,7.5,0.475,0.2,OPSK9K5D,0
Double NT,,8277,GBPUSD,0,0,0,Double NT,,,,1.5606,1.5532,0,GBP,0,0,0,0,0,,0,0,0,01/25/2012,9:50,01/23/2012,9:50,01/23/2012,01/30/2012,GMT 15:00,01/30/2012,Vanna Volga,1.5568,7.5,0.475,0.2,OPSK9K5X,0
Double NT,,8263,GBPUSD,29,0,29,Double NT,,,,1.581,1.5513,0,GBP,19,18.86,0,19,16,,0,29,25,01/25/2012,9:50,01/23/2012,9:50,01/23/2012,01/30/2012,GMT 15:00,01/30/2012,Vanna Volga,1.5568,7.5,0.475,0.2,OPSK9K4J,0
Double NT,,8267,GBPUSD,3,0,3,Double NT,,,,1.5692,1.5532,0,GBP,2,1.68,0,2,1,,0,3,1,01/25/2012,9:50,01/23/2012,9:50,01/23/2012,01/30/2012,GMT 15:00,01/30/2012,Vanna Volga,1.5568,7.5,0.475,0.2,OPSK9K4X,0
Double NT,,8273,GBPUSD,0,0,0,Double NT,,,,1.5625,1.5513,0,GBP,0,0.05,0,0,0,,0,0,0,01/25/2012,9:50,01/23/2012,9:50,01/23/2012,01/30/2012,GMT 15:00,01/30/2012,Vanna Volga,1.5568,7.5,0.475,0.2,OPSK9K5H,0
Double NT,,8278,GBPUSD,0,0,0,Double NT,,,,1.5606,1.5513,0,GBP,0,0,0,0,0,,0,0,0,01/25/2012,9:50,01/23/2012,9:50,01/23/2012,01/30/2012,GMT 15:00,01/30/2012,Vanna Volga,1.5568,7.5,0.475,0.2,OPSK9K60,0
Double NT,,8264,GBPUSD,69,0,69,Double NT,,,,1.581,1.5447,0,GBP,44,44.23,0,44,41,,0,69,64,01/25/2012,9:50,01/23/2012,9:50,01/23/2012,01/30/2012,GMT 15:00,01/30/2012,Vanna Volga,1.5568,7.5,0.475,0.2,OPSK9K4M,0
Double NT,,8268,GBPUSD,7,0,7,Double NT,,,,1.5692,1.5513,0,GBP,4,4.44,0,4,2,,0,7,3,01/25/2012,9:50,01/23/2012,9:50,01/23/2012,01/30/2012,GMT 15:00,01/30/2012,Vanna Volga,1.5568,7.5,0.475,0.2,OPSK9K4Z,0
Double NT,,8274,GBPUSD,7,0,7,Double NT,,,,1.5625,1.5447,0,GBP,5,4.51,0,5,2,,0,7,3,01/25/2012,9:50,01/23/2012,9:50,01/23/2012,01/30/2012,GMT 15:00,01/30/2012,Vanna Volga,1.5568,7.5,0.475,0.2,OPSK9K5L,0
Double NT,,8279,GBPUSD,3,0,3,Double NT,,,,1.5606,1.5447,0,GBP,2,1.74,0,2,1,,0,3,1,01/25/2012,9:50,01/23/2012,9:50,01/23/2012,01/30/2012,GMT 15:00,01/30/2012,Vanna Volga,1.5568,7.5,0.475,0.2,OPSK9K62,0
Double NT,,8265,GBPUSD,111,0,111,Double NT,,,,1.581,1.5332,0,GBP,72,71.53,0,72,72,,0,111,112,01/25/2012,9:50,01/23/2012,9:50,01/23/2012,01/30/2012,GMT 15:00,01/30/2012,Vanna Volga,1.5568,7.5,0.475,0.2,OPSK9K4Q,0
Double NT,,8269,GBPUSD,32,0,32,Double NT,,,,1.5692,1.5447,0,GBP,21,20.64,0,21,15,,0,32,23,01/25/2012,9:50,01/23/2012,9:50,01/23/2012,01/30/2012,GMT 15:00,01/30/2012,Vanna Volga,1.5568,7.5,0.475,0.2,OPSK9K52,0
Double NT,,8275,GBPUSD,30,0,30,Double NT,,,,1.5625,1.5332,0,GBP,19,18.97,0,19,16,,0,30,26,01/25/2012,9:50,01/23/2012,9:50,01/23/2012,01/30/2012,GMT 15:00,01/30/2012,Vanna Volga,1.5568,7.5,0.475,0.2,OPSK9K5Q,0
Double NT,,8280,GBPUSD,18,0,18,Double NT,,,,1.5606,1.5332,0,GBP,12,11.69,0,12,10,,0,18,15,01/25/2012,9:50,01/23/2012,9:50,01/23/2012,01/30/2012,GMT 15:00,01/30/2012,Vanna Volga,1.5568,7.5,0.475,0.2,OPSK9K65,0
Double NT,,8270,GBPUSD,69,0,69,Double NT,,,,1.5692,1.5332,0,GBP,44,44.11,0,44,42,,0,69,65,01/25/2012,9:50,01/23/2012,9:50,01/23/2012,01/30/2012,GMT 15:00,01/30/2012,Vanna Volga,1.5568,7.5,0.475,0.2,OPSK9K56,0
Double NT,,8361,GBPUSD,5,0,5,Double NT,,,,1.581,1.5551,0,USD,3,,0,3,2,4.96,0,5,4,01/25/2012,9:51,01/23/2012,9:51,01/23/2012,01/30/2012,GMT 15:00,01/30/2012,Vanna Volga,1.5568,7.5,0.475,0.2,OPSK9KDV,0
Double NT,,8371,GBPUSD,0,0,0,Double NT,,,,1.5625,1.5551,0,USD,0,,0,0,0,0,0,0,0,01/25/2012,9:51,01/23/2012,9:51,01/23/2012,01/30/2012,GMT 15:00,01/30/2012,Vanna Volga,1.5568,7.5,0.475,0.2,OPSK9KF5,0
Double NT,,8376,GBPUSD,0,0,0,Double NT,,,,1.5606,1.5551,0,USD,0,,0,0,0,0,0,0,0,01/25/2012,9:51,01/23/2012,9:51,01/23/2012,01/30/2012,GMT 15:00,01/30/2012,Vanna Volga,1.5568,7.5,0.475,0.2,OPSK9KFB,0
Double NT,,8362,GBPUSD,11,0,11,Double NT,,,,1.581,1.5532,0,USD,7,,0,7,6,11.38,0,11,9,01/25/2012,9:51,01/23/2012,9:51,01/23/2012,01/30/2012,GMT 15:00,01/30/2012,Vanna Volga,1.5568,7.5,0.475,0.2,OPSK9KDW,0
Double NT,,8366,GBPUSD,0,0,0,Double NT,,,,1.5692,1.5551,0,USD,0,,0,0,0,0.34,0,0,0,01/25/2012,9:51,01/23/2012,9:51,01/23/2012,01/30/2012,GMT 15:00,01/30/2012,Vanna Volga,1.5568,7.5,0.475,0.2,OPSK9KF0,0
Double NT,,8372,GBPUSD,0,0,0,Double NT,,,,1.5625,1.5532,0,USD,0,,0,0,0,0,0,0,0,01/25/2012,9:51,01/23/2012,9:51,01/23/2012,01/30/2012,GMT 15:00,01/30/2012,Vanna Volga,1.5568,7.5,0.475,0.2,OPSK9KF6,0
Double NT,,8377,GBPUSD,0,0,0,Double NT,,,,1.5606,1.5532,0,USD,0,,0,0,0,0,0,0,0,01/25/2012,9:51,01/23/2012,9:51,01/23/2012,01/30/2012,GMT 15:00,01/30/2012,Vanna Volga,1.5568,7.5,0.475,0.2,OPSK9KFC,0
Double NT,,8363,GBPUSD,19,0,19,Double NT,,,,1.581,1.5513,0,USD,12,,0,12,10,18.76,0,19,16,01/25/2012,9:51,01/23/2012,9:51,01/23/2012,01/30/2012,GMT 15:00,01/30/2012,Vanna Volga,1.5568,7.5,0.475,0.2,OPSK9KDX,0
Double NT,,8367,GBPUSD,2,0,2,Double NT,,,,1.5692,1.5532,0,USD,1,,0,1,0,1.68,0,2,1,01/25/2012,9:51,01/23/2012,9:51,01/23/2012,01/30/2012,GMT 15:00,01/30/2012,Vanna Volga,1.5568,7.5,0.475,0.2,OPSK9KF1,0
Double NT,,8373,GBPUSD,0,0,0,Double NT,,,,1.5625,1.5513,0,USD,0,,0,0,0,0.05,0,0,0,01/25/2012,9:51,01/23/2012,9:51,01/23/2012,01/30/2012,GMT 15:00,01/30/2012,Vanna Volga,1.5568,7.5,0.475,0.2,OPSK9KF7,0
Double NT,,8378,GBPUSD,0,0,0,Double NT,,,,1.5606,1.5513,0,USD,0,,0,0,0,0,0,0,0,01/25/2012,9:51,01/23/2012,9:51,01/23/2012,01/30/2012,GMT 15:00,01/30/2012,Vanna Volga,1.5568,7.5,0.475,0.2,OPSK9KFD,0
Double NT,,8364,GBPUSD,44,0,44,Double NT,,,,1.581,1.5447,0,USD,28,,0,28,26,44.1,0,44,41,01/25/2012,9:51,01/23/2012,9:51,01/23/2012,01/30/2012,GMT 15:00,01/30/2012,Vanna Volga,1.5568,7.5,0.475,0.2,OPSK9KDY,0
Double NT,,8368,GBPUSD,4,0,4,Double NT,,,,1.5692,1.5513,0,USD,3,,0,3,1,4.43,0,4,2,01/25/2012,9:51,01/23/2012,9:51,01/23/2012,01/30/2012,GMT 15:00,01/30/2012,Vanna Volga,1.5568,7.5,0.475,0.2,OPSK9KF2,0
Double NT,,8374,GBPUSD,5,0,5,Double NT,,,,1.5625,1.5447,0,USD,3,,0,3,1,4.52,0,5,2,01/25/2012,9:51,01/23/2012,9:51,01/23/2012,01/30/2012,GMT 15:00,01/30/2012,Vanna Volga,1.5568,7.5,0.475,0.2,OPSK9KF8,0
Double NT,,8379,GBPUSD,2,0,2,Double NT,,,,1.5606,1.5447,0,USD,1,,0,1,0,1.74,0,2,1,01/25/2012,9:51,01/23/2012,9:51,01/23/2012,01/30/2012,GMT 15:00,01/30/2012,Vanna Volga,1.5568,7.5,0.475,0.2,OPSK9KFF,0
Double NT,,8365,GBPUSD,72,0,72,Double NT,,,,1.581,1.5332,0,USD,46,,0,46,46,71.52,0,72,72,01/25/2012,9:51,01/23/2012,9:51,01/23/2012,01/30/2012,GMT 15:00,01/30/2012,Vanna Volga,1.5568,7.5,0.475,0.2,OPSK9KDZ,0
Double NT,,8369,GBPUSD,21,0,21,Double NT,,,,1.5692,1.5447,0,USD,13,,0,13,9,20.64,0,21,15,01/25/2012,9:51,01/23/2012,9:51,01/23/2012,01/30/2012,GMT 15:00,01/30/2012,Vanna Volga,1.5568,7.5,0.475,0.2,OPSK9KF3,0
Double NT,,8375,GBPUSD,19,0,19,Double NT,,,,1.5625,1.5332,0,USD,12,,0,12,11,19.07,0,19,16,01/25/2012,9:51,01/23/2012,9:51,01/23/2012,01/30/2012,GMT 15:00,01/30/2012,Vanna Volga,1.5568,7.5,0.475,0.2,OPSK9KF9,0
Double NT,,8380,GBPUSD,12,0,12,Double NT,,,,1.5606,1.5332,0,USD,8,,0,8,6,11.76,0,12,10,01/25/2012,9:51,01/23/2012,9:51,01/23/2012,01/30/2012,GMT 15:00,01/30/2012,Vanna Volga,1.5568,7.5,0.475,0.2,OPSK9KFG,0
Double NT,,8370,GBPUSD,44,0,44,Double NT,,,,1.5692,1.5332,0,USD,28,,0,28,27,44.23,0,44,42,01/25/2012,9:51,01/23/2012,9:51,01/23/2012,01/30/2012,GMT 15:00,01/30/2012,Vanna Volga,1.5568,7.5,0.475,0.2,OPSK9KF4,0
USDCAD - 1.0086,,,USDCAD,547,,547,,,,,,,,,547,,,547,495,,,551,499,,,,,,,,,,,,,,,0
Double NT,,8200,USDCAD,9,0,9,Double NT,,,,1.0106,0.993,0,CAD,9,,0,9,7,8.99,0,9,7,01/25/2012,9:50,01/23/2012,9:50,01/23/2012,01/30/2012,GMT 15:00,01/30/2012,Vanna Volga,1.0086,7.77,0.206,0.997,OPSK9JVF,0
Double NT,,8281,USDCAD,6,0,6,Double NT,,,,1.0247,1.0072,0,USD,6,6.07,0,6,5,,0,6,5,01/25/2012,9:50,01/23/2012,9:50,01/23/2012,01/30/2012,GMT 15:00,01/30/2012,Vanna Volga,1.0086,7.77,0.206,0.997,OPSK9K68,0
Double NT,,8286,USDCAD,0,0,0,Double NT,,,,1.0167,1.0072,0,USD,0,0.45,0,0,0,,0,0,0,01/25/2012,9:50,01/23/2012,9:50,01/23/2012,01/30/2012,GMT 15:00,01/30/2012,Vanna Volga,1.0086,7.77,0.206,0.997,OPSK9K6R,0
Double NT,,8291,USDCAD,0,0,0,Double NT,,,,1.0122,1.0072,0,USD,0,0,0,0,0,,0,0,0,01/25/2012,9:51,01/23/2012,9:51,01/23/2012,01/30/2012,GMT 15:00,01/30/2012,Vanna Volga,1.0086,7.77,0.206,0.997,OPSK9K76,0
Double NT,,8296,USDCAD,0,0,0,Double NT,,,,1.0109,1.0072,0,USD,0,0,0,0,0,,0,0,0,01/25/2012,9:51,01/23/2012,9:51,01/23/2012,01/30/2012,GMT 15:00,01/30/2012,Vanna Volga,1.0086,7.77,0.206,0.997,OPSK9K7Q,0
Double NT,,8282,USDCAD,13,0,13,Double NT,,,,1.0247,1.0059,0,USD,13,12.64,0,13,11,,0,13,11,01/25/2012,9:50,01/23/2012,9:50,01/23/2012,01/30/2012,GMT 15:00,01/30/2012,Vanna Volga,1.0086,7.77,0.206,0.997,OPSK9K6C,0
Double NT,,8287,USDCAD,2,0,2,Double NT,,,,1.0167,1.0059,0,USD,2,1.93,0,2,1,,0,2,1,01/25/2012,9:50,01/23/2012,9:50,01/23/2012,01/30/2012,GMT 15:00,01/30/2012,Vanna Volga,1.0086,7.77,0.206,0.997,OPSK9K6V,0
Double NT,,8292,USDCAD,0,0,0,Double NT,,,,1.0122,1.0059,0,USD,0,0,0,0,0,,0,0,0,01/25/2012,9:51,01/23/2012,9:51,01/23/2012,01/30/2012,GMT 15:00,01/30/2012,Vanna Volga,1.0086,7.77,0.206,0.997,OPSK9K7B,0
Double NT,,8297,USDCAD,0,0,0,Double NT,,,,1.0109,1.0059,0,USD,0,0,0,0,0,,0,0,0,01/25/2012,9:51,01/23/2012,9:51,01/23/2012,01/30/2012,GMT 15:00,01/30/2012,Vanna Volga,1.0086,7.77,0.206,0.997,OPSK9K7T,0
Double NT,,8283,USDCAD,20,0,20,Double NT,,,,1.0247,1.0046,0,USD,20,20.09,0,20,18,,0,20,18,01/25/2012,9:50,01/23/2012,9:50,01/23/2012,01/30/2012,GMT 15:00,01/30/2012,Vanna Volga,1.0086,7.77,0.206,0.997,OPSK9K6F,0
Double NT,,8288,USDCAD,5,0,5,Double NT,,,,1.0167,1.0046,0,USD,5,4.84,0,5,2,,0,5,2,01/25/2012,9:51,01/23/2012,9:50,01/23/2012,01/30/2012,GMT 15:00,01/30/2012,Vanna Volga,1.0086,7.77,0.206,0.997,OPSK9K6X,0
Double NT,,8293,USDCAD,0,0,0,Double NT,,,,1.0122,1.0046,0,USD,0,0.06,0,0,0,,0,0,0,01/25/2012,9:51,01/23/2012,9:51,01/23/2012,01/30/2012,GMT 15:00,01/30/2012,Vanna Volga,1.0086,7.77,0.206,0.997,OPSK9K7F,0
Double NT,,8298,USDCAD,0,0,0,Double NT,,,,1.0109,1.0046,0,USD,0,0,0,0,0,,0,0,0,01/25/2012,9:51,01/23/2012,9:51,01/23/2012,01/30/2012,GMT 15:00,01/30/2012,Vanna Volga,1.0086,7.77,0.206,0.997,OPSK9K7X,0
Double NT,,8284,USDCAD,46,0,46,Double NT,,,,1.0247,1,0,USD,46,46.03,0,46,44,,0,46,44,01/25/2012,9:50,01/23/2012,9:50,01/23/2012,01/30/2012,GMT 15:00,01/30/2012,Vanna Volga,1.0086,7.77,0.206,0.997,OPSK9K6K,0
Double NT,,8289,USDCAD,22,0,22,Double NT,,,,1.0167,1,0,USD,22,21.69,0,22,16,,0,22,16,01/25/2012,9:51,01/23/2012,9:51,01/23/2012,01/30/2012,GMT 15:00,01/30/2012,Vanna Volga,1.0086,7.77,0.206,0.997,OPSK9K70,0
Double NT,,8294,USDCAD,5,0,5,Double NT,,,,1.0122,1,0,USD,5,4.76,0,5,2,,0,5,2,01/25/2012,9:51,01/23/2012,9:51,01/23/2012,01/30/2012,GMT 15:00,01/30/2012,Vanna Volga,1.0086,7.77,0.206,0.997,OPSK9K7J,0
Double NT,,8299,USDCAD,2,0,2,Double NT,,,,1.0109,1,0,USD,2,1.83,0,2,1,,0,2,1,01/25/2012,9:51,01/23/2012,9:51,01/23/2012,01/30/2012,GMT 15:00,01/30/2012,Vanna Volga,1.0086,7.77,0.206,0.997,OPSK9K81,0
Double NT,,8285,USDCAD,75,0,75,Double NT,,,,1.0247,0.9905,0,USD,75,75.3,0,75,77,,0,76,77,01/25/2012,9:50,01/23/2012,9:50,01/23/2012,01/30/2012,GMT 15:00,01/30/2012,Vanna Volga,1.0086,7.77,0.206,0.997,OPSK9K6N,0
Double NT,,8290,USDCAD,47,0,47,Double NT,,,,1.0167,0.9905,0,USD,47,47.37,0,47,45,,0,48,45,01/25/2012,9:51,01/23/2012,9:51,01/23/2012,01/30/2012,GMT 15:00,01/30/2012,Vanna Volga,1.0086,7.77,0.206,0.997,OPSK9K73,0
Double NT,,8295,USDCAD,21,0,21,Double NT,,,,1.0122,0.9905,0,USD,21,20.7,0,21,18,,0,21,19,01/25/2012,9:51,01/23/2012,9:51,01/23/2012,01/30/2012,GMT 15:00,01/30/2012,Vanna Volga,1.0086,7.77,0.206,0.997,OPSK9K7M,0
Double NT,,8300,USDCAD,13,0,13,Double NT,,,,1.0109,0.9905,0,USD,13,12.59,0,13,11,,0,13,11,01/25/2012,9:51,01/23/2012,9:51,01/23/2012,01/30/2012,GMT 15:00,01/30/2012,Vanna Volga,1.0086,7.77,0.206,0.997,OPSK9K84,0
Double NT,,8381,USDCAD,6,0,6,Double NT,,,,1.0247,1.0072,0,CAD,6,,0,6,5,6.03,0,6,5,01/25/2012,9:51,01/23/2012,9:51,01/23/2012,01/30/2012,GMT 15:00,01/30/2012,Vanna Volga,1.0086,7.77,0.206,0.997,OPSK9KFH,0
Double NT,,8386,USDCAD,0,0,0,Double NT,,,,1.0167,1.0072,0,CAD,0,,0,0,0,0.44,0,0,0,01/25/2012,9:51,01/23/2012,9:51,01/23/2012,01/30/2012,GMT 15:00,01/30/2012,Vanna Volga,1.0086,7.77,0.206,0.997,OPSK9KFN,0
Double NT,,8391,USDCAD,0,0,0,Double NT,,,,1.0122,1.0072,0,CAD,0,,0,0,0,0,0,0,0,01/25/2012,9:51,01/23/2012,9:51,01/23/2012,01/30/2012,GMT 15:00,01/30/2012,Vanna Volga,1.0086,7.77,0.206,0.997,OPSK9KFZ,0
Double NT,,8382,USDCAD,12,0,12,Double NT,,,,1.0247,1.0059,0,CAD,12,,0,12,11,12.56,0,13,11,01/25/2012,9:51,01/23/2012,9:51,01/23/2012,01/30/2012,GMT 15:00,01/30/2012,Vanna Volga,1.0086,7.77,0.206,0.997,OPSK9KFJ,0
Double NT,,8387,USDCAD,2,0,2,Double NT,,,,1.0167,1.0059,0,CAD,2,,0,2,1,1.93,0,2,1,01/25/2012,9:51,01/23/2012,9:51,01/23/2012,01/30/2012,GMT 15:00,01/30/2012,Vanna Volga,1.0086,7.77,0.206,0.997,OPSK9KFQ,0
Double NT,,8392,USDCAD,0,0,0,Double NT,,,,1.0122,1.0059,0,CAD,0,,0,0,0,0,0,0,0,01/25/2012,9:51,01/23/2012,9:51,01/23/2012,01/30/2012,GMT 15:00,01/30/2012,Vanna Volga,1.0086,7.77,0.206,0.997,OPSK9KG1,0
Double NT,,8396,USDCAD,0,0,0,Double NT,,,,1.0109,1.0072,0,CAD,0,,0,0,0,0,0,0,0,01/25/2012,9:51,01/23/2012,9:51,01/23/2012,01/30/2012,GMT 15:00,01/30/2012,Vanna Volga,1.0086,7.77,0.206,0.997,OPSK9KG9,0
Double NT,,8383,USDCAD,20,0,20,Double NT,,,,1.0247,1.0046,0,CAD,20,,0,20,18,19.98,0,20,18,01/25/2012,9:51,01/23/2012,9:51,01/23/2012,01/30/2012,GMT 15:00,01/30/2012,Vanna Volga,1.0086,7.77,0.206,0.997,OPSK9KFK,0
Double NT,,8388,USDCAD,5,0,5,Double NT,,,,1.0167,1.0046,0,CAD,5,,0,5,2,4.83,0,5,2,01/25/2012,9:51,01/23/2012,9:51,01/23/2012,01/30/2012,GMT 15:00,01/30/2012,Vanna Volga,1.0086,7.77,0.206,0.997,OPSK9KFS,0
Double NT,,8393,USDCAD,0,0,0,Double NT,,,,1.0122,1.0046,0,CAD,0,,0,0,0,0.06,0,0,0,01/25/2012,9:51,01/23/2012,9:51,01/23/2012,01/30/2012,GMT 15:00,01/30/2012,Vanna Volga,1.0086,7.77,0.206,0.997,OPSK9KG3,0
Double NT,,8397,USDCAD,0,0,0,Double NT,,,,1.0109,1.0059,0,CAD,0,,0,0,0,0,0,0,0,01/25/2012,9:51,01/23/2012,9:51,01/23/2012,01/30/2012,GMT 15:00,01/30/2012,Vanna Volga,1.0086,7.77,0.206,0.997,OPSK9KGC,0
Double NT,,8384,USDCAD,46,0,46,Double NT,,,,1.0247,1,0,CAD,46,,0,46,44,45.9,0,46,44,01/25/2012,9:51,01/23/2012,9:51,01/23/2012,01/30/2012,GMT 15:00,01/30/2012,Vanna Volga,1.0086,7.77,0.206,0.997,OPSK9KFL,0
Double NT,,8389,USDCAD,22,0,22,Double NT,,,,1.0167,1,0,CAD,22,,0,22,16,21.7,0,22,16,01/25/2012,9:51,01/23/2012,9:51,01/23/2012,01/30/2012,GMT 15:00,01/30/2012,Vanna Volga,1.0086,7.77,0.206,0.997,OPSK9KFV,0
Double NT,,8394,USDCAD,5,0,5,Double NT,,,,1.0122,1,0,CAD,5,,0,5,2,4.78,0,5,2,01/25/2012,9:51,01/23/2012,9:51,01/23/2012,01/30/2012,GMT 15:00,01/30/2012,Vanna Volga,1.0086,7.77,0.206,0.997,OPSK9KG5,0
Double NT,,8398,USDCAD,0,0,0,Double NT,,,,1.0109,1.0046,0,CAD,0,,0,0,0,0,0,0,0,01/25/2012,9:51,01/23/2012,9:51,01/23/2012,01/30/2012,GMT 15:00,01/30/2012,Vanna Volga,1.0086,7.77,0.206,0.997,OPSK9KGF,0
Double NT,,8385,USDCAD,75,0,75,Double NT,,,,1.0247,0.9905,0,CAD,75,,0,75,76,75.35,0,75,77,01/25/2012,9:51,01/23/2012,9:51,01/23/2012,01/30/2012,GMT 15:00,01/30/2012,Vanna Volga,1.0086,7.77,0.206,0.997,OPSK9KFM,0
Double NT,,8390,USDCAD,47,0,47,Double NT,,,,1.0167,0.9905,0,CAD,47,,0,47,45,47.54,0,48,45,01/25/2012,9:51,01/23/2012,9:51,01/23/2012,01/30/2012,GMT 15:00,01/30/2012,Vanna Volga,1.0086,7.77,0.206,0.997,OPSK9KFX,0
Double NT,,8395,USDCAD,21,0,21,Double NT,,,,1.0122,0.9905,0,CAD,21,,0,21,18,20.83,0,21,19,01/25/2012,9:51,01/23/2012,9:51,01/23/2012,01/30/2012,GMT 15:00,01/30/2012,Vanna Volga,1.0086,7.77,0.206,0.997,OPSK9KG7,0
Double NT,,8399,USDCAD,2,0,2,Double NT,,,,1.0109,1,0,CAD,2,,0,2,1,1.84,0,2,1,01/25/2012,9:51,01/23/2012,9:51,01/23/2012,01/30/2012,GMT 15:00,01/30/2012,Vanna Volga,1.0086,7.77,0.206,0.997,OPSK9KGH,0
Pricing Date: Mon Jan 23 2012 21:59,,,,,,,,,,,,,,,,,,,,,,,,,,,,,,,,,,,,,,
