DATE,26-Nov-13,,,,,,,,,,,,,,,,,,,,,
TIME,02:28 GMT,,,,,,,,,,,,,,,,,,,,,
FILE,SD_SX5E2,,,,,,,,,,,,,,,,,,,,,
UNDERLYING,SX5E,,,,,,,,,,,,,,,,,,,,,
SPOT,3072.75,,,,,,,,,,,,,,,,,,,,,
CURRENCY,USD,,,,,,,,,,,,,,,,,,,,,
SABR PARAMETERS,,,,,5-Nov,21-Nov,-21,-5,,,,,,,,,,,,,,
atmvolshort,0.1165,,,,17-Nov,14-Jan,-9,49,,,,,,,,,,,,,,
atmvol1year,0.17787,,,,17-Jan,13-Feb,52,79,,,,,,,,,,,,,,
atmvolLong,0.20767,,,,14-Feb,15-Apr,80,140,,,,,,,,,,,,,,
atmWingL,0.5507,,,,21-Apr,24-Jun,146,210,,,,,,,,,,,,,,
atmWingR,3.27631,,,,25-Jun,25-Jul,211,241,,,,,,,,,,,,,,
skewshort,-0.02096,,,,5-May,8-Jul,160,224,,,,,,,,,,,,,,
skew1year,-0.18829,,,,,,,,,,,,,,,,,,,,,
skewlong,-0.19126,,,,,,,,,,,,,,,,,,,,,
skewwingL,19.97639,,,,,,,,,,,,,,,,,,,,,
skewwingR,3.01558,,,,,,,,,,,,,,,,,,,,,
kurtosisshort,0.35972,,,,,,,,,,,,,,,,,,,,,
kurtosislong,0.3383,,,,,,,,,,,,,,,,,,,,,
kurtosisgrowth,4.85351,,,,,,,,,,,,,,,,,,,,,
END SABR PARAMETERS,,,,,,,,,,,,,,,,,,,,,,
VOL SURFACE STANDARD DATES,,,,,,,,,,,,,,,,,,,,,,
,%ATMS,80%,82%,84%,86%,88%,90%,92%,94%,96%,98%,100%,102%,104%,106%,108%,110%,112%,114%,116%,118%,120%
Term,Strike,2458.2,2519.655,2581.11,2642.565,2704.02,2765.475,2826.93,2888.385,2949.84,3011.295,3072.75,3134.205,3195.66,3257.115,3318.57,3380.025,3441.48,3502.935,3564.39,3625.845,3687.3
3-Dec-13,,30.3248826899,28.9371301702,27.3384787978,25.4925122024,23.4405480717,21.3016381518,19.1825251206,17.1271964173,15.1694997387,13.4709113217,12.3205359437,11.9456411715,12.3039494607,13.2818100349,14.6738721614,16.183085152,17.5630534796,18.7859500804,19.8785095393,20.8656156926,21.7703016278
27-Dec-13,,27.1274847531,25.8204470045,24.433977211,22.9443339262,21.3702533296,19.7722763713,18.2040225605,16.6863753483,15.2352739728,13.9433784033,12.9777365192,12.4741825046,12.4390638043,12.845191875,13.5914940146,14.4995930977,15.4130952604,16.2940267026,17.1361382336,17.9360201035,18.6923733801
27-Jan-14,,24.3954512456,23.2226087916,22.0715331094,20.9301828688,19.7990065949,18.6911096686,17.6175511785,16.5780670241,15.5709326804,14.6302450855,13.8255754291,13.2208824489,12.8535216234,12.7531751646,12.9018530632,13.2321318178,13.6791439696,14.2035350915,14.7730379585,15.3616572129,15.949351893
26-Feb-14,,23.6666002787,22.7393065198,21.8077795181,20.864531708,19.9170549399,18.9877480469,18.0939461501,17.2303548207,16.3871200224,15.578943694,14.8449825578,14.2245450678,13.7537188266,13.4665074334,13.3653154157,13.4208761956,13.6022812246,13.8776039957,14.2149722266,14.593686613,15.0044336305
26-May-14,,22.7417208223,22.0299562186,21.3303482481,20.645065455,19.9734880111,19.3122032606,18.6596730308,18.0223690512,17.4088945233,16.8306930183,16.3020436772,15.8370878396,15.4489258645,15.1498277756,14.9391214325,14.803201744,14.7301803962,14.7172601993,14.7637138069,14.8642115475,15.0088204186
26-Aug-14,,22.56,21.9887558436,21.4273579619,20.866701514,20.3031140864,19.7383585944,19.1760251902,18.6260579067,18.0999273354,17.607713851,17.1581082425,16.7594449651,16.4188766393,16.1428466169,15.9282694667,15.7625308324,15.6337148166,15.5343550218,15.4583759693,15.4060516274,15.3840010158
26-Nov-14,,22.5278010421,22.0456495274,21.5637772844,21.0694744396,20.5625664445,20.0554163292,19.5592086807,19.0782281498,18.6152007793,18.1766906352,17.7730986764,17.4136528438,17.1022290458,16.8411571375,16.627953961,16.4553228721,16.3159713945,16.2034607632,16.1116505038,16.0363516875,15.9753268819
26-May-15,,22.1745815143,21.7620121541,21.3384079628,20.9047302718,20.4671896096,20.0372371288,19.6244383513,19.2299142556,18.8528083991,18.4954018808,18.1631134849,17.8605134441,17.5882421041,17.3460560854,17.1360182983,16.9625010885,16.8276044172,16.7239289803,16.6418321089,16.5747079595,16.5189880763
26-Nov-15,,22.1943846104,21.8392001553,21.4739704497,21.107601114,20.7461571263,20.3928513076,20.0503024018,19.7192880064,19.400197775,19.0950171367,18.8073248669,18.5397053977,18.2904935311,18.0571113295,17.8404122964,17.6446828821,17.4736221547,17.3279665669,17.2075418203,17.108406516,17.0228594535
28-Nov-16,,22.02,21.7057616976,21.3883889715,21.0812805433,20.7881141109,20.5028463982,20.2211806453,19.9474964847,19.688149225,19.4450555449,19.2156939224,18.9980628601,18.7930126986,18.6020576547,18.425583303,18.2628464591,18.113636714,17.9800718632,17.8647471086,17.767848858,17.6871546739
27-Nov-17,,22.0681146835,21.7958835022,21.5260078433,21.2647751819,21.0137693447,20.7698719252,20.530831297,20.2986795467,20.0764282916,19.8649944915,19.6632006685,19.470317694,19.2877741714,19.1174368628,18.9588359046,18.809164213,18.6663986695,18.5320602248,18.4085259806,18.2974788532,18.1999073456
26-Nov-18,,21.7080383804,21.4804156291,21.2580304094,21.0445516208,20.8398503983,20.64,20.4426505806,20.2524203079,20.0753962784,19.9113876025,19.7539255623,19.5982665777,19.4476592802,19.3071843063,19.1781024602,19.0578545513,18.9443460076,18.8380056262,18.7398552038,18.6500452031,18.567854726
26-Nov-20,,21.5602345546,21.3918363665,21.2301140328,21.0724768282,20.9168131976,20.7614912275,20.6060682681,20.4547736767,20.3127918509,20.180421554,20.053076506,19.9277826641,19.8088634775,19.7021641559,19.6065759287,19.5140363412,19.4189472138,19.3267761509,19.2453923583,19.1742762153,19.1045193813
27-Nov-23,,21.5901338329,21.4581072513,21.3333088426,21.2062418908,21.0761155021,20.9508443368,20.8366732652,20.731654908,20.6318754077,20.5352903351,20.4417243598,20.351190405,20.264129914,20.1810353747,20.1011060106,20.0222476219,19.9433814767,19.8677160096,19.799289756,19.7365809707,19.6725075715
END VOL SURFACE STANDARD DATES,,,,,,,,,,,,,,,,,,,,,,
TERM STRUCTURE STANDARD DATES USD,,,,,,,,,,,,,,,,,,,,,,
Term,ATM Vol Mid(%),ATM Vol Spread(%),Var Swap(%),Forward Price(USD),Forward Price(%),Dividend points,Security Lending(%),Funding rate(%),,,,,,,,,,,,,,
3-Dec-13,9.35,1.61,10.32,1801.79,99.96,0.76,0,0.2,,,,,,,,,,,,,,
26-Dec-13,10.41,0.8,12.68,1799.9,99.86,2.84,0,0.17,,,,,,,,,,,,,,
27-Jan-14,11.52,0.71,13.75,1798.66,99.79,4.45,0,0.2,,,,,,,,,,,,,,
26-Feb-14,12.26,0.62,14.67,1795.4,99.61,8.15,0,0.23,,,,,,,,,,,,,,
27-May-14,13.89,0.6,16.42,1789.61,99.29,14.97,0,0.23,,,,,,,,,,,,,,
26-Aug-14,14.83,0.6,17.58,1782.76,98.91,23.05,0,0.25,,,,,,,,,,,,,,
26-Nov-14,15.48,0.64,18.36,1775.86,98.52,31.31,0,0.26,,,,,,,,,,,,,,
26-May-15,16.89,0.74,19.68,1762.85,97.8,47.66,0,0.3,,,,,,,,,,,,,,
27-Nov-15,17.76,0.85,20.53,1750.33,97.11,65.32,0,0.37,,,,,,,,,,,,,,
28-Nov-16,18.85,1.05,21.8,1735.54,96.29,100.3,0,0.63,,,,,,,,,,,,,,
27-Nov-17,19.9,1.23,22.63,1733.57,96.18,139.93,0,1.01,,,,,,,,,,,,,,
26-Nov-18,20.52,1.41,23.17,1749.14,97.04,178.96,0,1.43,,,,,,,,,,,,,,
27-Nov-20,22.37,1.78,24.15,1801.65,99.95,269.29,0,2.17,,,,,,,,,,,,,,
27-Nov-23,25.32,2.33,26.46,1903.96,105.63,420.53,0,2.9,,,,,,,,,,,,,,
END TERM STRUCTURE STANDARD DATES USD,,,,,,,,,,,,,,,,,,,,,,
TERM STRUCTURE STANDARD DATES EUR,,,,,,,,,,,,,,,,,,,,,,
Term,ATM Vol Mid(%),ATM Vol Spread(%),Var Swap(%),Forward Price(USD),Forward Price(%),Dividend points,Security Lending(%),Funding rate(%),,,,,,,,,,,,,,
3-Dec-13,12.32,0.79,13,3072.32,99.99,0.53,0,0.16,,,,,,,,,,,,,,
27-Dec-13,12.98,0.5,14.63,3069.44,99.89,3.67,0,0.14,,,,,,,,,,,,,,
27-Jan-14,13.83,0.46,16.88,3064.02,99.72,9.69,0,0.18,,,,,,,,,,,,,,
26-Feb-14,14.84,0.42,17.69,3064.23,99.72,10.27,0,0.22,,,,,,,,,,,,,,
26-May-14,16.3,0.4,19.58,3001.79,97.69,75.9,0,0.32,,,,,,,,,,,,,,
26-Aug-14,17.16,0.39,20.45,2994.82,97.46,85.07,0,0.31,,,,,,,,,,,,,,
26-Nov-14,17.77,0.4,21.08,2985.05,97.15,98.53,0,0.36,,,,,,,,,,,,,,
26-May-15,18.16,0.46,22,2918.59,94.98,171.9,0,0.39,,,,,,,,,,,,,,
26-Nov-15,18.81,0.52,22.77,2905.55,94.56,193.77,0,0.44,,,,,,,,,,,,,,
28-Nov-16,19.22,0.63,23.6,2844.09,92.56,282.04,0,0.6,,,,,,,,,,,,,,
27-Nov-17,19.66,0.74,24.31,2800.44,91.14,367.66,0,0.82,,,,,,,,,,,,,,
26-Nov-18,19.75,0.85,24.91,2779.19,90.45,444.99,0,1.06,,,,,,,,,,,,,,
26-Nov-20,20.05,1.07,25.97,2773.97,90.28,594.08,0,1.49,,,,,,,,,,,,,,
27-Nov-23,20.44,1.4,27.07,2826.85,92,809.46,0,2,,,,,,,,,,,,,,
END TERM STRUCTURE STANDARD DATES EUR,,,,,,,,,,,,,,,,,,,,,,
VOL SPREADS,,,,,,,,,,,,,,,,,,,,,,
Date,Days, Volatility Spread (%),,,,,,,,,,,,,,,,,,,,
6-Dec-13,10,0.75,,,,,,,,,,,,,,,,,,,,
26-Dec-13,30,0.5,,,,,,,,,,,,,,,,,,,,
6-Mar-14,100,0.41,,,,,,,,,,,,,,,,,,,,
22-Sep-14,300,0.38,,,,,,,,,,,,,,,,,,,,
22-Aug-16,1000,0.6,,,,,,,,,,,,,,,,,,,,
12-Feb-22,3000,1.2,,,,,,,,,,,,,,,,,,,,
END VOL SPREADS,,,,,,,,,,,,,,,,,,,,,,
RATES,,,,,,,,,,,,,,,,,,,,,,
Date,Days, Rate (%pa),Discount Factor,,,,,,,,,,,,,,,,,,,
27-Nov-13,1,0.1,0.9999972222,,,,,,,,,,,,,,,,,,,
28-Nov-13,2,0.1250002083,0.9999930556,,,,,,,,,,,,,,,,,,,
3-Dec-13,7,0.1597152069,0.9999689452,,,,,,,,,,,,,,,,,,,
12-Dec-13,16,0.126750798,0.9999436695,,,,,,,,,,,,,,,,,,,
30-Dec-13,34,0.1381773979,0.9998695162,,,,,,,,,,,,,,,,,,,
28-Jan-14,63,0.1821282857,0.9996813771,,,,,,,,,,,,,,,,,,,
28-Feb-14,94,0.2248314238,0.9994132846,,,,,,,,,,,,,,,,,,,
28-May-14,183,0.3238055193,0.9983566935,,,,,,,,,,,,,,,,,,,
30-Jun-14,216,0.3124825582,0.9981286133,,,,,,,,,,,,,,,,,,,
28-Jul-14,244,0.3030286386,0.9979503489,,,,,,,,,,,,,,,,,,,
28-Aug-14,275,0.3106432262,0.9976326486,,,,,,,,,,,,,,,,,,,
29-Sep-14,307,0.3280329722,0.9972104113,,,,,,,,,,,,,,,,,,,
28-Oct-14,336,0.3425912497,0.9968126732,,,,,,,,,,,,,,,,,,,
28-Nov-14,367,0.354791683,0.996396007,,,,,,,,,,,,,,,,,,,
30-Dec-14,399,0.3492240785,0.9961436309,,,,,,,,,,,,,,,,,,,
28-Jan-15,428,0.3475412343,0.9958837792,,,,,,,,,,,,,,,,,,,
27-Feb-15,458,0.3537652179,0.9955173397,,,,,,,,,,,,,,,,,,,
30-Mar-15,489,0.3673097964,0.9950322297,,,,,,,,,,,,,,,,,,,
28-Apr-15,518,0.3801656545,0.9945550878,,,,,,,,,,,,,,,,,,,
END RATES,,,,,,,,,,,,,,,,,,,,,,
QUANTO CORRELATIONS USD EUR,,,,,,,,,,,,,,,,,,,,,,
Months,Days,Correlation,,,,,,,,,,,,,,,,,,,,
3M,-0.139
6M,-0.119
9M,-0.102
1Y,-0.09
END QUANTO CORRELATIONS USD EUR,,,,,,,,,,,,,,,,,,,,,,
FX Vol EUR USD,,,,,,,,,,,,,,,,,,,,,,
1D,6.75,,,,,,,,,,,,,,,,,,,,,
1W,6.28,,,,,,,,,,,,,,,,,,,,,
2W,6.77,,,,,,,,,,,,,,,,,,,,,
3W,6.92,,,,,,,,,,,,,,,,,,,,,
1M,7,,,,,,,,,,,,,,,,,,,,,
2M,6.9,,,,,,,,,,,,,,,,,,,,,
3M,7.15,,,,,,,,,,,,,,,,,,,,,
6M,7.5,,,,,,,,,,,,,,,,,,,,,
9M,7.75,,,,,,,,,,,,,,,,,,,,,
1Y,8,,,,,,,,,,,,,,,,,,,,,
END FX Vol EUR USD,,,,,,,,,,,,,,,,,,,,,,
DIVIDENDS,,,,,,,,,,,,,,,,,,,,,,
Date,Implied Dividends,,,,,,,,,,,,,,,,,,,,,
28-Nov-13,0.5287,,,,,,,,,,,,,,,,,,,,,
6-Dec-13,0.9572,,,,,,,,,,,,,,,,,,,,,
16-Dec-13,2.1871,,,,,,,,,,,,,,,,,,,,,
9-Jan-14,0,,,,,,,,,,,,,,,,,,,,,
10-Jan-14,2.2139,,,,,,,,,,,,,,,,,,,,,
24-Jan-14,3.7993,,,,,,,,,,,,,,,,,,,,,
6-Feb-14,0.5782,,,,,,,,,,,,,,,,,,,,,
6-Mar-14,0.1,,,,,,,,,,,,,,,,,,,,,
18-Mar-14,0.4652,,,,,,,,,,,,,,,,,,,,,
11-Apr-14,4.0623,,,,,,,,,,,,,,,,,,,,,
17-Apr-14,0.9576,,,,,,,,,,,,,,,,,,,,,
22-Apr-14,1.0395,,,,,,,,,,,,,,,,,,,,,
23-Apr-14,0,,,,,,,,,,,,,,,,,,,,,
25-Apr-14,1.5769,,,,,,,,,,,,,,,,,,,,,
28-Apr-14,3.6721,,,,,,,,,,,,,,,,,,,,,
29-Apr-14,7.5189,,,,,,,,,,,,,,,,,,,,,
2-May-14,4.8946,,,,,,,,,,,,,,,,,,,,,
5-May-14,1.6445,,,,,,,,,,,,,,,,,,,,,
6-May-14,2.4034,,,,,,,,,,,,,,,,,,,,,
7-May-14,2.5837,,,,,,,,,,,,,,,,,,,,,
8-May-14,5.1755,,,,,,,,,,,,,,,,,,,,,
9-May-14,9.5266,,,,,,,,,,,,,,,,,,,,,
12-May-14,0.0949,,,,,,,,,,,,,,,,,,,,,
14-May-14,2.0085,,,,,,,,,,,,,,,,,,,,,
15-May-14,1.5783,,,,,,,,,,,,,,,,,,,,,
16-May-14,1.5319,,,,,,,,,,,,,,,,,,,,,
19-May-14,2.771,,,,,,,,,,,,,,,,,,,,,
20-May-14,5.8174,,,,,,,,,,,,,,,,,,,,,
21-May-14,4.7239,,,,,,,,,,,,,,,,,,,,,
23-May-14,0.0945,,,,,,,,,,,,,,,,,,,,,
26-May-14,1.3941,,,,,,,,,,,,,,,,,,,,,
29-May-14,1.2997,,,,,,,,,,,,,,,,,,,,,
30-May-14,0.4218,,,,,,,,,,,,,,,,,,,,,
2-Jun-14,1.1349,,,,,,,,,,,,,,,,,,,,,
5-Jun-14,1.8393,,,,,,,,,,,,,,,,,,,,,
12-Jun-14,1.0598,,,,,,,,,,,,,,,,,,,,,
24-Jun-14,1.5825,,,,,,,,,,,,,,,,,,,,,
3-Jul-14,0.3994,,,,,,,,,,,,,,,,,,,,,
10-Jul-14,0.9146,,,,,,,,,,,,,,,,,,,,,
7-Aug-14,0.4608,,,,,,,,,,,,,,,,,,,,,
20-Aug-14,0.0524,,,,,,,,,,,,,,,,,,,,,
28-Aug-14,0.1477,,,,,,,,,,,,,,,,,,,,,
8-Sep-14,1.049,,,,,,,,,,,,,,,,,,,,,
23-Sep-14,2.2954,,,,,,,,,,,,,,,,,,,,,
24-Sep-14,2.3277,,,,,,,,,,,,,,,,,,,,,
3-Nov-14,0.4104,,,,,,,,,,,,,,,,,,,,,
6-Nov-14,4.9774,,,,,,,,,,,,,,,,,,,,,
7-Nov-14,0,,,,,,,,,,,,,,,,,,,,,
10-Nov-14,0,,,,,,,,,,,,,,,,,,,,,
12-Nov-14,0.4876,,,,,,,,,,,,,,,,,,,,,
17-Nov-14,1.6874,,,,,,,,,,,,,,,,,,,,,
19-Nov-14,0.0771,,,,,,,,,,,,,,,,,,,,,
1-Dec-14,1.0238,,,,,,,,,,,,,,,,,,,,,
17-Dec-14,2.2652,,,,,,,,,,,,,,,,,,,,,
9-Jan-15,0,,,,,,,,,,,,,,,,,,,,,
12-Jan-15,1.4464,,,,,,,,,,,,,,,,,,,,,
26-Jan-15,4.5145,,,,,,,,,,,,,,,,,,,,,
6-Feb-15,0.687,,,,,,,,,,,,,,,,,,,,,
6-Mar-15,0.5786,,,,,,,,,,,,,,,,,,,,,
18-Mar-15,2.3914,,,,,,,,,,,,,,,,,,,,,
13-Apr-15,3.8227,,,,,,,,,,,,,,,,,,,,,
20-Apr-15,0.8508,,,,,,,,,,,,,,,,,,,,,
22-Apr-15,1.2023,,,,,,,,,,,,,,,,,,,,,
23-Apr-15,0,,,,,,,,,,,,,,,,,,,,,
27-Apr-15,4.84,,,,,,,,,,,,,,,,,,,,,
29-Apr-15,7.0764,,,,,,,,,,,,,,,,,,,,,
4-May-15,6.1536,,,,,,,,,,,,,,,,,,,,,
6-May-15,2.0738,,,,,,,,,,,,,,,,,,,,,
7-May-15,2.4318,,,,,,,,,,,,,,,,,,,,,
8-May-15,4.6538,,,,,,,,,,,,,,,,,,,,,
END DIVIDENDS,,,,,,,,,,,,,,,,,,,,,,
ONETOUCH PAYOUT USD,,,,,,,,,,,,,,,,,,,,,,
Strike %,Expiry,Strike,ID ,mini,,,,,,,,,,,,,,,,,,
110,12/16/2013,0.291599431,SX5E2 2,0,,,,,,,,,,,,,,,,,,
109,12/16/2013,0.5457968525,SX5E2 3,0,,,,,,,,,,,,,,,,,,
110,12/23/2013,0.6984761862,SX5E2 4,0,,,,,,,,,,,,,,,,,,
108,12/16/2013,1.0466307154,SX5E2 5,0,,,,,,,,,,,,,,,,,,
109,12/23/2013,1.2329027873,SX5E2 6,0,,,,,,,,,,,,,,,,,,
110,12/30/2013,1.3431188378,SX5E2 7,0,,,,,,,,,,,,,,,,,,
107,12/16/2013,2.0513663428,SX5E2 8,0,,,,,,,,,,,,,,,,,,
108,12/23/2013,2.2113976027,SX5E2 9,0,,,,,,,,,,,,,,,,,,
110,01/06/2014,2.2307377047,SX5E2 10,0,,,,,,,,,,,,,,,,,,
109,12/30/2013,2.2620896412,SX5E2 11,0,,,,,,,,,,,,,,,,,,
110,01/13/2014,3.3170288523,SX5E2 12,0,,,,,,,,,,,,,,,,,,
109,01/06/2014,3.6077943286,SX5E2 13,0,,,,,,,,,,,,,,,,,,
108,12/30/2013,3.8399387615,SX5E2 14,0,,,,,,,,,,,,,,,,,,
107,12/23/2013,4.0065266043,SX5E2 15,0,,,,,,,,,,,,,,,,,,
106,12/16/2013,4.0771682596,SX5E2 16,0,,,,,,,,,,,,,,,,,,
110,01/21/2014,4.8338254081,SX5E2 17,0,,,,,,,,,,,,,,,,,,
109,01/13/2014,5.1751962182,SX5E2 18,0,,,,,,,,,,,,,,,,,,
108,01/06/2014,5.8404242764,SX5E2 19,0,,,,,,,,,,,,,,,,,,
110,01/28/2014,6.2750208519,SX5E2 20,0,,,,,,,,,,,,,,,,,,
107,12/30/2013,6.5215996415,SX5E2 21,0,,,,,,,,,,,,,,,,,,
106,12/23/2013,7.2585878271,SX5E2 22,0,,,,,,,,,,,,,,,,,,
109,01/21/2014,7.2623654515,SX5E2 23,0,,,,,,,,,,,,,,,,,,
110,02/04/2014,7.9208321103,SX5E2 24,0,,,,,,,,,,,,,,,,,,
108,01/13/2014,8.0427209954,SX5E2 25,0,,,,,,,,,,,,,,,,,,
105,12/16/2013,8.0949349202,SX5E2 26,0,,,,,,,,,,,,,,,,,,
109,01/28/2014,9.1594298224,SX5E2 27,0,,,,,,,,,,,,,,,,,,
107,01/06/2014,9.3947546732,SX5E2 28,0,,,,,,,,,,,,,,,,,,
110,02/11/2014,9.713177085,SX5E2 29,0,,,,,,,,,,,,,,,,,,
108,01/21/2014,10.8254209194,SX5E2 30,0,,,,,,,,,,,,,,,,,,
106,12/30/2013,10.9702616764,SX5E2 31,0,,,,,,,,,,,,,,,,,,
109,02/04/2014,11.2514845745,SX5E2 32,0,,,,,,,,,,,,,,,,,,
110,02/18/2014,11.641253786,SX5E2 33,0,,,,,,,,,,,,,,,,,,
107,01/13/2014,12.3664301155,SX5E2 34,0,,,,,,,,,,,,,,,,,,
105,12/23/2013,12.9613368094,SX5E2 35,0,,,,,,,,,,,,,,,,,,
108,01/28/2014,13.2387244745,SX5E2 36,0,,,,,,,,,,,,,,,,,,
109,02/11/2014,13.455720743,SX5E2 37,0,,,,,,,,,,,,,,,,,,
106,01/06/2014,14.8826116031,SX5E2 38,0,,,,,,,,,,,,,,,,,,
104,12/16/2013,15.6931254431,SX5E2 39,0,,,,,,,,,,,,,,,,,,
109,02/18/2014,15.7579050155,SX5E2 40,0,,,,,,,,,,,,,,,,,,
108,02/04/2014,15.8025357712,SX5E2 41,0,,,,,,,,,,,,,,,,,,
107,01/21/2014,15.9159865714,SX5E2 42,0,,,,,,,,,,,,,,,,,,
105,12/30/2013,18.0533190083,SX5E2 43,0,,,,,,,,,,,,,,,,,,
108,02/11/2014,18.4155330598,SX5E2 44,0,,,,,,,,,,,,,,,,,,
106,01/13/2014,18.6681329196,SX5E2 45,0,,,,,,,,,,,,,,,,,,
107,01/28/2014,18.8495270846,SX5E2 46,0,,,,,,,,,,,,,,,,,,
108,02/18/2014,21.0644036872,SX5E2 47,0,,,,,,,,,,,,,,,,,,
107,02/04/2014,21.8500107126,SX5E2 48,0,,,,,,,,,,,,,,,,,,
104,12/23/2013,22.3988741497,SX5E2 49,0,,,,,,,,,,,,,,,,,,
106,01/21/2014,22.935823332,SX5E2 50,0,,,,,,,,,,,,,,,,,,
105,01/06/2014,22.9828660813,SX5E2 51,0,,,,,,,,,,,,,,,,,,
107,02/11/2014,24.8082129819,SX5E2 52,0,,,,,,,,,,,,,,,,,,
106,01/28/2014,26.2985144353,SX5E2 53,0,,,,,,,,,,,,,,,,,,
105,01/13/2014,27.4421103696,SX5E2 54,0,,,,,,,,,,,,,,,,,,
107,02/18/2014,27.720683036,SX5E2 55,0,,,,,,,,,,,,,,,,,,
104,12/30/2013,28.6646738689,SX5E2 56,0,,,,,,,,,,,,,,,,,,
103,12/16/2013,28.8703953026,SX5E2 57,0,,,,,,,,,,,,,,,,,,
106,02/04/2014,29.6123388614,SX5E2 58,0,,,,,,,,,,,,,,,,,,
105,01/21/2014,32.192828346,SX5E2 59,0,,,,,,,,,,,,,,,,,,
106,02/11/2014,32.7770685207,SX5E2 60,0,,,,,,,,,,,,,,,,,,
104,01/06/2014,34.2393022698,SX5E2 61,0,,,,,,,,,,,,,,,,,,
105,01/28/2014,35.77064923,SX5E2 62,0,,,,,,,,,,,,,,,,,,
106,02/18/2014,35.8088012761,SX5E2 63,0,,,,,,,,,,,,,,,,,,
103,12/23/2013,36.7188328739,SX5E2 64,0,,,,,,,,,,,,,,,,,,
104,01/13/2014,38.9721069849,SX5E2 65,0,,,,,,,,,,,,,,,,,,
105,02/04/2014,39.1751089362,SX5E2 66,0,,,,,,,,,,,,,,,,,,
105,02/11/2014,42.3332704903,SX5E2 67,0,,,,,,,,,,,,,,,,,,
103,12/30/2013,43.3069000519,SX5E2 68,0,,,,,,,,,,,,,,,,,,
104,01/21/2014,43.756820903,SX5E2 69,0,,,,,,,,,,,,,,,,,,
105,02/18/2014,45.2815537818,SX5E2 70,0,,,,,,,,,,,,,,,,,,
104,01/28/2014,47.2174371417,SX5E2 71,0,,,,,,,,,,,,,,,,,,
103,01/06/2014,48.7364616401,SX5E2 72,0,,,,,,,,,,,,,,,,,,
102,12/16/2013,48.8969510832,SX5E2 73,0,,,,,,,,,,,,,,,,,,
104,02/04/2014,50.4092894362,SX5E2 74,0,,,,,,,,,,,,,,,,,,
103,01/13/2014,53.0964942278,SX5E2 75,0,,,,,,,,,,,,,,,,,,
104,02/11/2014,53.2928008612,SX5E2 76,0,,,,,,,,,,,,,,,,,,
104,02/18/2014,55.9282389785,SX5E2 77,0,,,,,,,,,,,,,,,,,,
102,12/23/2013,56.0317281313,SX5E2 78,0,,,,,,,,,,,,,,,,,,
103,01/21/2014,57.312010636,SX5E2 79,0,,,,,,,,,,,,,,,,,,
103,01/28/2014,60.259689201,SX5E2 80,0,,,,,,,,,,,,,,,,,,
102,12/30/2013,61.5100118337,SX5E2 81,0,,,,,,,,,,,,,,,,,,
103,02/04/2014,62.9070972064,SX5E2 82,0,,,,,,,,,,,,,,,,,,
103,02/11/2014,65.2474084674,SX5E2 83,0,,,,,,,,,,,,,,,,,,
102,01/06/2014,65.7538437326,SX5E2 84,0,,,,,,,,,,,,,,,,,,
103,02/18/2014,67.3470539939,SX5E2 85,0,,,,,,,,,,,,,,,,,,
102,01/13/2014,69.0189828137,SX5E2 86,0,,,,,,,,,,,,,,,,,,
102,01/21/2014,72.0652405473,SX5E2 87,0,,,,,,,,,,,,,,,,,,
102,01/28/2014,74.1436782597,SX5E2 88,0,,,,,,,,,,,,,,,,,,
101,12/16/2013,74.3518064501,SX5E2 89,0,,,,,,,,,,,,,,,,,,
102,02/04/2014,75.9715651067,SX5E2 90,0,,,,,,,,,,,,,,,,,,
102,02/11/2014,77.5609423972,SX5E2 91,0,,,,,,,,,,,,,,,,,,
101,12/23/2013,78.4611309244,SX5E2 92,0,,,,,,,,,,,,,,,,,,
102,02/18/2014,78.9659219857,SX5E2 93,0,,,,,,,,,,,,,,,,,,
101,12/30/2013,81.4296062953,SX5E2 94,0,,,,,,,,,,,,,,,,,,
101,01/06/2014,83.6363444256,SX5E2 95,0,,,,,,,,,,,,,,,,,,
101,01/13/2014,85.2854102966,SX5E2 96,0,,,,,,,,,,,,,,,,,,
101,01/21/2014,86.7903104332,SX5E2 97,0,,,,,,,,,,,,,,,,,,
101,01/28/2014,87.8015136875,SX5E2 98,0,,,,,,,,,,,,,,,,,,
101,02/04/2014,88.682139543,SX5E2 99,0,,,,,,,,,,,,,,,,,,
101,02/11/2014,89.438582517,SX5E2 100,0,,,,,,,,,,,,,,,,,,
101,02/18/2014,90.1004468154,SX5E2 101,0,,,,,,,,,,,,,,,,,,
85,02/18/2014,8.5585859299,SX5E2 102,0,,,,,,,,,,,,,,,,,,
85,02/25/2014,9.7412443181,SX5E2 103,0,,,,,,,,,,,,,,,,,,
86,02/18/2014,10.0893569607,SX5E2 104,0,,,,,,,,,,,,,,,,,,
85,03/04/2014,10.9288875324,SX5E2 105,0,,,,,,,,,,,,,,,,,,
86,02/25/2014,11.3976760592,SX5E2 106,0,,,,,,,,,,,,,,,,,,
87,02/18/2014,11.9067524584,SX5E2 107,0,,,,,,,,,,,,,,,,,,
85,03/11/2014,12.1093978385,SX5E2 108,0,,,,,,,,,,,,,,,,,,
86,03/04/2014,12.7031997579,SX5E2 109,0,,,,,,,,,,,,,,,,,,
87,02/25/2014,13.3507313627,SX5E2 110,0,,,,,,,,,,,,,,,,,,
85,03/18/2014,13.3778817495,SX5E2 111,0,,,,,,,,,,,,,,,,,,
86,03/11/2014,13.9927969263,SX5E2 112,0,,,,,,,,,,,,,,,,,,
88,02/18/2014,14.0753390595,SX5E2 113,0,,,,,,,,,,,,,,,,,,
85,03/25/2014,14.442321954,SX5E2 114,0,,,,,,,,,,,,,,,,,,
87,03/04/2014,14.7817216439,SX5E2 115,0,,,,,,,,,,,,,,,,,,
86,03/18/2014,15.364252227,SX5E2 116,0,,,,,,,,,,,,,,,,,,
85,04/01/2014,15.5733610422,SX5E2 117,0,,,,,,,,,,,,,,,,,,
88,02/25/2014,15.662721483,SX5E2 118,0,,,,,,,,,,,,,,,,,,
87,03/11/2014,16.1862090705,SX5E2 119,0,,,,,,,,,,,,,,,,,,
86,03/25/2014,16.5105044894,SX5E2 120,0,,,,,,,,,,,,,,,,,,
89,02/18/2014,16.6734662207,SX5E2 121,0,,,,,,,,,,,,,,,,,,
85,04/08/2014,16.698055665,SX5E2 122,0,,,,,,,,,,,,,,,,,,
88,03/04/2014,17.2243015226,SX5E2 123,0,,,,,,,,,,,,,,,,,,
87,03/18/2014,17.6617759075,SX5E2 124,0,,,,,,,,,,,,,,,,,,
86,04/01/2014,17.7286155724,SX5E2 125,0,,,,,,,,,,,,,,,,,,
85,04/15/2014,17.8536204584,SX5E2 126,0,,,,,,,,,,,,,,,,,,
89,02/25/2014,18.4095110445,SX5E2 127,0,,,,,,,,,,,,,,,,,,
88,03/11/2014,18.7464142098,SX5E2 128,0,,,,,,,,,,,,,,,,,,
87,03/25/2014,18.8909023507,SX5E2 129,0,,,,,,,,,,,,,,,,,,
86,04/08/2014,18.9288069573,SX5E2 130,0,,,,,,,,,,,,,,,,,,
85,04/22/2014,19.0812378602,SX5E2 131,0,,,,,,,,,,,,,,,,,,
90,02/18/2014,19.7944778889,SX5E2 132,0,,,,,,,,,,,,,,,,,,
89,03/04/2014,20.1031024826,SX5E2 133,0,,,,,,,,,,,,,,,,,,
86,04/15/2014,20.1596426577,SX5E2 134,0,,,,,,,,,,,,,,,,,,
87,04/01/2014,20.1986081585,SX5E2 135,0,,,,,,,,,,,,,,,,,,
88,03/18/2014,20.3266053152,SX5E2 136,0,,,,,,,,,,,,,,,,,,
86,04/22/2014,21.4565539448,SX5E2 137,0,,,,,,,,,,,,,,,,,,
87,04/08/2014,21.4739104173,SX5E2 138,0,,,,,,,,,,,,,,,,,,
88,03/25/2014,21.6379002424,SX5E2 139,0,,,,,,,,,,,,,,,,,,
90,02/25/2014,21.6777826338,SX5E2 140,0,,,,,,,,,,,,,,,,,,
89,03/11/2014,21.7416846815,SX5E2 141,0,,,,,,,,,,,,,,,,,,
87,04/15/2014,22.7756844591,SX5E2 142,0,,,,,,,,,,,,,,,,,,
88,04/01/2014,23.0313610769,SX5E2 143,0,,,,,,,,,,,,,,,,,,
89,03/18/2014,23.4204143277,SX5E2 144,0,,,,,,,,,,,,,,,,,,
90,03/04/2014,23.4985541959,SX5E2 145,0,,,,,,,,,,,,,,,,,,
91,02/18/2014,23.5468194824,SX5E2 146,0,,,,,,,,,,,,,,,,,,
87,04/22/2014,24.1402110417,SX5E2 147,0,,,,,,,,,,,,,,,,,,
88,04/08/2014,24.3771093861,SX5E2 148,0,,,,,,,,,,,,,,,,,,
89,03/25/2014,24.8083895892,SX5E2 149,0,,,,,,,,,,,,,,,,,,
90,03/11/2014,25.2462134042,SX5E2 150,0,,,,,,,,,,,,,,,,,,
91,02/25/2014,25.5666769773,SX5E2 151,0,,,,,,,,,,,,,,,,,,
88,04/15/2014,25.7464677121,SX5E2 152,0,,,,,,,,,,,,,,,,,,
89,04/01/2014,26.2822457272,SX5E2 153,0,,,,,,,,,,,,,,,,,,
90,03/18/2014,27.0106155815,SX5E2 154,0,,,,,,,,,,,,,,,,,,
88,04/22/2014,27.1704504479,SX5E2 155,0,,,,,,,,,,,,,,,,,,
91,03/04/2014,27.500649016,SX5E2 156,0,,,,,,,,,,,,,,,,,,
89,04/08/2014,27.6904427309,SX5E2 157,0,,,,,,,,,,,,,,,,,,
92,02/18/2014,28.0520898215,SX5E2 158,0,,,,,,,,,,,,,,,,,,
90,03/25/2014,28.4675006579,SX5E2 159,0,,,,,,,,,,,,,,,,,,
89,04/15/2014,29.1188721676,SX5E2 160,0,,,,,,,,,,,,,,,,,,
91,03/11/2014,29.3400293136,SX5E2 161,0,,,,,,,,,,,,,,,,,,
90,04/01/2014,30.0080198063,SX5E2 162,0,,,,,,,,,,,,,,,,,,
92,02/25/2014,30.1842861539,SX5E2 163,0,,,,,,,,,,,,,,,,,,
89,04/22/2014,30.5913535208,SX5E2 164,0,,,,,,,,,,,,,,,,,,
91,03/18/2014,31.1717952952,SX5E2 165,0,,,,,,,,,,,,,,,,,,
90,04/08/2014,31.4672510089,SX5E2 166,0,,,,,,,,,,,,,,,,,,
92,03/04/2014,32.204133075,SX5E2 167,0,,,,,,,,,,,,,,,,,,
91,03/25/2014,32.6808584464,SX5E2 168,0,,,,,,,,,,,,,,,,,,
90,04/15/2014,32.9400372114,SX5E2 169,0,,,,,,,,,,,,,,,,,,
93,02/18/2014,33.4396020948,SX5E2 170,0,,,,,,,,,,,,,,,,,,
92,03/11/2014,34.1090468848,SX5E2 171,0,,,,,,,,,,,,,,,,,,
91,04/01/2014,34.2692787439,SX5E2 172,0,,,,,,,,,,,,,,,,,,
90,04/22/2014,34.44681483,SX5E2 173,0,,,,,,,,,,,,,,,,,,
93,02/25/2014,35.6412585153,SX5E2 174,0,,,,,,,,,,,,,,,,,,
91,04/08/2014,35.7598953464,SX5E2 175,0,,,,,,,,,,,,,,,,,,
92,03/18/2014,35.9772179885,SX5E2 176,0,,,,,,,,,,,,,,,,,,
91,04/15/2014,37.2588995108,SX5E2 177,0,,,,,,,,,,,,,,,,,,
92,03/25/2014,37.5157565078,SX5E2 178,0,,,,,,,,,,,,,,,,,,
93,03/04/2014,37.7059842141,SX5E2 179,0,,,,,,,,,,,,,,,,,,
91,04/22/2014,38.7774228765,SX5E2 180,0,,,,,,,,,,,,,,,,,,
92,04/01/2014,39.1229690119,SX5E2 181,0,,,,,,,,,,,,,,,,,,
93,03/11/2014,39.6340502151,SX5E2 182,0,,,,,,,,,,,,,,,,,,
94,02/18/2014,39.8354583102,SX5E2 183,0,,,,,,,,,,,,,,,,,,
92,04/08/2014,40.6206142165,SX5E2 184,0,,,,,,,,,,,,,,,,,,
93,03/18/2014,41.4975384067,SX5E2 185,0,,,,,,,,,,,,,,,,,,
94,02/25/2014,42.043497407,SX5E2 186,0,,,,,,,,,,,,,,,,,,
92,04/15/2014,42.1179671398,SX5E2 187,0,,,,,,,,,,,,,,,,,,
93,03/25/2014,43.0323890284,SX5E2 188,0,,,,,,,,,,,,,,,,,,
92,04/22/2014,43.6229261823,SX5E2 189,0,,,,,,,,,,,,,,,,,,
94,03/04/2014,44.0920888372,SX5E2 190,0,,,,,,,,,,,,,,,,,,
93,04/01/2014,44.6211189922,SX5E2 191,0,,,,,,,,,,,,,,,,,,
94,03/11/2014,45.98588547,SX5E2 192,0,,,,,,,,,,,,,,,,,,
93,04/08/2014,46.091026257,SX5E2 193,0,,,,,,,,,,,,,,,,,,
93,04/15/2014,47.5554368473,SX5E2 194,0,,,,,,,,,,,,,,,,,,
94,03/18/2014,47.790227996,SX5E2 195,0,,,,,,,,,,,,,,,,,,
93,04/22/2014,49.0128311984,SX5E2 196,0,,,,,,,,,,,,,,,,,,
94,03/25/2014,49.2784118607,SX5E2 197,0,,,,,,,,,,,,,,,,,,
94,04/01/2014,50.8003922604,SX5E2 198,0,,,,,,,,,,,,,,,,,,
94,04/08/2014,52.2032756642,SX5E2 199,0,,,,,,,,,,,,,,,,,,
94,04/15/2014,53.5933240419,SX5E2 200,0,,,,,,,,,,,,,,,,,,
94,04/22/2014,54.9647425321,SX5E2 201,0,,,,,,,,,,,,,,,,,,
95,11/29/2013,0.0370155604,SX5E2 202,0,,,,,,,,,,,,,,,,,,
95.5,11/29/2013,0.092418451,SX5E2 203,0,,,,,,,,,,,,,,,,,,
96,11/29/2013,0.232031096,SX5E2 204,0,,,,,,,,,,,,,,,,,,
96.5,11/29/2013,0.583568113,SX5E2 205,0,,,,,,,,,,,,,,,,,,
95,12/02/2013,0.9950191882,SX5E2 206,0,,,,,,,,,,,,,,,,,,
97,11/29/2013,1.4574764672,SX5E2 207,0,,,,,,,,,,,,,,,,,,
95,12/03/2013,1.6365679942,SX5E2 208,0,,,,,,,,,,,,,,,,,,
95.5,12/02/2013,1.6606923425,SX5E2 209,0,,,,,,,,,,,,,,,,,,
95,12/04/2013,2.3778863929,SX5E2 210,0,,,,,,,,,,,,,,,,,,
95.5,12/03/2013,2.5709138122,SX5E2 211,0,,,,,,,,,,,,,,,,,,
96,12/02/2013,2.7831680723,SX5E2 212,0,,,,,,,,,,,,,,,,,,
95,12/05/2013,3.1695077336,SX5E2 213,0,,,,,,,,,,,,,,,,,,
97.5,11/29/2013,3.5609289432,SX5E2 214,0,,,,,,,,,,,,,,,,,,
95.5,12/04/2013,3.5717957856,SX5E2 215,0,,,,,,,,,,,,,,,,,,
95,12/06/2013,4.0406624664,SX5E2 216,0,,,,,,,,,,,,,,,,,,
96,12/03/2013,4.0564064463,SX5E2 217,0,,,,,,,,,,,,,,,,,,
95.5,12/05/2013,4.6059982103,SX5E2 218,0,,,,,,,,,,,,,,,,,,
96.5,12/02/2013,4.6780220843,SX5E2 219,0,,,,,,,,,,,,,,,,,,
96,12/04/2013,5.3910808394,SX5E2 220,0,,,,,,,,,,,,,,,,,,
95.5,12/06/2013,5.7145501391,SX5E2 221,0,,,,,,,,,,,,,,,,,,
96.5,12/03/2013,6.4222627531,SX5E2 222,0,,,,,,,,,,,,,,,,,,
95,12/09/2013,6.6542725503,SX5E2 223,0,,,,,,,,,,,,,,,,,,
96,12/05/2013,6.7273734234,SX5E2 224,0,,,,,,,,,,,,,,,,,,
95,12/10/2013,7.547582373,SX5E2 225,0,,,,,,,,,,,,,,,,,,
97,12/02/2013,7.8558170758,SX5E2 226,0,,,,,,,,,,,,,,,,,,
96,12/06/2013,8.1223761405,SX5E2 227,0,,,,,,,,,,,,,,,,,,
96.5,12/04/2013,8.1679932967,SX5E2 228,0,,,,,,,,,,,,,,,,,,
98,11/29/2013,8.3362023501,SX5E2 229,0,,,,,,,,,,,,,,,,,,
95,12/11/2013,8.440572679,SX5E2 230,0,,,,,,,,,,,,,,,,,,
95.5,12/09/2013,8.9392766242,SX5E2 231,0,,,,,,,,,,,,,,,,,,
95,12/12/2013,9.331759795,SX5E2 232,0,,,,,,,,,,,,,,,,,,
96.5,12/05/2013,9.8634386657,SX5E2 233,0,,,,,,,,,,,,,,,,,,
95.5,12/10/2013,10.0094145872,SX5E2 234,0,,,,,,,,,,,,,,,,,,
97,12/03/2013,10.169372964,SX5E2 235,0,,,,,,,,,,,,,,,,,,
95.5,12/11/2013,11.0666117324,SX5E2 236,0,,,,,,,,,,,,,,,,,,
96.5,12/06/2013,11.585940133,SX5E2 237,0,,,,,,,,,,,,,,,,,,
96,12/09/2013,12.0549335892,SX5E2 238,0,,,,,,,,,,,,,,,,,,
95.5,12/12/2013,12.1096214291,SX5E2 239,0,,,,,,,,,,,,,,,,,,
97,12/04/2013,12.3841535574,SX5E2 240,0,,,,,,,,,,,,,,,,,,
97.5,12/02/2013,13.0904267582,SX5E2 241,0,,,,,,,,,,,,,,,,,,
96,12/10/2013,13.3188335664,SX5E2 242,0,,,,,,,,,,,,,,,,,,
97,12/05/2013,14.4732755136,SX5E2 243,0,,,,,,,,,,,,,,,,,,
96,12/11/2013,14.5522812101,SX5E2 244,0,,,,,,,,,,,,,,,,,,
96,12/12/2013,15.7551919003,SX5E2 245,0,,,,,,,,,,,,,,,,,,
97.5,12/03/2013,16.0107205896,SX5E2 246,0,,,,,,,,,,,,,,,,,,
96.5,12/09/2013,16.2894823218,SX5E2 247,0,,,,,,,,,,,,,,,,,,
97,12/06/2013,16.5374523384,SX5E2 248,0,,,,,,,,,,,,,,,,,,
96.5,12/10/2013,17.751261833,SX5E2 249,0,,,,,,,,,,,,,,,,,,
98.5,11/29/2013,18.2393301805,SX5E2 250,0,,,,,,,,,,,,,,,,,,
97.5,12/04/2013,18.6920513467,SX5E2 251,0,,,,,,,,,,,,,,,,,,
96.5,12/11/2013,19.1590692354,SX5E2 252,0,,,,,,,,,,,,,,,,,,
96.5,12/12/2013,20.5146289219,SX5E2 253,0,,,,,,,,,,,,,,,,,,
97.5,12/05/2013,21.1509079775,SX5E2 254,0,,,,,,,,,,,,,,,,,,
98,12/02/2013,21.4311642029,SX5E2 255,0,,,,,,,,,,,,,,,,,,
97,12/09/2013,21.9959139376,SX5E2 256,0,,,,,,,,,,,,,,,,,,
97.5,12/06/2013,23.5132139416,SX5E2 257,0,,,,,,,,,,,,,,,,,,
97,12/10/2013,23.632911178,SX5E2 258,0,,,,,,,,,,,,,,,,,,
98,12/03/2013,24.8506439717,SX5E2 259,0,,,,,,,,,,,,,,,,,,
97,12/11/2013,25.1887708179,SX5E2 260,0,,,,,,,,,,,,,,,,,,
97,12/12/2013,26.6678848672,SX5E2 261,0,,,,,,,,,,,,,,,,,,
98,12/04/2013,27.8725724963,SX5E2 262,0,,,,,,,,,,,,,,,,,,
97.5,12/09/2013,29.5652045313,SX5E2 263,0,,,,,,,,,,,,,,,,,,
98,12/05/2013,30.5708576683,SX5E2 264,0,,,,,,,,,,,,,,,,,,
97.5,12/10/2013,31.3159439686,SX5E2 265,0,,,,,,,,,,,,,,,,,,
97.5,12/11/2013,32.9573993084,SX5E2 266,0,,,,,,,,,,,,,,,,,,
98,12/06/2013,33.09365656,SX5E2 267,0,,,,,,,,,,,,,,,,,,
98.5,12/02/2013,34.0446998149,SX5E2 268,0,,,,,,,,,,,,,,,,,,
97.5,12/12/2013,34.4985403581,SX5E2 269,0,,,,,,,,,,,,,,,,,,
99,11/29/2013,36.3333826451,SX5E2 270,0,,,,,,,,,,,,,,,,,,
98.5,12/03/2013,37.614603294,SX5E2 271,0,,,,,,,,,,,,,,,,,,
98,12/09/2013,39.3642818626,SX5E2 272,0,,,,,,,,,,,,,,,,,,
98.5,12/04/2013,40.6665079624,SX5E2 273,0,,,,,,,,,,,,,,,,,,
98,12/10/2013,41.1146871088,SX5E2 274,0,,,,,,,,,,,,,,,,,,
98,12/11/2013,42.7350005877,SX5E2 275,0,,,,,,,,,,,,,,,,,,
98.5,12/05/2013,43.3268272643,SX5E2 276,0,,,,,,,,,,,,,,,,,,
98,12/12/2013,44.2378457326,SX5E2 277,0,,,,,,,,,,,,,,,,,,
98.5,12/06/2013,45.7517308227,SX5E2 278,0,,,,,,,,,,,,,,,,,,
98.5,12/09/2013,51.6161997767,SX5E2 279,0,,,,,,,,,,,,,,,,,,
99,12/02/2013,51.7627390511,SX5E2 280,0,,,,,,,,,,,,,,,,,,
98.5,12/10/2013,53.1996234858,SX5E2 281,0,,,,,,,,,,,,,,,,,,
98.5,12/11/2013,54.6485540055,SX5E2 282,0,,,,,,,,,,,,,,,,,,
99,12/03/2013,54.8587016997,SX5E2 283,0,,,,,,,,,,,,,,,,,,
98.5,12/12/2013,55.9777372932,SX5E2 284,0,,,,,,,,,,,,,,,,,,
99,12/04/2013,57.436248303,SX5E2 285,0,,,,,,,,,,,,,,,,,,
99,12/05/2013,59.6380902813,SX5E2 286,0,,,,,,,,,,,,,,,,,,
99,12/06/2013,61.6008795283,SX5E2 287,0,,,,,,,,,,,,,,,,,,
99.5,11/29/2013,64.3915053193,SX5E2 288,0,,,,,,,,,,,,,,,,,,
99,12/09/2013,66.240780711,SX5E2 289,0,,,,,,,,,,,,,,,,,,
99,12/10/2013,67.4580746506,SX5E2 290,0,,,,,,,,,,,,,,,,,,
99,12/11/2013,68.560669443,SX5E2 291,0,,,,,,,,,,,,,,,,,,
99,12/12/2013,69.5631725377,SX5E2 292,0,,,,,,,,,,,,,,,,,,
99.5,12/02/2013,74.3678847159,SX5E2 293,0,,,,,,,,,,,,,,,,,,
99.5,12/03/2013,76.2174992483,SX5E2 294,0,,,,,,,,,,,,,,,,,,
99.5,12/04/2013,77.7296619478,SX5E2 295,0,,,,,,,,,,,,,,,,,,
99.5,12/05/2013,79.0025251046,SX5E2 296,0,,,,,,,,,,,,,,,,,,
99.5,12/06/2013,80.1170801413,SX5E2 297,0,,,,,,,,,,,,,,,,,,
99.5,12/09/2013,82.7082054342,SX5E2 298,0,,,,,,,,,,,,,,,,,,
99.5,12/10/2013,83.3761278438,SX5E2 299,0,,,,,,,,,,,,,,,,,,
99.5,12/11/2013,83.9734037832,SX5E2 300,0,,,,,,,,,,,,,,,,,,
99.5,12/12/2013,84.5126298306,SX5E2 301,0,,,,,,,,,,,,,,,,,,
90,12/16/2013,1.5499600101,SX5E2 302,0,,,,,,,,,,,,,,,,,,
91,12/16/2013,2.3384448058,SX5E2 303,0,,,,,,,,,,,,,,,,,,
90,12/23/2013,3.1721557179,SX5E2 304,0,,,,,,,,,,,,,,,,,,
92,12/16/2013,3.5304122765,SX5E2 305,0,,,,,,,,,,,,,,,,,,
91,12/23/2013,4.4535459141,SX5E2 306,0,,,,,,,,,,,,,,,,,,
90,12/30/2013,5.060116632,SX5E2 307,0,,,,,,,,,,,,,,,,,,
93,12/16/2013,5.370891335,SX5E2 308,0,,,,,,,,,,,,,,,,,,
92,12/23/2013,6.2898032855,SX5E2 309,0,,,,,,,,,,,,,,,,,,
91,12/30/2013,6.8023427698,SX5E2 310,0,,,,,,,,,,,,,,,,,,
90,01/06/2014,7.0765369843,SX5E2 311,0,,,,,,,,,,,,,,,,,,
94,12/16/2013,8.2732047748,SX5E2 312,0,,,,,,,,,,,,,,,,,,
93,12/23/2013,8.9637778974,SX5E2 313,0,,,,,,,,,,,,,,,,,,
90,01/13/2014,9.1850982159,SX5E2 314,0,,,,,,,,,,,,,,,,,,
92,12/30/2013,9.2051589407,SX5E2 315,0,,,,,,,,,,,,,,,,,,
91,01/06/2014,9.2296797836,SX5E2 316,0,,,,,,,,,,,,,,,,,,
90,01/21/2014,11.5929905474,SX5E2 317,0,,,,,,,,,,,,,,,,,,
91,01/13/2014,11.7066463621,SX5E2 318,0,,,,,,,,,,,,,,,,,,
92,01/06/2014,12.1120664328,SX5E2 319,0,,,,,,,,,,,,,,,,,,
93,12/30/2013,12.5559626783,SX5E2 320,0,,,,,,,,,,,,,,,,,,
94,12/23/2013,12.905669566,SX5E2 321,0,,,,,,,,,,,,,,,,,,
95,12/16/2013,12.9173528045,SX5E2 322,0,,,,,,,,,,,,,,,,,,
90,01/28/2014,13.7435508436,SX5E2 323,0,,,,,,,,,,,,,,,,,,
91,01/21/2014,14.4725813281,SX5E2 324,0,,,,,,,,,,,,,,,,,,
92,01/13/2014,14.9996878272,SX5E2 325,0,,,,,,,,,,,,,,,,,,
90,02/04/2014,15.8242009051,SX5E2 326,0,,,,,,,,,,,,,,,,,,
93,01/06/2014,15.9969848014,SX5E2 327,0,,,,,,,,,,,,,,,,,,
91,01/28/2014,16.9032059795,SX5E2 328,0,,,,,,,,,,,,,,,,,,
94,12/30/2013,17.2562610171,SX5E2 329,0,,,,,,,,,,,,,,,,,,
90,02/11/2014,17.8454484541,SX5E2 330,0,,,,,,,,,,,,,,,,,,
92,01/21/2014,18.1450577771,SX5E2 331,0,,,,,,,,,,,,,,,,,,
95,12/23/2013,18.7397734279,SX5E2 332,0,,,,,,,,,,,,,,,,,,
91,02/04/2014,19.2163124804,SX5E2 333,0,,,,,,,,,,,,,,,,,,
93,01/13/2014,19.3149279382,SX5E2 334,0,,,,,,,,,,,,,,,,,,
90,02/18/2014,19.7944778889,SX5E2 335,0,,,,,,,,,,,,,,,,,,
96,12/16/2013,20.357492645,SX5E2 336,0,,,,,,,,,,,,,,,,,,
92,01/28/2014,20.8595847593,SX5E2 337,0,,,,,,,,,,,,,,,,,,
94,01/06/2014,21.2424364514,SX5E2 338,0,,,,,,,,,,,,,,,,,,
91,02/11/2014,21.4341727631,SX5E2 339,0,,,,,,,,,,,,,,,,,,
93,01/21/2014,22.833186446,SX5E2 340,0,,,,,,,,,,,,,,,,,,
92,02/04/2014,23.397819899,SX5E2 341,0,,,,,,,,,,,,,,,,,,
91,02/18/2014,23.5468194824,SX5E2 342,0,,,,,,,,,,,,,,,,,,
95,12/30/2013,23.8366136669,SX5E2 343,0,,,,,,,,,,,,,,,,,,
94,01/13/2014,24.9640201713,SX5E2 344,0,,,,,,,,,,,,,,,,,,
92,02/11/2014,25.7966862861,SX5E2 345,0,,,,,,,,,,,,,,,,,,
93,01/28/2014,25.8096035114,SX5E2 346,0,,,,,,,,,,,,,,,,,,
96,12/23/2013,27.3005660283,SX5E2 347,0,,,,,,,,,,,,,,,,,,
92,02/18/2014,28.0520898215,SX5E2 348,0,,,,,,,,,,,,,,,,,,
95,01/06/2014,28.2871364728,SX5E2 349,0,,,,,,,,,,,,,,,,,,
93,02/04/2014,28.5407636118,SX5E2 350,0,,,,,,,,,,,,,,,,,,
94,01/21/2014,28.7963807421,SX5E2 351,0,,,,,,,,,,,,,,,,,,
93,02/11/2014,31.0824222058,SX5E2 352,0,,,,,,,,,,,,,,,,,,
94,01/28/2014,31.9720971516,SX5E2 353,0,,,,,,,,,,,,,,,,,,
97,12/16/2013,32.0343745824,SX5E2 354,0,,,,,,,,,,,,,,,,,,
95,01/13/2014,32.3030984827,SX5E2 355,0,,,,,,,,,,,,,,,,,,
96,12/30/2013,32.9327736124,SX5E2 356,0,,,,,,,,,,,,,,,,,,
93,02/18/2014,33.4396020948,SX5E2 357,0,,,,,,,,,,,,,,,,,,
94,02/04/2014,34.8280536239,SX5E2 358,0,,,,,,,,,,,,,,,,,,
95,01/21/2014,36.3138124452,SX5E2 359,0,,,,,,,,,,,,,,,,,,
94,02/11/2014,37.4437590696,SX5E2 360,0,,,,,,,,,,,,,,,,,,
96,01/06/2014,37.6111632948,SX5E2 361,0,,,,,,,,,,,,,,,,,,
97,12/23/2013,39.5372349388,SX5E2 362,0,,,,,,,,,,,,,,,,,,
95,01/28/2014,39.5670789133,SX5E2 363,0,,,,,,,,,,,,,,,,,,
94,02/18/2014,39.8354583102,SX5E2 364,0,,,,,,,,,,,,,,,,,,
96,01/13/2014,41.6885773219,SX5E2 365,0,,,,,,,,,,,,,,,,,,
95,02/04/2014,42.433560383,SX5E2 366,0,,,,,,,,,,,,,,,,,,
95,02/11/2014,45.0171506619,SX5E2 367,0,,,,,,,,,,,,,,,,,,
97,12/30/2013,45.1695191004,SX5E2 368,0,,,,,,,,,,,,,,,,,,
96,01/21/2014,45.6387013837,SX5E2 369,0,,,,,,,,,,,,,,,,,,
95,02/18/2014,47.3468730912,SX5E2 370,0,,,,,,,,,,,,,,,,,,
96,01/28/2014,48.7777337573,SX5E2 371,0,,,,,,,,,,,,,,,,,,
98,12/16/2013,49.4184855701,SX5E2 372,0,,,,,,,,,,,,,,,,,,
97,01/06/2014,49.626345705,SX5E2 373,0,,,,,,,,,,,,,,,,,,
96,02/04/2014,51.4876965531,SX5E2 374,0,,,,,,,,,,,,,,,,,,
97,01/13/2014,53.3862496176,SX5E2 375,0,,,,,,,,,,,,,,,,,,
96,02/11/2014,53.8932800794,SX5E2 376,0,,,,,,,,,,,,,,,,,,
96,02/18/2014,56.0337967663,SX5E2 377,0,,,,,,,,,,,,,,,,,,
98,12/23/2013,56.1714574205,SX5E2 378,0,,,,,,,,,,,,,,,,,,
97,01/21/2014,56.9262956597,SX5E2 379,0,,,,,,,,,,,,,,,,,,
97,01/28/2014,59.6868953098,SX5E2 380,0,,,,,,,,,,,,,,,,,,
98,12/30/2013,60.8935471645,SX5E2 381,0,,,,,,,,,,,,,,,,,,
97,02/04/2014,62.0270344109,SX5E2 382,0,,,,,,,,,,,,,,,,,,
97,02/11/2014,64.0757721537,SX5E2 383,0,,,,,,,,,,,,,,,,,,
98,01/06/2014,64.4756483619,SX5E2 384,0,,,,,,,,,,,,,,,,,,
97,02/18/2014,65.8761356124,SX5E2 385,0,,,,,,,,,,,,,,,,,,
98,01/13/2014,67.4161525595,SX5E2 386,0,,,,,,,,,,,,,,,,,,
98,01/21/2014,70.1188737477,SX5E2 387,0,,,,,,,,,,,,,,,,,,
98,01/28/2014,72.1948954991,SX5E2 388,0,,,,,,,,,,,,,,,,,,
99,12/16/2013,72.8829800668,SX5E2 389,0,,,,,,,,,,,,,,,,,,
98,02/04/2014,73.9282822699,SX5E2 390,0,,,,,,,,,,,,,,,,,,
98,02/11/2014,75.4286976972,SX5E2 391,0,,,,,,,,,,,,,,,,,,
98,02/18/2014,76.7348844207,SX5E2 392,0,,,,,,,,,,,,,,,,,,
99,12/23/2013,76.9886059857,SX5E2 393,0,,,,,,,,,,,,,,,,,,
99,12/30/2013,79.7109870749,SX5E2 394,0,,,,,,,,,,,,,,,,,,
99,01/06/2014,81.7140883227,SX5E2 395,0,,,,,,,,,,,,,,,,,,
99,01/13/2014,83.3322022563,SX5E2 396,0,,,,,,,,,,,,,,,,,,
99,01/21/2014,84.7911971683,SX5E2 397,0,,,,,,,,,,,,,,,,,,
99,01/28/2014,85.9016785882,SX5E2 398,0,,,,,,,,,,,,,,,,,,
99,02/04/2014,86.8184762032,SX5E2 399,0,,,,,,,,,,,,,,,,,,
99,02/11/2014,87.606990826,SX5E2 400,0,,,,,,,,,,,,,,,,,,
99,02/18/2014,88.2889510714,SX5E2 401,0,,,,,,,,,,,,,,,,,,
104,11/29/2013,0.0455013887,SX5E2 402,0,,,,,,,,,,,,,,,,,,
104.5,11/29/2013,0.0122401214,SX5E2 403,0,,,,,,,,,,,,,,,,,,
105,11/29/2013,0.0034155577,SX5E2 404,0,,,,,,,,,,,,,,,,,,
103.5,11/29/2013,0.1691043185,SX5E2 405,0,,,,,,,,,,,,,,,,,,
105,12/02/2013,0.2746541747,SX5E2 406,0,,,,,,,,,,,,,,,,,,
105,12/03/2013,0.5406659044,SX5E2 407,0,,,,,,,,,,,,,,,,,,
104.5,12/02/2013,0.5775378426,SX5E2 408,0,,,,,,,,,,,,,,,,,,
103,11/29/2013,0.6062703207,SX5E2 409,0,,,,,,,,,,,,,,,,,,
105,12/04/2013,0.8962747958,SX5E2 410,0,,,,,,,,,,,,,,,,,,
104.5,12/03/2013,1.0408352331,SX5E2 411,0,,,,,,,,,,,,,,,,,,
104,12/02/2013,1.2146415422,SX5E2 412,0,,,,,,,,,,,,,,,,,,
105,12/05/2013,1.3157530244,SX5E2 413,0,,,,,,,,,,,,,,,,,,
104.5,12/04/2013,1.6174475961,SX5E2 414,0,,,,,,,,,,,,,,,,,,
105,12/06/2013,1.8057116892,SX5E2 415,0,,,,,,,,,,,,,,,,,,
104,12/03/2013,2.0008710907,SX5E2 416,0,,,,,,,,,,,,,,,,,,
102.5,11/29/2013,2.0281338611,SX5E2 417,0,,,,,,,,,,,,,,,,,,
104.5,12/05/2013,2.2646692625,SX5E2 418,0,,,,,,,,,,,,,,,,,,
103.5,12/02/2013,2.5270253362,SX5E2 419,0,,,,,,,,,,,,,,,,,,
104,12/04/2013,2.9145514897,SX5E2 420,0,,,,,,,,,,,,,,,,,,
104.5,12/06/2013,2.9900722512,SX5E2 421,0,,,,,,,,,,,,,,,,,,
105,12/09/2013,3.3865867469,SX5E2 422,0,,,,,,,,,,,,,,,,,,
103.5,12/03/2013,3.812562096,SX5E2 423,0,,,,,,,,,,,,,,,,,,
104,12/05/2013,3.8906430749,SX5E2 424,0,,,,,,,,,,,,,,,,,,
105,12/10/2013,3.9935696045,SX5E2 425,0,,,,,,,,,,,,,,,,,,
105,12/11/2013,4.6270391574,SX5E2 426,0,,,,,,,,,,,,,,,,,,
104,12/06/2013,4.9390238547,SX5E2 427,0,,,,,,,,,,,,,,,,,,
103,12/02/2013,5.1390176292,SX5E2 428,0,,,,,,,,,,,,,,,,,,
103.5,12/04/2013,5.204443029,SX5E2 429,0,,,,,,,,,,,,,,,,,,
104.5,12/09/2013,5.2286364039,SX5E2 430,0,,,,,,,,,,,,,,,,,,
105,12/12/2013,5.2827664218,SX5E2 431,0,,,,,,,,,,,,,,,,,,
104.5,12/10/2013,6.0534329287,SX5E2 432,0,,,,,,,,,,,,,,,,,,
102,11/29/2013,6.0931351154,SX5E2 433,0,,,,,,,,,,,,,,,,,,
103.5,12/05/2013,6.6276864968,SX5E2 434,0,,,,,,,,,,,,,,,,,,
104.5,12/11/2013,6.8995538317,SX5E2 435,0,,,,,,,,,,,,,,,,,,
103,12/03/2013,7.1218469191,SX5E2 436,0,,,,,,,,,,,,,,,,,,
104.5,12/12/2013,7.7616886486,SX5E2 437,0,,,,,,,,,,,,,,,,,,
104,12/09/2013,8.0309596772,SX5E2 438,0,,,,,,,,,,,,,,,,,,
103.5,12/06/2013,8.0896796095,SX5E2 439,0,,,,,,,,,,,,,,,,,,
104,12/10/2013,9.1209036971,SX5E2 440,0,,,,,,,,,,,,,,,,,,
103,12/04/2013,9.1279667748,SX5E2 441,0,,,,,,,,,,,,,,,,,,
102.5,12/02/2013,10.060313768,SX5E2 442,0,,,,,,,,,,,,,,,,,,
104,12/11/2013,10.2193303631,SX5E2 443,0,,,,,,,,,,,,,,,,,,
103,12/05/2013,11.0964510233,SX5E2 444,0,,,,,,,,,,,,,,,,,,
104,12/12/2013,11.3193049665,SX5E2 445,0,,,,,,,,,,,,,,,,,,
103.5,12/09/2013,12.2041408255,SX5E2 446,0,,,,,,,,,,,,,,,,,,
102.5,12/03/2013,12.8763886114,SX5E2 447,0,,,,,,,,,,,,,,,,,,
103,12/06/2013,13.0373820533,SX5E2 448,0,,,,,,,,,,,,,,,,,,
103.5,12/10/2013,13.5896256311,SX5E2 449,0,,,,,,,,,,,,,,,,,,
103.5,12/11/2013,14.9594940591,SX5E2 450,0,,,,,,,,,,,,,,,,,,
102.5,12/04/2013,15.5594066758,SX5E2 451,0,,,,,,,,,,,,,,,,,,
101.5,11/29/2013,15.8956060626,SX5E2 452,0,,,,,,,,,,,,,,,,,,
103.5,12/12/2013,16.3079278189,SX5E2 453,0,,,,,,,,,,,,,,,,,,
102.5,12/05/2013,18.0852765853,SX5E2 454,0,,,,,,,,,,,,,,,,,,
103,12/09/2013,18.2328201682,SX5E2 455,0,,,,,,,,,,,,,,,,,,
102,12/02/2013,18.6596475617,SX5E2 456,0,,,,,,,,,,,,,,,,,,
103,12/10/2013,19.904461476,SX5E2 457,0,,,,,,,,,,,,,,,,,,
102.5,12/06/2013,20.4848094292,SX5E2 458,0,,,,,,,,,,,,,,,,,,
103,12/11/2013,21.5248920046,SX5E2 459,0,,,,,,,,,,,,,,,,,,
102,12/03/2013,22.2365930251,SX5E2 460,0,,,,,,,,,,,,,,,,,,
103,12/12/2013,23.0927748488,SX5E2 461,0,,,,,,,,,,,,,,,,,,
102,12/04/2013,25.4643569101,SX5E2 462,0,,,,,,,,,,,,,,,,,,
102.5,12/09/2013,26.5982249443,SX5E2 463,0,,,,,,,,,,,,,,,,,,
102,12/05/2013,28.3961885807,SX5E2 464,0,,,,,,,,,,,,,,,,,,
102.5,12/10/2013,28.4792116347,SX5E2 465,0,,,,,,,,,,,,,,,,,,
102.5,12/11/2013,30.2690733578,SX5E2 466,0,,,,,,,,,,,,,,,,,,
102,12/06/2013,31.0868012823,SX5E2 467,0,,,,,,,,,,,,,,,,,,
102.5,12/12/2013,31.9714038453,SX5E2 468,0,,,,,,,,,,,,,,,,,,
101.5,12/02/2013,32.3074129723,SX5E2 469,0,,,,,,,,,,,,,,,,,,
101,11/29/2013,35.0997851849,SX5E2 470,0,,,,,,,,,,,,,,,,,,
101.5,12/03/2013,36.2024218421,SX5E2 471,0,,,,,,,,,,,,,,,,,,
102,12/09/2013,37.6310147245,SX5E2 472,0,,,,,,,,,,,,,,,,,,
102,12/10/2013,39.5618860788,SX5E2 473,0,,,,,,,,,,,,,,,,,,
101.5,12/04/2013,39.5621651008,SX5E2 474,0,,,,,,,,,,,,,,,,,,
102,12/11/2013,41.3686103141,SX5E2 475,0,,,,,,,,,,,,,,,,,,
101.5,12/05/2013,42.5231895552,SX5E2 476,0,,,,,,,,,,,,,,,,,,
102,12/12/2013,43.0596308542,SX5E2 477,0,,,,,,,,,,,,,,,,,,
101.5,12/06/2013,45.1607572735,SX5E2 478,0,,,,,,,,,,,,,,,,,,
101.5,12/09/2013,51.3149549689,SX5E2 479,0,,,,,,,,,,,,,,,,,,
101,12/02/2013,51.5568034019,SX5E2 480,0,,,,,,,,,,,,,,,,,,
101.5,12/10/2013,53.066025234,SX5E2 481,0,,,,,,,,,,,,,,,,,,
101.5,12/11/2013,54.6805410223,SX5E2 482,0,,,,,,,,,,,,,,,,,,
101,12/03/2013,54.9500665458,SX5E2 483,0,,,,,,,,,,,,,,,,,,
101.5,12/12/2013,56.1705778552,SX5E2 484,0,,,,,,,,,,,,,,,,,,
101,12/04/2013,57.7802760861,SX5E2 485,0,,,,,,,,,,,,,,,,,,
101,12/05/2013,60.2144998819,SX5E2 486,0,,,,,,,,,,,,,,,,,,
101,12/06/2013,62.3344810134,SX5E2 487,0,,,,,,,,,,,,,,,,,,
100.5,11/29/2013,64.7356355934,SX5E2 488,0,,,,,,,,,,,,,,,,,,
101,12/09/2013,67.1091718208,SX5E2 489,0,,,,,,,,,,,,,,,,,,
101,12/10/2013,68.4287631334,SX5E2 490,0,,,,,,,,,,,,,,,,,,
101,12/11/2013,69.6302205776,SX5E2 491,0,,,,,,,,,,,,,,,,,,
101,12/12/2013,70.7286514917,SX5E2 492,0,,,,,,,,,,,,,,,,,,
100.5,12/02/2013,75.1929487587,SX5E2 493,0,,,,,,,,,,,,,,,,,,
100.5,12/03/2013,77.1670452762,SX5E2 494,0,,,,,,,,,,,,,,,,,,
100.5,12/04/2013,78.7781937077,SX5E2 495,0,,,,,,,,,,,,,,,,,,
100.5,12/05/2013,80.1394434812,SX5E2 496,0,,,,,,,,,,,,,,,,,,
100.5,12/06/2013,81.3088869088,SX5E2 497,0,,,,,,,,,,,,,,,,,,
100.5,12/09/2013,83.8676505529,SX5E2 498,0,,,,,,,,,,,,,,,,,,
100.5,12/10/2013,84.561086304,SX5E2 499,0,,,,,,,,,,,,,,,,,,
100.5,12/11/2013,85.1869988013,SX5E2 500,0,,,,,,,,,,,,,,,,,,
100.5,12/12/2013,85.7550406617,SX5E2 501,0,,,,,,,,,,,,,,,,,,
119,02/18/2014,0.66402288,SX5E2 502,0,,,,,,,,,,,,,,,,,,
119,02/25/2014,0.8977320925,SX5E2 503,0,,,,,,,,,,,,,,,,,,
119,03/04/2014,1.185922995,SX5E2 504,0,,,,,,,,,,,,,,,,,,
117,02/18/2014,1.2374605357,SX5E2 505,0,,,,,,,,,,,,,,,,,,
119,03/11/2014,1.5112144943,SX5E2 506,0,,,,,,,,,,,,,,,,,,
117,02/25/2014,1.6361855581,SX5E2 507,0,,,,,,,,,,,,,,,,,,
119,03/18/2014,1.9040447515,SX5E2 508,0,,,,,,,,,,,,,,,,,,
117,03/04/2014,2.113698145,SX5E2 509,0,,,,,,,,,,,,,,,,,,
119,03/25/2014,2.3336334178,SX5E2 510,0,,,,,,,,,,,,,,,,,,
115,02/18/2014,2.3459179198,SX5E2 511,0,,,,,,,,,,,,,,,,,,
117,03/11/2014,2.6427119658,SX5E2 512,0,,,,,,,,,,,,,,,,,,
119,04/01/2014,2.7623877018,SX5E2 513,0,,,,,,,,,,,,,,,,,,
115,02/25/2014,3.0186132953,SX5E2 514,0,,,,,,,,,,,,,,,,,,
117,03/18/2014,3.2519962772,SX5E2 515,0,,,,,,,,,,,,,,,,,,
119,04/08/2014,3.2991484783,SX5E2 516,0,,,,,,,,,,,,,,,,,,
115,03/04/2014,3.795761846,SX5E2 517,0,,,,,,,,,,,,,,,,,,
119,04/15/2014,3.8457914517,SX5E2 518,0,,,,,,,,,,,,,,,,,,
117,03/25/2014,3.9049653378,SX5E2 519,0,,,,,,,,,,,,,,,,,,
119,04/22/2014,4.4395673524,SX5E2 520,0,,,,,,,,,,,,,,,,,,
113,02/18/2014,4.4852021179,SX5E2 521,0,,,,,,,,,,,,,,,,,,
117,04/01/2014,4.5648862332,SX5E2 522,0,,,,,,,,,,,,,,,,,,
115,03/11/2014,4.6356339448,SX5E2 523,0,,,,,,,,,,,,,,,,,,
117,04/08/2014,5.3481775605,SX5E2 524,0,,,,,,,,,,,,,,,,,,
115,03/18/2014,5.5565818052,SX5E2 525,0,,,,,,,,,,,,,,,,,,
113,02/25/2014,5.5830988721,SX5E2 526,0,,,,,,,,,,,,,,,,,,
117,04/15/2014,6.125909295,SX5E2 527,0,,,,,,,,,,,,,,,,,,
115,03/25/2014,6.51809548,SX5E2 528,0,,,,,,,,,,,,,,,,,,
113,03/04/2014,6.7999852326,SX5E2 529,0,,,,,,,,,,,,,,,,,,
117,04/22/2014,6.9480502002,SX5E2 530,0,,,,,,,,,,,,,,,,,,
115,04/01/2014,7.4978586316,SX5E2 531,0,,,,,,,,,,,,,,,,,,
113,03/11/2014,8.0763812798,SX5E2 532,0,,,,,,,,,,,,,,,,,,
111,02/18/2014,8.5184751325,SX5E2 533,0,,,,,,,,,,,,,,,,,,
115,04/08/2014,8.5986194981,SX5E2 534,0,,,,,,,,,,,,,,,,,,
113,03/18/2014,9.4080906482,SX5E2 535,0,,,,,,,,,,,,,,,,,,
115,04/15/2014,9.6627830343,SX5E2 536,0,,,,,,,,,,,,,,,,,,
111,02/25/2014,10.2067619188,SX5E2 537,0,,,,,,,,,,,,,,,,,,
113,03/25/2014,10.7574785944,SX5E2 538,0,,,,,,,,,,,,,,,,,,
115,04/22/2014,10.7578046788,SX5E2 539,0,,,,,,,,,,,,,,,,,,
111,03/04/2014,11.9928123725,SX5E2 540,0,,,,,,,,,,,,,,,,,,
113,04/01/2014,12.1320807079,SX5E2 541,0,,,,,,,,,,,,,,,,,,
113,04/08/2014,13.596905996,SX5E2 542,0,,,,,,,,,,,,,,,,,,
111,03/11/2014,13.8002270568,SX5E2 543,0,,,,,,,,,,,,,,,,,,
113,04/15/2014,14.9772996074,SX5E2 544,0,,,,,,,,,,,,,,,,,,
111,03/18/2014,15.5973025108,SX5E2 545,0,,,,,,,,,,,,,,,,,,
109,02/18/2014,15.7579050155,SX5E2 546,0,,,,,,,,,,,,,,,,,,
113,04/22/2014,16.3597822613,SX5E2 547,0,,,,,,,,,,,,,,,,,,
111,03/25/2014,17.3599931469,SX5E2 548,0,,,,,,,,,,,,,,,,,,
109,02/25/2014,18.1088819757,SX5E2 549,0,,,,,,,,,,,,,,,,,,
111,04/01/2014,19.1466290647,SX5E2 550,0,,,,,,,,,,,,,,,,,,
109,03/04/2014,20.4772035152,SX5E2 551,0,,,,,,,,,,,,,,,,,,
111,04/08/2014,20.9554154244,SX5E2 552,0,,,,,,,,,,,,,,,,,,
111,04/15/2014,22.6202802631,SX5E2 553,0,,,,,,,,,,,,,,,,,,
109,03/11/2014,22.786716739,SX5E2 554,0,,,,,,,,,,,,,,,,,,
111,04/22/2014,24.2452748225,SX5E2 555,0,,,,,,,,,,,,,,,,,,
109,03/18/2014,24.9855433289,SX5E2 556,0,,,,,,,,,,,,,,,,,,
109,03/25/2014,27.0683487282,SX5E2 557,0,,,,,,,,,,,,,,,,,,
107,02/18/2014,27.720683036,SX5E2 558,0,,,,,,,,,,,,,,,,,,
109,04/01/2014,29.1584285362,SX5E2 559,0,,,,,,,,,,,,,,,,,,
107,02/25/2014,30.5442522049,SX5E2 560,0,,,,,,,,,,,,,,,,,,
109,04/08/2014,31.1822891916,SX5E2 561,0,,,,,,,,,,,,,,,,,,
109,04/15/2014,33.004589609,SX5E2 562,0,,,,,,,,,,,,,,,,,,
107,03/04/2014,33.2575582421,SX5E2 563,0,,,,,,,,,,,,,,,,,,
109,04/22/2014,34.7461170589,SX5E2 564,0,,,,,,,,,,,,,,,,,,
107,03/11/2014,35.8086497877,SX5E2 565,0,,,,,,,,,,,,,,,,,,
107,03/18/2014,38.1566660193,SX5E2 566,0,,,,,,,,,,,,,,,,,,
107,03/25/2014,40.301874544,SX5E2 567,0,,,,,,,,,,,,,,,,,,
107,04/01/2014,42.4288217895,SX5E2 568,0,,,,,,,,,,,,,,,,,,
107,04/08/2014,44.4117534061,SX5E2 569,0,,,,,,,,,,,,,,,,,,
105,02/18/2014,45.2815537818,SX5E2 570,0,,,,,,,,,,,,,,,,,,
107,04/15/2014,46.1695412639,SX5E2 571,0,,,,,,,,,,,,,,,,,,
107,04/22/2014,47.8193553576,SX5E2 572,0,,,,,,,,,,,,,,,,,,
105,02/25/2014,48.0124807887,SX5E2 573,0,,,,,,,,,,,,,,,,,,
105,03/04/2014,50.5322936357,SX5E2 574,0,,,,,,,,,,,,,,,,,,
105,03/11/2014,52.8254658784,SX5E2 575,0,,,,,,,,,,,,,,,,,,
105,03/18/2014,54.8945744361,SX5E2 576,0,,,,,,,,,,,,,,,,,,
105,03/25/2014,56.7199946518,SX5E2 577,0,,,,,,,,,,,,,,,,,,
105,04/01/2014,58.4977634483,SX5E2 578,0,,,,,,,,,,,,,,,,,,
105,04/08/2014,60.1185484959,SX5E2 579,0,,,,,,,,,,,,,,,,,,
105,04/15/2014,61.5381836677,SX5E2 580,0,,,,,,,,,,,,,,,,,,
105,04/22/2014,62.8549862874,SX5E2 581,0,,,,,,,,,,,,,,,,,,
103,02/18/2014,67.3470539939,SX5E2 582,0,,,,,,,,,,,,,,,,,,
103,02/25/2014,69.2261319909,SX5E2 583,0,,,,,,,,,,,,,,,,,,
103,03/04/2014,70.908909389,SX5E2 584,0,,,,,,,,,,,,,,,,,,
103,03/11/2014,72.3992461172,SX5E2 585,0,,,,,,,,,,,,,,,,,,
103,03/18/2014,73.7395075582,SX5E2 586,0,,,,,,,,,,,,,,,,,,
103,03/25/2014,74.8866693528,SX5E2 587,0,,,,,,,,,,,,,,,,,,
103,04/01/2014,75.9779858619,SX5E2 588,0,,,,,,,,,,,,,,,,,,
103,04/08/2014,76.9680736471,SX5E2 589,0,,,,,,,,,,,,,,,,,,
103,04/15/2014,77.8276364258,SX5E2 590,0,,,,,,,,,,,,,,,,,,
103,04/22/2014,78.6212472359,SX5E2 591,0,,,,,,,,,,,,,,,,,,
101,02/18/2014,90.1004468154,SX5E2 592,0,,,,,,,,,,,,,,,,,,
101,02/25/2014,90.6804214871,SX5E2 593,0,,,,,,,,,,,,,,,,,,
101,03/04/2014,91.191490968,SX5E2 594,0,,,,,,,,,,,,,,,,,,
101,03/11/2014,91.6392415403,SX5E2 595,0,,,,,,,,,,,,,,,,,,
101,03/18/2014,92.044251357,SX5E2 596,0,,,,,,,,,,,,,,,,,,
101,03/25/2014,92.3813087772,SX5E2 597,0,,,,,,,,,,,,,,,,,,
101,04/01/2014,92.6907008641,SX5E2 598,0,,,,,,,,,,,,,,,,,,
101,04/08/2014,92.9829992032,SX5E2 599,0,,,,,,,,,,,,,,,,,,
101,04/15/2014,93.2301143341,SX5E2 600,0,,,,,,,,,,,,,,,,,,
101,04/22/2014,93.4639843253,SX5E2 601,0,,,,,,,,,,,,,,,,,,
END ONETOUCH PAYOUT USD,,,,,,,,,,,,,,,,,,,,,,
DIGITALCALL PAYOUT USD,,,,,,,,,,,,,,,,,,,,,,
Strike %,Expiry,Strike,ID ,mini,,,,,,,,,,,,,,,,,,
119,02/20/2014,0.4353454786,SX5E2 605,0,,,,,,,,,,,,,,,,,,
119,02/27/2014,0.5515097548,SX5E2 606,0,,,,,,,,,,,,,,,,,,
119,03/06/2014,0.7257366731,SX5E2 607,0,,,,,,,,,,,,,,,,,,
117,02/20/2014,0.7421711043,SX5E2 608,0,,,,,,,,,,,,,,,,,,
119,03/13/2014,0.921726621,SX5E2 609,0,,,,,,,,,,,,,,,,,,
117,02/27/2014,0.9310158293,SX5E2 610,0,,,,,,,,,,,,,,,,,,
119,03/20/2014,1.1308032853,SX5E2 611,0,,,,,,,,,,,,,,,,,,
117,03/06/2014,1.2043214007,SX5E2 612,0,,,,,,,,,,,,,,,,,,
115,02/20/2014,1.2941655999,SX5E2 613,0,,,,,,,,,,,,,,,,,,
119,03/27/2014,1.3609258312,SX5E2 614,0,,,,,,,,,,,,,,,,,,
117,03/13/2014,1.5041763309,SX5E2 615,0,,,,,,,,,,,,,,,,,,
115,02/27/2014,1.5981152413,SX5E2 616,0,,,,,,,,,,,,,,,,,,
119,04/03/2014,1.6053672858,SX5E2 617,0,,,,,,,,,,,,,,,,,,
117,03/20/2014,1.816480863,SX5E2 618,0,,,,,,,,,,,,,,,,,,
119,04/10/2014,1.8617195853,SX5E2 619,0,,,,,,,,,,,,,,,,,,
115,03/06/2014,2.0239350166,SX5E2 620,0,,,,,,,,,,,,,,,,,,
119,04/17/2014,2.0394173576,SX5E2 621,0,,,,,,,,,,,,,,,,,,
117,03/27/2014,2.1532220943,SX5E2 622,0,,,,,,,,,,,,,,,,,,
119,04/24/2014,2.287806076,SX5E2 623,0,,,,,,,,,,,,,,,,,,
113,02/20/2014,2.3157642465,SX5E2 624,0,,,,,,,,,,,,,,,,,,
115,03/13/2014,2.4776672284,SX5E2 625,0,,,,,,,,,,,,,,,,,,
117,04/03/2014,2.5038889653,SX5E2 626,0,,,,,,,,,,,,,,,,,,
113,02/27/2014,2.7997481351,SX5E2 627,0,,,,,,,,,,,,,,,,,,
117,04/10/2014,2.8649545573,SX5E2 628,0,,,,,,,,,,,,,,,,,,
115,03/20/2014,2.9373585175,SX5E2 629,0,,,,,,,,,,,,,,,,,,
117,04/17/2014,3.1063652931,SX5E2 630,0,,,,,,,,,,,,,,,,,,
115,03/27/2014,3.4217553574,SX5E2 631,0,,,,,,,,,,,,,,,,,,
117,04/24/2014,3.4451819181,SX5E2 632,0,,,,,,,,,,,,,,,,,,
113,03/06/2014,3.4485488736,SX5E2 633,0,,,,,,,,,,,,,,,,,,
115,04/03/2014,3.9151961384,SX5E2 634,0,,,,,,,,,,,,,,,,,,
113,03/13/2014,4.1163743034,SX5E2 635,0,,,,,,,,,,,,,,,,,,
111,02/20/2014,4.2240600481,SX5E2 636,0,,,,,,,,,,,,,,,,,,
115,04/10/2014,4.4131489569,SX5E2 637,0,,,,,,,,,,,,,,,,,,
115,04/17/2014,4.7316790485,SX5E2 638,0,,,,,,,,,,,,,,,,,,
113,03/20/2014,4.7713530025,SX5E2 639,0,,,,,,,,,,,,,,,,,,
111,02/27/2014,4.9733747654,SX5E2 640,0,,,,,,,,,,,,,,,,,,
115,04/24/2014,5.1828860289,SX5E2 641,0,,,,,,,,,,,,,,,,,,
113,03/27/2014,5.4441333946,SX5E2 642,0,,,,,,,,,,,,,,,,,,
111,03/06/2014,5.9103198433,SX5E2 643,0,,,,,,,,,,,,,,,,,,
113,04/03/2014,6.1128769483,SX5E2 644,0,,,,,,,,,,,,,,,,,,
113,04/10/2014,6.7729914902,SX5E2 645,0,,,,,,,,,,,,,,,,,,
111,03/13/2014,6.8373195599,SX5E2 646,0,,,,,,,,,,,,,,,,,,
113,04/17/2014,7.1703431006,SX5E2 647,0,,,,,,,,,,,,,,,,,,
109,02/20/2014,7.682239076,SX5E2 648,0,,,,,,,,,,,,,,,,,,
111,03/20/2014,7.7130246391,SX5E2 649,0,,,,,,,,,,,,,,,,,,
113,04/24/2014,7.7455792717,SX5E2 650,0,,,,,,,,,,,,,,,,,,
111,03/27/2014,8.5887067786,SX5E2 651,0,,,,,,,,,,,,,,,,,,
109,02/27/2014,8.7670290072,SX5E2 652,0,,,,,,,,,,,,,,,,,,
111,04/03/2014,9.4364663523,SX5E2 653,0,,,,,,,,,,,,,,,,,,
109,03/06/2014,9.9994630763,SX5E2 654,0,,,,,,,,,,,,,,,,,,
111,04/10/2014,10.2538695315,SX5E2 655,0,,,,,,,,,,,,,,,,,,
111,04/17/2014,10.7018044671,SX5E2 656,0,,,,,,,,,,,,,,,,,,
109,03/13/2014,11.1704166501,SX5E2 657,0,,,,,,,,,,,,,,,,,,
111,04/24/2014,11.3835256675,SX5E2 658,0,,,,,,,,,,,,,,,,,,
109,03/20/2014,12.2331099211,SX5E2 659,0,,,,,,,,,,,,,,,,,,
109,03/27/2014,13.2702189368,SX5E2 660,0,,,,,,,,,,,,,,,,,,
107,02/20/2014,13.5688506152,SX5E2 661,0,,,,,,,,,,,,,,,,,,
109,04/03/2014,14.2487755681,SX5E2 662,0,,,,,,,,,,,,,,,,,,
107,02/27/2014,14.9490765758,SX5E2 663,0,,,,,,,,,,,,,,,,,,
109,04/10/2014,15.1711354055,SX5E2 664,0,,,,,,,,,,,,,,,,,,
109,04/17/2014,15.6036306615,SX5E2 665,0,,,,,,,,,,,,,,,,,,
109,04/24/2014,16.3371234719,SX5E2 666,0,,,,,,,,,,,,,,,,,,
107,03/06/2014,16.3593224658,SX5E2 667,0,,,,,,,,,,,,,,,,,,
107,03/13/2014,17.652788965,SX5E2 668,0,,,,,,,,,,,,,,,,,,
107,03/20/2014,18.7809405083,SX5E2 669,0,,,,,,,,,,,,,,,,,,
107,03/27/2014,19.864277232,SX5E2 670,0,,,,,,,,,,,,,,,,,,
107,04/03/2014,20.864516042,SX5E2 671,0,,,,,,,,,,,,,,,,,,
107,04/10/2014,21.7894530026,SX5E2 672,0,,,,,,,,,,,,,,,,,,
107,04/17/2014,22.1100468594,SX5E2 673,0,,,,,,,,,,,,,,,,,,
105,02/20/2014,22.6268707317,SX5E2 674,0,,,,,,,,,,,,,,,,,,
107,04/24/2014,22.808517103,SX5E2 675,0,,,,,,,,,,,,,,,,,,
105,02/27/2014,24.0730783432,SX5E2 676,0,,,,,,,,,,,,,,,,,,
105,03/06/2014,25.3829897744,SX5E2 677,0,,,,,,,,,,,,,,,,,,
105,03/13/2014,26.5567249969,SX5E2 678,0,,,,,,,,,,,,,,,,,,
105,03/20/2014,27.5401572253,SX5E2 679,0,,,,,,,,,,,,,,,,,,
105,03/27/2014,28.4852975015,SX5E2 680,0,,,,,,,,,,,,,,,,,,
105,04/03/2014,29.3453223951,SX5E2 681,0,,,,,,,,,,,,,,,,,,
105,04/10/2014,30.1301769061,SX5E2 682,0,,,,,,,,,,,,,,,,,,
105,04/17/2014,30.2284571676,SX5E2 683,0,,,,,,,,,,,,,,,,,,
105,04/24/2014,30.7830254776,SX5E2 684,0,,,,,,,,,,,,,,,,,,
103,02/20/2014,34.4794265062,SX5E2 685,0,,,,,,,,,,,,,,,,,,
103,02/27/2014,35.6247208604,SX5E2 686,0,,,,,,,,,,,,,,,,,,
103,03/06/2014,36.5033341973,SX5E2 687,0,,,,,,,,,,,,,,,,,,
103,03/13/2014,37.2893106013,SX5E2 688,0,,,,,,,,,,,,,,,,,,
103,03/20/2014,37.9126670624,SX5E2 689,0,,,,,,,,,,,,,,,,,,
103,03/27/2014,38.5369369102,SX5E2 690,0,,,,,,,,,,,,,,,,,,
103,04/03/2014,39.1031156551,SX5E2 691,0,,,,,,,,,,,,,,,,,,
103,04/17/2014,39.4168616371,SX5E2 692,0,,,,,,,,,,,,,,,,,,
103,04/10/2014,39.6175121529,SX5E2 693,0,,,,,,,,,,,,,,,,,,
103,04/24/2014,39.735530182,SX5E2 694,0,,,,,,,,,,,,,,,,,,
101,02/20/2014,47.4497608703,SX5E2 695,0,,,,,,,,,,,,,,,,,,
101,02/27/2014,48.0072778338,SX5E2 696,0,,,,,,,,,,,,,,,,,,
101,03/06/2014,48.2788018885,SX5E2 697,0,,,,,,,,,,,,,,,,,,
101,03/13/2014,48.5401967343,SX5E2 698,0,,,,,,,,,,,,,,,,,,
101,03/20/2014,48.702160185,SX5E2 699,0,,,,,,,,,,,,,,,,,,
101,04/17/2014,48.8040669292,SX5E2 700,0,,,,,,,,,,,,,,,,,,
101,04/24/2014,48.8514266056,SX5E2 701,0,,,,,,,,,,,,,,,,,,
101,03/27/2014,48.9191175115,SX5E2 702,0,,,,,,,,,,,,,,,,,,
101,04/03/2014,49.121192401,SX5E2 703,0,,,,,,,,,,,,,,,,,,
101,04/10/2014,49.3075314017,SX5E2 704,0,,,,,,,,,,,,,,,,,,
104,11/29/2013,0.0244082124,SX5E2 705,0,,,,,,,,,,,,,,,,,,
104.5,11/29/2013,0.0056177998,SX5E2 706,0,,,,,,,,,,,,,,,,,,
105,11/29/2013,0.001261508,SX5E2 707,0,,,,,,,,,,,,,,,,,,
103.5,11/29/2013,0.1001471376,SX5E2 708,0,,,,,,,,,,,,,,,,,,
105,12/02/2013,0.1165946257,SX5E2 709,0,,,,,,,,,,,,,,,,,,
105,12/03/2013,0.2301881394,SX5E2 710,0,,,,,,,,,,,,,,,,,,
104.5,12/02/2013,0.2648447378,SX5E2 711,0,,,,,,,,,,,,,,,,,,
103,11/29/2013,0.3757334554,SX5E2 712,0,,,,,,,,,,,,,,,,,,
105,12/04/2013,0.3912674114,SX5E2 713,0,,,,,,,,,,,,,,,,,,
104.5,12/03/2013,0.4745218919,SX5E2 714,0,,,,,,,,,,,,,,,,,,
104,12/02/2013,0.59475537,SX5E2 715,0,,,,,,,,,,,,,,,,,,
105,12/05/2013,0.5953663685,SX5E2 716,0,,,,,,,,,,,,,,,,,,
104.5,12/04/2013,0.7543924887,SX5E2 717,0,,,,,,,,,,,,,,,,,,
105,12/06/2013,0.8041770943,SX5E2 718,0,,,,,,,,,,,,,,,,,,
104,12/03/2013,0.9683205431,SX5E2 719,0,,,,,,,,,,,,,,,,,,
104.5,12/05/2013,1.0872768546,SX5E2 720,0,,,,,,,,,,,,,,,,,,
102.5,11/29/2013,1.2521347482,SX5E2 721,0,,,,,,,,,,,,,,,,,,
103.5,12/02/2013,1.2995437225,SX5E2 722,0,,,,,,,,,,,,,,,,,,
104.5,12/06/2013,1.4075144032,SX5E2 723,0,,,,,,,,,,,,,,,,,,
104,12/04/2013,1.43688355,SX5E2 724,0,,,,,,,,,,,,,,,,,,
105,12/09/2013,1.6776496513,SX5E2 725,0,,,,,,,,,,,,,,,,,,
103.5,12/03/2013,1.9295143737,SX5E2 726,0,,,,,,,,,,,,,,,,,,
104,12/05/2013,1.9596072233,SX5E2 727,0,,,,,,,,,,,,,,,,,,
105,12/10/2013,2.0077831716,SX5E2 728,0,,,,,,,,,,,,,,,,,,
105,12/11/2013,2.3500434246,SX5E2 729,0,,,,,,,,,,,,,,,,,,
104,12/06/2013,2.4309021721,SX5E2 730,0,,,,,,,,,,,,,,,,,,
104.5,12/09/2013,2.6618240479,SX5E2 731,0,,,,,,,,,,,,,,,,,,
103.5,12/04/2013,2.6723305609,SX5E2 732,0,,,,,,,,,,,,,,,,,,
105,12/12/2013,2.7008260802,SX5E2 733,0,,,,,,,,,,,,,,,,,,
103,12/02/2013,2.7195572771,SX5E2 734,0,,,,,,,,,,,,,,,,,,
104.5,12/10/2013,3.1090875172,SX5E2 735,0,,,,,,,,,,,,,,,,,,
103.5,12/05/2013,3.4504222074,SX5E2 736,0,,,,,,,,,,,,,,,,,,
104.5,12/11/2013,3.5620597395,SX5E2 737,0,,,,,,,,,,,,,,,,,,
102,11/29/2013,3.6200844697,SX5E2 738,0,,,,,,,,,,,,,,,,,,
103,12/03/2013,3.7043017085,SX5E2 739,0,,,,,,,,,,,,,,,,,,
104.5,12/12/2013,4.0168475515,SX5E2 740,0,,,,,,,,,,,,,,,,,,
103.5,12/06/2013,4.1057356077,SX5E2 741,0,,,,,,,,,,,,,,,,,,
104,12/09/2013,4.168374739,SX5E2 742,0,,,,,,,,,,,,,,,,,,
104,12/10/2013,4.753141237,SX5E2 743,0,,,,,,,,,,,,,,,,,,
103,12/04/2013,4.7986965215,SX5E2 744,0,,,,,,,,,,,,,,,,,,
104,12/11/2013,5.3320618232,SX5E2 745,0,,,,,,,,,,,,,,,,,,
102.5,12/02/2013,5.3737631214,SX5E2 746,0,,,,,,,,,,,,,,,,,,
103,12/05/2013,5.8785854081,SX5E2 747,0,,,,,,,,,,,,,,,,,,
104,12/12/2013,5.9018247767,SX5E2 748,0,,,,,,,,,,,,,,,,,,
103.5,12/09/2013,6.3998680655,SX5E2 749,0,,,,,,,,,,,,,,,,,,
103,12/06/2013,6.7244686862,SX5E2 750,0,,,,,,,,,,,,,,,,,,
102.5,12/03/2013,6.7694646404,SX5E2 751,0,,,,,,,,,,,,,,,,,,
103.5,12/10/2013,7.1301068911,SX5E2 752,0,,,,,,,,,,,,,,,,,,
103.5,12/11/2013,7.8376739409,SX5E2 753,0,,,,,,,,,,,,,,,,,,
102.5,12/04/2013,8.2384279704,SX5E2 754,0,,,,,,,,,,,,,,,,,,
103.5,12/12/2013,8.5210776452,SX5E2 755,0,,,,,,,,,,,,,,,,,,
101.5,11/29/2013,8.9345092496,SX5E2 756,0,,,,,,,,,,,,,,,,,,
103,12/09/2013,9.5753194384,SX5E2 757,0,,,,,,,,,,,,,,,,,,
102.5,12/05/2013,9.6113598329,SX5E2 758,0,,,,,,,,,,,,,,,,,,
102,12/02/2013,9.9081546537,SX5E2 759,0,,,,,,,,,,,,,,,,,,
103,12/10/2013,10.4367570716,SX5E2 760,0,,,,,,,,,,,,,,,,,,
102.5,12/06/2013,10.6040259422,SX5E2 761,0,,,,,,,,,,,,,,,,,,
103,12/11/2013,11.2551978649,SX5E2 762,0,,,,,,,,,,,,,,,,,,
102,12/03/2013,11.6582119131,SX5E2 763,0,,,,,,,,,,,,,,,,,,
103,12/12/2013,12.0322416754,SX5E2 764,0,,,,,,,,,,,,,,,,,,
102,12/04/2013,13.4143344277,SX5E2 765,0,,,,,,,,,,,,,,,,,,
102.5,12/09/2013,13.8925508317,SX5E2 766,0,,,,,,,,,,,,,,,,,,
102.5,12/10/2013,14.8410777368,SX5E2 767,0,,,,,,,,,,,,,,,,,,
102,12/05/2013,14.9808901056,SX5E2 768,0,,,,,,,,,,,,,,,,,,
102.5,12/11/2013,15.7268588916,SX5E2 769,0,,,,,,,,,,,,,,,,,,
102,12/06/2013,16.009508808,SX5E2 770,0,,,,,,,,,,,,,,,,,,
102.5,12/12/2013,16.5553054788,SX5E2 771,0,,,,,,,,,,,,,,,,,,
101.5,12/02/2013,16.9016258461,SX5E2 772,0,,,,,,,,,,,,,,,,,,
101,11/29/2013,18.6835936291,SX5E2 773,0,,,,,,,,,,,,,,,,,,
101.5,12/03/2013,18.7832947052,SX5E2 774,0,,,,,,,,,,,,,,,,,,
102,12/09/2013,19.4728032666,SX5E2 775,0,,,,,,,,,,,,,,,,,,
102,12/10/2013,20.4333404232,SX5E2 776,0,,,,,,,,,,,,,,,,,,
101.5,12/04/2013,20.5982125013,SX5E2 777,0,,,,,,,,,,,,,,,,,,
102,12/11/2013,21.3176712384,SX5E2 778,0,,,,,,,,,,,,,,,,,,
102,12/12/2013,22.1345916247,SX5E2 779,0,,,,,,,,,,,,,,,,,,
101.5,12/05/2013,22.1585542088,SX5E2 780,0,,,,,,,,,,,,,,,,,,
101.5,12/06/2013,23.0516071755,SX5E2 781,0,,,,,,,,,,,,,,,,,,
101.5,12/09/2013,26.3042581299,SX5E2 782,0,,,,,,,,,,,,,,,,,,
101,12/02/2013,26.5495255089,SX5E2 783,0,,,,,,,,,,,,,,,,,,
101.5,12/10/2013,27.1797251857,SX5E2 784,0,,,,,,,,,,,,,,,,,,
101.5,12/11/2013,27.9772823706,SX5E2 785,0,,,,,,,,,,,,,,,,,,
101,12/03/2013,28.1971492074,SX5E2 786,0,,,,,,,,,,,,,,,,,,
101.5,12/12/2013,28.7073103115,SX5E2 787,0,,,,,,,,,,,,,,,,,,
101,12/04/2013,29.7376760691,SX5E2 788,0,,,,,,,,,,,,,,,,,,
101,12/05/2013,31.0294894827,SX5E2 789,0,,,,,,,,,,,,,,,,,,
101,12/06/2013,31.5931227105,SX5E2 790,0,,,,,,,,,,,,,,,,,,
100.5,11/29/2013,33.1682069593,SX5E2 791,0,,,,,,,,,,,,,,,,,,
101,12/09/2013,34.2041751444,SX5E2 792,0,,,,,,,,,,,,,,,,,,
101,12/10/2013,34.8942960406,SX5E2 793,0,,,,,,,,,,,,,,,,,,
101,12/11/2013,35.5193488069,SX5E2 794,0,,,,,,,,,,,,,,,,,,
101,12/12/2013,36.088548182,SX5E2 795,0,,,,,,,,,,,,,,,,,,
100.5,12/02/2013,38.3874674644,SX5E2 796,0,,,,,,,,,,,,,,,,,,
100.5,12/03/2013,39.4173607521,SX5E2 797,0,,,,,,,,,,,,,,,,,,
100.5,12/04/2013,40.3558316875,SX5E2 798,0,,,,,,,,,,,,,,,,,,
100.5,12/05/2013,41.1363973701,SX5E2 799,0,,,,,,,,,,,,,,,,,,
100.5,12/06/2013,41.2153638151,SX5E2 800,0,,,,,,,,,,,,,,,,,,
100.5,12/09/2013,42.8211316295,SX5E2 801,0,,,,,,,,,,,,,,,,,,
100.5,12/10/2013,43.2458089902,SX5E2 802,0,,,,,,,,,,,,,,,,,,
100.5,12/11/2013,43.6312247107,SX5E2 803,0,,,,,,,,,,,,,,,,,,
100.5,12/12/2013,43.9827153383,SX5E2 804,0,,,,,,,,,,,,,,,,,,
99,04/24/2014,57.5075306003,SX5E2 805,0,,,,,,,,,,,,,,,,,,
99,04/17/2014,57.7094664644,SX5E2 806,0,,,,,,,,,,,,,,,,,,
99,04/10/2014,58.4571548314,SX5E2 807,0,,,,,,,,,,,,,,,,,,
99,04/03/2014,58.5768230498,SX5E2 808,0,,,,,,,,,,,,,,,,,,
99,03/27/2014,58.7143099256,SX5E2 809,0,,,,,,,,,,,,,,,,,,
99,03/20/2014,58.8768446008,SX5E2 810,0,,,,,,,,,,,,,,,,,,
99,03/13/2014,59.1384097426,SX5E2 811,0,,,,,,,,,,,,,,,,,,
99,03/06/2014,59.3642977726,SX5E2 812,0,,,,,,,,,,,,,,,,,,
99,02/27/2014,59.6542652579,SX5E2 813,0,,,,,,,,,,,,,,,,,,
99,02/20/2014,59.741721076,SX5E2 814,0,,,,,,,,,,,,,,,,,,
97,04/24/2014,65.2365726794,SX5E2 815,0,,,,,,,,,,,,,,,,,,
97,04/17/2014,65.6265946288,SX5E2 816,0,,,,,,,,,,,,,,,,,,
97,04/10/2014,66.5260009016,SX5E2 817,0,,,,,,,,,,,,,,,,,,
97,04/03/2014,66.8757962511,SX5E2 818,0,,,,,,,,,,,,,,,,,,
97,03/27/2014,67.2649721598,SX5E2 819,0,,,,,,,,,,,,,,,,,,
97,03/20/2014,67.7038675467,SX5E2 820,0,,,,,,,,,,,,,,,,,,
97,03/13/2014,68.2625162218,SX5E2 821,0,,,,,,,,,,,,,,,,,,
97,03/06/2014,68.8273725334,SX5E2 822,0,,,,,,,,,,,,,,,,,,
97,02/27/2014,69.4952282503,SX5E2 823,0,,,,,,,,,,,,,,,,,,
97,02/20/2014,70.0615693219,SX5E2 824,0,,,,,,,,,,,,,,,,,,
95,04/24/2014,71.8186452341,SX5E2 825,0,,,,,,,,,,,,,,,,,,
95,04/17/2014,72.3237943983,SX5E2 826,0,,,,,,,,,,,,,,,,,,
95,04/10/2014,73.2823713469,SX5E2 827,0,,,,,,,,,,,,,,,,,,
95,04/03/2014,73.7715541052,SX5E2 828,0,,,,,,,,,,,,,,,,,,
95,03/27/2014,74.3086191291,SX5E2 829,0,,,,,,,,,,,,,,,,,,
95,03/20/2014,74.9039407182,SX5E2 830,0,,,,,,,,,,,,,,,,,,
95,03/13/2014,75.618261445,SX5E2 831,0,,,,,,,,,,,,,,,,,,
95,03/06/2014,76.3566863688,SX5E2 832,0,,,,,,,,,,,,,,,,,,
95,02/27/2014,77.2038651448,SX5E2 833,0,,,,,,,,,,,,,,,,,,
93,04/24/2014,77.3133958783,SX5E2 834,0,,,,,,,,,,,,,,,,,,
93,04/17/2014,77.8798576527,SX5E2 835,0,,,,,,,,,,,,,,,,,,
95,02/20/2014,78.026018244,SX5E2 836,0,,,,,,,,,,,,,,,,,,
93,04/10/2014,78.835842783,SX5E2 837,0,,,,,,,,,,,,,,,,,,
93,04/03/2014,79.397547784,SX5E2 838,0,,,,,,,,,,,,,,,,,,
93,03/27/2014,80.0067254071,SX5E2 839,0,,,,,,,,,,,,,,,,,,
93,03/20/2014,80.6720829533,SX5E2 840,0,,,,,,,,,,,,,,,,,,
93,03/13/2014,81.4431290294,SX5E2 841,0,,,,,,,,,,,,,,,,,,
91,04/24/2014,81.8642127856,SX5E2 842,0,,,,,,,,,,,,,,,,,,
93,03/06/2014,82.2408446801,SX5E2 843,0,,,,,,,,,,,,,,,,,,
91,04/17/2014,82.4583704259,SX5E2 844,0,,,,,,,,,,,,,,,,,,
93,02/27/2014,83.134521902,SX5E2 845,0,,,,,,,,,,,,,,,,,,
91,04/10/2014,83.3774324607,SX5E2 846,0,,,,,,,,,,,,,,,,,,
91,04/03/2014,83.9693301484,SX5E2 847,0,,,,,,,,,,,,,,,,,,
93,02/20/2014,84.0363635779,SX5E2 848,0,,,,,,,,,,,,,,,,,,
91,03/27/2014,84.6029487322,SX5E2 849,0,,,,,,,,,,,,,,,,,,
91,03/20/2014,85.2846231787,SX5E2 850,0,,,,,,,,,,,,,,,,,,
89,04/24/2014,85.5708497439,SX5E2 851,0,,,,,,,,,,,,,,,,,,
91,03/13/2014,86.0526695578,SX5E2 852,0,,,,,,,,,,,,,,,,,,
89,04/17/2014,86.1628496656,SX5E2 853,0,,,,,,,,,,,,,,,,,,
91,03/06/2014,86.8415980387,SX5E2 854,0,,,,,,,,,,,,,,,,,,
89,04/10/2014,87.0188174066,SX5E2 855,0,,,,,,,,,,,,,,,,,,
89,04/03/2014,87.6049512854,SX5E2 856,0,,,,,,,,,,,,,,,,,,
91,02/27/2014,87.7054997535,SX5E2 857,0,,,,,,,,,,,,,,,,,,
89,03/27/2014,88.223926128,SX5E2 858,0,,,,,,,,,,,,,,,,,,
87,04/24/2014,88.561894549,SX5E2 859,0,,,,,,,,,,,,,,,,,,
91,02/20/2014,88.5724638853,SX5E2 860,0,,,,,,,,,,,,,,,,,,
89,03/20/2014,88.8796367935,SX5E2 861,0,,,,,,,,,,,,,,,,,,
87,04/17/2014,89.1172894068,SX5E2 862,0,,,,,,,,,,,,,,,,,,
89,03/13/2014,89.6004426035,SX5E2 863,0,,,,,,,,,,,,,,,,,,
87,04/10/2014,89.8825171938,SX5E2 864,0,,,,,,,,,,,,,,,,,,
89,03/06/2014,90.332285324,SX5E2 865,0,,,,,,,,,,,,,,,,,,
87,04/03/2014,90.4258133622,SX5E2 866,0,,,,,,,,,,,,,,,,,,
85,04/24/2014,90.9533400239,SX5E2 867,0,,,,,,,,,,,,,,,,,,
87,03/27/2014,90.9923747713,SX5E2 868,0,,,,,,,,,,,,,,,,,,
89,02/27/2014,91.1160739938,SX5E2 869,0,,,,,,,,,,,,,,,,,,
85,04/17/2014,91.4505954253,SX5E2 870,0,,,,,,,,,,,,,,,,,,
87,03/20/2014,91.5841422974,SX5E2 871,0,,,,,,,,,,,,,,,,,,
89,02/20/2014,91.8862326166,SX5E2 872,0,,,,,,,,,,,,,,,,,,
85,04/10/2014,92.1121208626,SX5E2 873,0,,,,,,,,,,,,,,,,,,
87,03/13/2014,92.2215986634,SX5E2 874,0,,,,,,,,,,,,,,,,,,
85,04/03/2014,92.5918097784,SX5E2 875,0,,,,,,,,,,,,,,,,,,
83,04/24/2014,92.8568810422,SX5E2 876,0,,,,,,,,,,,,,,,,,,
87,03/06/2014,92.8603815616,SX5E2 877,0,,,,,,,,,,,,,,,,,,
85,03/27/2014,93.0865758935,SX5E2 878,0,,,,,,,,,,,,,,,,,,
83,04/17/2014,93.2921222647,SX5E2 879,0,,,,,,,,,,,,,,,,,,
87,02/27/2014,93.5313581757,SX5E2 880,0,,,,,,,,,,,,,,,,,,
85,03/20/2014,93.5970803598,SX5E2 881,0,,,,,,,,,,,,,,,,,,
83,04/10/2014,93.8543296374,SX5E2 882,0,,,,,,,,,,,,,,,,,,
85,03/13/2014,94.1380442691,SX5E2 883,0,,,,,,,,,,,,,,,,,,
87,02/20/2014,94.1928127452,SX5E2 884,0,,,,,,,,,,,,,,,,,,
83,04/03/2014,94.2682513907,SX5E2 885,0,,,,,,,,,,,,,,,,,,
81,04/24/2014,94.3742602294,SX5E2 886,0,,,,,,,,,,,,,,,,,,
85,03/06/2014,94.6733324345,SX5E2 887,0,,,,,,,,,,,,,,,,,,
83,03/27/2014,94.6909161416,SX5E2 888,0,,,,,,,,,,,,,,,,,,
81,04/17/2014,94.7521202632,SX5E2 889,0,,,,,,,,,,,,,,,,,,
83,03/20/2014,95.1222145238,SX5E2 890,0,,,,,,,,,,,,,,,,,,
81,04/10/2014,95.2265970787,SX5E2 891,0,,,,,,,,,,,,,,,,,,
85,02/27/2014,95.2267214729,SX5E2 892,0,,,,,,,,,,,,,,,,,,
83,03/13/2014,95.5726866705,SX5E2 893,0,,,,,,,,,,,,,,,,,,
81,04/03/2014,95.580650636,SX5E2 894,0,,,,,,,,,,,,,,,,,,
85,02/20/2014,95.7865269857,SX5E2 895,0,,,,,,,,,,,,,,,,,,
81,03/27/2014,95.9385838616,SX5E2 896,0,,,,,,,,,,,,,,,,,,
83,03/06/2014,96.0130883159,SX5E2 897,0,,,,,,,,,,,,,,,,,,
81,03/20/2014,96.2998346695,SX5E2 898,0,,,,,,,,,,,,,,,,,,
83,02/27/2014,96.4621638033,SX5E2 899,0,,,,,,,,,,,,,,,,,,
81,03/13/2014,96.6718574291,SX5E2 900,0,,,,,,,,,,,,,,,,,,
83,02/20/2014,96.927930647,SX5E2 901,0,,,,,,,,,,,,,,,,,,
81,03/06/2014,97.0311105754,SX5E2 902,0,,,,,,,,,,,,,,,,,,
81,02/27/2014,97.3926697668,SX5E2 903,0,,,,,,,,,,,,,,,,,,
81,02/20/2014,97.7720532808,SX5E2 904,0,,,,,,,,,,,,,,,,,,
99.5,12/12/2013,59.800305364,SX5E2 905,0,,,,,,,,,,,,,,,,,,
99.5,12/11/2013,59.9334337808,SX5E2 906,0,,,,,,,,,,,,,,,,,,
99.5,12/10/2013,60.0872200061,SX5E2 907,0,,,,,,,,,,,,,,,,,,
99.5,12/09/2013,60.2671937083,SX5E2 908,0,,,,,,,,,,,,,,,,,,
99.5,12/06/2013,61.0321547426,SX5E2 909,0,,,,,,,,,,,,,,,,,,
99.5,12/05/2013,61.9897125864,SX5E2 910,0,,,,,,,,,,,,,,,,,,
99.5,12/04/2013,62.4806724833,SX5E2 911,0,,,,,,,,,,,,,,,,,,
99.5,12/03/2013,63.1006461112,SX5E2 912,0,,,,,,,,,,,,,,,,,,
99.5,12/02/2013,63.7544523913,SX5E2 913,0,,,,,,,,,,,,,,,,,,
99,12/12/2013,66.9837015324,SX5E2 914,0,,,,,,,,,,,,,,,,,,
99,12/11/2013,67.3214099203,SX5E2 915,0,,,,,,,,,,,,,,,,,,
99.5,11/29/2013,67.4834660341,SX5E2 916,0,,,,,,,,,,,,,,,,,,
99,12/10/2013,67.7010404255,SX5E2 917,0,,,,,,,,,,,,,,,,,,
99,12/09/2013,68.1319487849,SX5E2 918,0,,,,,,,,,,,,,,,,,,
99,12/06/2013,69.8558112965,SX5E2 919,0,,,,,,,,,,,,,,,,,,
99,12/05/2013,71.1605288331,SX5E2 920,0,,,,,,,,,,,,,,,,,,
99,12/04/2013,72.1269109816,SX5E2 921,0,,,,,,,,,,,,,,,,,,
99,12/03/2013,73.3095581903,SX5E2 922,0,,,,,,,,,,,,,,,,,,
98.5,12/12/2013,73.351222387,SX5E2 923,0,,,,,,,,,,,,,,,,,,
98.5,12/11/2013,73.8409744306,SX5E2 924,0,,,,,,,,,,,,,,,,,,
98.5,12/10/2013,74.3852553776,SX5E2 925,0,,,,,,,,,,,,,,,,,,
99,12/02/2013,74.5626051405,SX5E2 926,0,,,,,,,,,,,,,,,,,,
98.5,12/09/2013,74.9949937483,SX5E2 927,0,,,,,,,,,,,,,,,,,,
98.5,12/06/2013,77.3588366249,SX5E2 928,0,,,,,,,,,,,,,,,,,,
98,12/12/2013,78.8018923937,SX5E2 929,0,,,,,,,,,,,,,,,,,,
98.5,12/05/2013,78.8308611988,SX5E2 930,0,,,,,,,,,,,,,,,,,,
98,12/11/2013,79.3859345311,SX5E2 931,0,,,,,,,,,,,,,,,,,,
98,12/10/2013,80.0282374734,SX5E2 932,0,,,,,,,,,,,,,,,,,,
98.5,12/04/2013,80.0613246583,SX5E2 933,0,,,,,,,,,,,,,,,,,,
98,12/09/2013,80.7391977471,SX5E2 934,0,,,,,,,,,,,,,,,,,,
99,11/29/2013,81.0222859111,SX5E2 935,0,,,,,,,,,,,,,,,,,,
98.5,12/03/2013,81.5250700779,SX5E2 936,0,,,,,,,,,,,,,,,,,,
98.5,12/02/2013,83.0545024592,SX5E2 937,0,,,,,,,,,,,,,,,,,,
97.5,12/12/2013,83.3301141978,SX5E2 938,0,,,,,,,,,,,,,,,,,,
98,12/06/2013,83.4113430735,SX5E2 939,0,,,,,,,,,,,,,,,,,,
97.5,12/11/2013,83.9555613164,SX5E2 940,0,,,,,,,,,,,,,,,,,,
97.5,12/10/2013,84.6358317376,SX5E2 941,0,,,,,,,,,,,,,,,,,,
98,12/05/2013,84.8865217972,SX5E2 942,0,,,,,,,,,,,,,,,,,,
97.5,12/09/2013,85.3793628006,SX5E2 943,0,,,,,,,,,,,,,,,,,,
98,12/04/2013,86.1810442512,SX5E2 944,0,,,,,,,,,,,,,,,,,,
97,12/12/2013,87.0001072524,SX5E2 945,0,,,,,,,,,,,,,,,,,,
97,12/11/2013,87.624808949,SX5E2 946,0,,,,,,,,,,,,,,,,,,
98,12/03/2013,87.6715292878,SX5E2 947,0,,,,,,,,,,,,,,,,,,
97.5,12/06/2013,88.0821663478,SX5E2 948,0,,,,,,,,,,,,,,,,,,
97,12/10/2013,88.2962695992,SX5E2 949,0,,,,,,,,,,,,,,,,,,
97,12/09/2013,89.0203479079,SX5E2 950,0,,,,,,,,,,,,,,,,,,
98,12/02/2013,89.1941148369,SX5E2 951,0,,,,,,,,,,,,,,,,,,
97.5,12/05/2013,89.4425597003,SX5E2 952,0,,,,,,,,,,,,,,,,,,
96.5,12/12/2013,89.9175714677,SX5E2 953,0,,,,,,,,,,,,,,,,,,
98.5,11/29/2013,90.0903140726,SX5E2 954,0,,,,,,,,,,,,,,,,,,
96.5,12/11/2013,90.5119240419,SX5E2 955,0,,,,,,,,,,,,,,,,,,
97.5,12/04/2013,90.6559079967,SX5E2 956,0,,,,,,,,,,,,,,,,,,
96.5,12/10/2013,91.1428160948,SX5E2 957,0,,,,,,,,,,,,,,,,,,
97,12/06/2013,91.560058278,SX5E2 958,0,,,,,,,,,,,,,,,,,,
96.5,12/09/2013,91.8135631107,SX5E2 959,0,,,,,,,,,,,,,,,,,,
97.5,12/03/2013,92.0025452124,SX5E2 960,0,,,,,,,,,,,,,,,,,,
96,12/12/2013,92.2040306268,SX5E2 961,0,,,,,,,,,,,,,,,,,,
97,12/05/2013,92.7406973931,SX5E2 962,0,,,,,,,,,,,,,,,,,,
96,12/11/2013,92.7499833873,SX5E2 963,0,,,,,,,,,,,,,,,,,,
96,12/10/2013,93.3220000186,SX5E2 964,0,,,,,,,,,,,,,,,,,,
97.5,12/02/2013,93.3399220342,SX5E2 965,0,,,,,,,,,,,,,,,,,,
97,12/04/2013,93.7924832748,SX5E2 966,0,,,,,,,,,,,,,,,,,,
96,12/09/2013,93.9212819395,SX5E2 967,0,,,,,,,,,,,,,,,,,,
95.5,12/12/2013,93.9811169544,SX5E2 968,0,,,,,,,,,,,,,,,,,,
96.5,12/06/2013,94.0797595243,SX5E2 969,0,,,,,,,,,,,,,,,,,,
95.5,12/11/2013,94.4696101134,SX5E2 970,0,,,,,,,,,,,,,,,,,,
97,12/03/2013,94.9144053806,SX5E2 971,0,,,,,,,,,,,,,,,,,,
95.5,12/10/2013,94.9746287448,SX5E2 972,0,,,,,,,,,,,,,,,,,,
96.5,12/05/2013,95.0595626813,SX5E2 973,0,,,,,,,,,,,,,,,,,,
98,11/29/2013,95.3012856116,SX5E2 974,0,,,,,,,,,,,,,,,,,,
95,12/12/2013,95.355622154,SX5E2 975,0,,,,,,,,,,,,,,,,,,
95.5,12/09/2013,95.4958432377,SX5E2 976,0,,,,,,,,,,,,,,,,,,
95,12/11/2013,95.7840136167,SX5E2 977,0,,,,,,,,,,,,,,,,,,
96,12/06/2013,95.8696371385,SX5E2 978,0,,,,,,,,,,,,,,,,,,
96.5,12/04/2013,95.9225226043,SX5E2 979,0,,,,,,,,,,,,,,,,,,
97,12/02/2013,95.9936726279,SX5E2 980,0,,,,,,,,,,,,,,,,,,
95,12/10/2013,96.2209283451,SX5E2 981,0,,,,,,,,,,,,,,,,,,
96,12/05/2013,96.6565205536,SX5E2 982,0,,,,,,,,,,,,,,,,,,
95,12/09/2013,96.6650808425,SX5E2 983,0,,,,,,,,,,,,,,,,,,
96.5,12/03/2013,96.8056832119,SX5E2 984,0,,,,,,,,,,,,,,,,,,
95.5,12/06/2013,97.1257771992,SX5E2 985,0,,,,,,,,,,,,,,,,,,
96,12/04/2013,97.3374395334,SX5E2 986,0,,,,,,,,,,,,,,,,,,
96.5,12/02/2013,97.6268249393,SX5E2 987,0,,,,,,,,,,,,,,,,,,
95.5,12/05/2013,97.7426227286,SX5E2 988,0,,,,,,,,,,,,,,,,,,
97.5,11/29/2013,97.9388695635,SX5E2 989,0,,,,,,,,,,,,,,,,,,
95,12/06/2013,98.0011165653,SX5E2 990,0,,,,,,,,,,,,,,,,,,
96,12/03/2013,98.0055427719,SX5E2 991,0,,,,,,,,,,,,,,,,,,
95.5,12/04/2013,98.2650619879,SX5E2 992,0,,,,,,,,,,,,,,,,,,
95,12/05/2013,98.4761012462,SX5E2 993,0,,,,,,,,,,,,,,,,,,
96,12/02/2013,98.6052609807,SX5E2 994,0,,,,,,,,,,,,,,,,,,
95.5,12/03/2013,98.7565358524,SX5E2 995,0,,,,,,,,,,,,,,,,,,
95,12/04/2013,98.8689421526,SX5E2 996,0,,,,,,,,,,,,,,,,,,
97,11/29/2013,99.1467300293,SX5E2 997,0,,,,,,,,,,,,,,,,,,
95.5,12/02/2013,99.1822493156,SX5E2 998,0,,,,,,,,,,,,,,,,,,
95,12/03/2013,99.2234643561,SX5E2 999,0,,,,,,,,,,,,,,,,,,
95,12/02/2013,99.519764095,SX5E2 1000,0,,,,,,,,,,,,,,,,,,
96.5,11/29/2013,99.660125201,SX5E2 1001,0,,,,,,,,,,,,,,,,,,
96,11/29/2013,99.867295585,SX5E2 1002,0,,,,,,,,,,,,,,,,,,
95.5,11/29/2013,99.9481803396,SX5E2 1003,0,,,,,,,,,,,,,,,,,,
95,11/29/2013,99.9791713182,SX5E2 1004,0,,,,,,,,,,,,,,,,,,
110,12/16/2013,0.1530258774,SX5E2 1005,0,,,,,,,,,,,,,,,,,,
109,12/16/2013,0.2704941208,SX5E2 1006,0,,,,,,,,,,,,,,,,,,
110,12/23/2013,0.4380228245,SX5E2 1007,0,,,,,,,,,,,,,,,,,,
108,12/16/2013,0.5020953187,SX5E2 1008,0,,,,,,,,,,,,,,,,,,
109,12/23/2013,0.7007944498,SX5E2 1009,0,,,,,,,,,,,,,,,,,,
110,12/30/2013,0.8286284122,SX5E2 1010,0,,,,,,,,,,,,,,,,,,
107,12/16/2013,0.974854713,SX5E2 1011,0,,,,,,,,,,,,,,,,,,
108,12/23/2013,1.1683545098,SX5E2 1012,0,,,,,,,,,,,,,,,,,,
109,12/30/2013,1.2681800302,SX5E2 1013,0,,,,,,,,,,,,,,,,,,
110,01/06/2014,1.2845947054,SX5E2 1014,0,,,,,,,,,,,,,,,,,,
110,01/13/2014,1.7441117956,SX5E2 1015,0,,,,,,,,,,,,,,,,,,
109,01/06/2014,1.9373833645,SX5E2 1016,0,,,,,,,,,,,,,,,,,,
106,12/16/2013,1.953423202,SX5E2 1017,0,,,,,,,,,,,,,,,,,,
108,12/30/2013,2.0040656064,SX5E2 1018,0,,,,,,,,,,,,,,,,,,
107,12/23/2013,2.0187826269,SX5E2 1019,0,,,,,,,,,,,,,,,,,,
110,01/21/2014,2.3881101002,SX5E2 1020,0,,,,,,,,,,,,,,,,,,
109,01/13/2014,2.5897401576,SX5E2 1021,0,,,,,,,,,,,,,,,,,,
110,01/28/2014,2.8715275369,SX5E2 1022,0,,,,,,,,,,,,,,,,,,
108,01/06/2014,2.9819720586,SX5E2 1023,0,,,,,,,,,,,,,,,,,,
107,12/30/2013,3.2488488231,SX5E2 1024,0,,,,,,,,,,,,,,,,,,
109,01/21/2014,3.4775509841,SX5E2 1025,0,,,,,,,,,,,,,,,,,,
106,12/23/2013,3.5706510782,SX5E2 1026,0,,,,,,,,,,,,,,,,,,
110,02/04/2014,3.7246062411,SX5E2 1027,0,,,,,,,,,,,,,,,,,,
108,01/13/2014,3.893545408,SX5E2 1028,0,,,,,,,,,,,,,,,,,,
105,12/16/2013,3.9324877021,SX5E2 1029,0,,,,,,,,,,,,,,,,,,
109,01/28/2014,4.1208867831,SX5E2 1030,0,,,,,,,,,,,,,,,,,,
110,02/11/2014,4.5726308638,SX5E2 1031,0,,,,,,,,,,,,,,,,,,
107,01/06/2014,4.6514157616,SX5E2 1032,0,,,,,,,,,,,,,,,,,,
108,01/21/2014,5.0927891867,SX5E2 1033,0,,,,,,,,,,,,,,,,,,
109,02/04/2014,5.2259822616,SX5E2 1034,0,,,,,,,,,,,,,,,,,,
106,12/30/2013,5.3403341221,SX5E2 1035,0,,,,,,,,,,,,,,,,,,
110,02/18/2014,5.4559469029,SX5E2 1036,0,,,,,,,,,,,,,,,,,,
107,01/13/2014,5.8872186888,SX5E2 1037,0,,,,,,,,,,,,,,,,,,
108,01/28/2014,5.9231002174,SX5E2 1038,0,,,,,,,,,,,,,,,,,,
109,02/11/2014,6.2920679542,SX5E2 1039,0,,,,,,,,,,,,,,,,,,
105,12/23/2013,6.3190730894,SX5E2 1040,0,,,,,,,,,,,,,,,,,,
106,01/06/2014,7.2759009105,SX5E2 1041,0,,,,,,,,,,,,,,,,,,
108,02/04/2014,7.3151563137,SX5E2 1042,0,,,,,,,,,,,,,,,,,,
109,02/18/2014,7.3772924877,SX5E2 1043,0,,,,,,,,,,,,,,,,,,
107,01/21/2014,7.4549121736,SX5E2 1044,0,,,,,,,,,,,,,,,,,,
104,12/16/2013,7.7040302983,SX5E2 1045,0,,,,,,,,,,,,,,,,,,
107,01/28/2014,8.4804341701,SX5E2 1046,0,,,,,,,,,,,,,,,,,,
108,02/11/2014,8.6145540087,SX5E2 1047,0,,,,,,,,,,,,,,,,,,
105,12/30/2013,8.7276293909,SX5E2 1048,0,,,,,,,,,,,,,,,,,,
106,01/13/2014,8.870897492,SX5E2 1049,0,,,,,,,,,,,,,,,,,,
108,02/18/2014,9.9063343241,SX5E2 1050,0,,,,,,,,,,,,,,,,,,
107,02/04/2014,10.1674908214,SX5E2 1051,0,,,,,,,,,,,,,,,,,,
106,01/21/2014,10.8242417477,SX5E2 1052,0,,,,,,,,,,,,,,,,,,
104,12/23/2013,10.9136293014,SX5E2 1053,0,,,,,,,,,,,,,,,,,,
105,01/06/2014,11.2284482925,SX5E2 1054,0,,,,,,,,,,,,,,,,,,
107,02/11/2014,11.6883057355,SX5E2 1055,0,,,,,,,,,,,,,,,,,,
106,01/28/2014,12.0161268571,SX5E2 1056,0,,,,,,,,,,,,,,,,,,
105,01/13/2014,13.1393580905,SX5E2 1057,0,,,,,,,,,,,,,,,,,,
107,02/18/2014,13.1658380188,SX5E2 1058,0,,,,,,,,,,,,,,,,,,
104,12/30/2013,13.9003481581,SX5E2 1059,0,,,,,,,,,,,,,,,,,,
106,02/04/2014,13.9584071801,SX5E2 1060,0,,,,,,,,,,,,,,,,,,
103,12/16/2013,14.2249621216,SX5E2 1061,0,,,,,,,,,,,,,,,,,,
105,01/21/2014,15.4145868082,SX5E2 1062,0,,,,,,,,,,,,,,,,,,
106,02/11/2014,15.6483589423,SX5E2 1063,0,,,,,,,,,,,,,,,,,,
105,01/28/2014,16.6884934649,SX5E2 1064,0,,,,,,,,,,,,,,,,,,
104,01/06/2014,16.8331365781,SX5E2 1065,0,,,,,,,,,,,,,,,,,,
106,02/18/2014,17.2569420642,SX5E2 1066,0,,,,,,,,,,,,,,,,,,
103,12/23/2013,17.962667577,SX5E2 1067,0,,,,,,,,,,,,,,,,,,
105,02/04/2014,18.7811630344,SX5E2 1068,0,,,,,,,,,,,,,,,,,,
104,01/13/2014,18.8959268546,SX5E2 1069,0,,,,,,,,,,,,,,,,,,
105,02/11/2014,20.5404042177,SX5E2 1070,0,,,,,,,,,,,,,,,,,,
103,12/30/2013,21.1950454479,SX5E2 1071,0,,,,,,,,,,,,,,,,,,
104,01/21/2014,21.3220360326,SX5E2 1072,0,,,,,,,,,,,,,,,,,,
105,02/18/2014,22.1890789407,SX5E2 1073,0,,,,,,,,,,,,,,,,,,
104,01/28/2014,22.5357933901,SX5E2 1074,0,,,,,,,,,,,,,,,,,,
102,12/16/2013,24.1186902587,SX5E2 1075,0,,,,,,,,,,,,,,,,,,
103,01/06/2014,24.2066411753,SX5E2 1076,0,,,,,,,,,,,,,,,,,,
104,02/04/2014,24.6120802699,SX5E2 1077,0,,,,,,,,,,,,,,,,,,
103,01/13/2014,26.1351727553,SX5E2 1078,0,,,,,,,,,,,,,,,,,,
104,02/11/2014,26.3020497702,SX5E2 1079,0,,,,,,,,,,,,,,,,,,
102,12/23/2013,27.6532862237,SX5E2 1080,0,,,,,,,,,,,,,,,,,,
104,02/18/2014,27.8736723689,SX5E2 1081,0,,,,,,,,,,,,,,,,,,
103,01/21/2014,28.4464756302,SX5E2 1082,0,,,,,,,,,,,,,,,,,,
103,01/28/2014,29.4223841737,SX5E2 1083,0,,,,,,,,,,,,,,,,,,
102,12/30/2013,30.5392166812,SX5E2 1084,0,,,,,,,,,,,,,,,,,,
103,02/04/2014,31.2820078689,SX5E2 1085,0,,,,,,,,,,,,,,,,,,
103,02/11/2014,32.7500279384,SX5E2 1086,0,,,,,,,,,,,,,,,,,,
102,01/06/2014,33.1147407409,SX5E2 1087,0,,,,,,,,,,,,,,,,,,
103,02/18/2014,34.1215124711,SX5E2 1088,0,,,,,,,,,,,,,,,,,,
102,01/13/2014,34.5671237255,SX5E2 1089,0,,,,,,,,,,,,,,,,,,
102,01/21/2014,36.4643622282,SX5E2 1090,0,,,,,,,,,,,,,,,,,,
102,01/28/2014,37.0327185682,SX5E2 1091,0,,,,,,,,,,,,,,,,,,
101,12/16/2013,37.052006517,SX5E2 1092,0,,,,,,,,,,,,,,,,,,
102,02/04/2014,38.4886728643,SX5E2 1093,0,,,,,,,,,,,,,,,,,,
101,12/23/2013,39.4726607251,SX5E2 1094,0,,,,,,,,,,,,,,,,,,
102,02/11/2014,39.6010069909,SX5E2 1095,0,,,,,,,,,,,,,,,,,,
102,02/18/2014,40.6676047355,SX5E2 1096,0,,,,,,,,,,,,,,,,,,
101,12/30/2013,41.3771684337,SX5E2 1097,0,,,,,,,,,,,,,,,,,,
101,01/06/2014,43.020160783,SX5E2 1098,0,,,,,,,,,,,,,,,,,,
101,01/13/2014,43.7112617696,SX5E2 1099,0,,,,,,,,,,,,,,,,,,
101,01/21/2014,44.947266021,SX5E2 1100,0,,,,,,,,,,,,,,,,,,
101,01/28/2014,44.9912438223,SX5E2 1101,0,,,,,,,,,,,,,,,,,,
101,02/04/2014,45.9109200579,SX5E2 1102,0,,,,,,,,,,,,,,,,,,
101,02/11/2014,46.5776531676,SX5E2 1103,0,,,,,,,,,,,,,,,,,,
101,02/18/2014,47.2694305916,SX5E2 1104,0,,,,,,,,,,,,,,,,,,
99,02/18/2014,59.7616340149,SX5E2 1105,0,,,,,,,,,,,,,,,,,,
99,02/11/2014,59.8544068153,SX5E2 1106,0,,,,,,,,,,,,,,,,,,
99,02/04/2014,60.1167660742,SX5E2 1107,0,,,,,,,,,,,,,,,,,,
99,01/28/2014,60.3450183695,SX5E2 1108,0,,,,,,,,,,,,,,,,,,
99,01/21/2014,61.3647133186,SX5E2 1109,0,,,,,,,,,,,,,,,,,,
99,01/13/2014,61.6762021462,SX5E2 1110,0,,,,,,,,,,,,,,,,,,
99,01/06/2014,62.6917263053,SX5E2 1111,0,,,,,,,,,,,,,,,,,,
99,12/30/2013,63.4022002362,SX5E2 1112,0,,,,,,,,,,,,,,,,,,
99,12/23/2013,64.1562563836,SX5E2 1113,0,,,,,,,,,,,,,,,,,,
99,12/16/2013,65.1144933351,SX5E2 1114,0,,,,,,,,,,,,,,,,,,
98,02/18/2014,65.2984034657,SX5E2 1115,0,,,,,,,,,,,,,,,,,,
98,02/11/2014,65.7163244299,SX5E2 1116,0,,,,,,,,,,,,,,,,,,
98,02/04/2014,66.35194458,SX5E2 1117,0,,,,,,,,,,,,,,,,,,
98,01/28/2014,67.0371595621,SX5E2 1118,0,,,,,,,,,,,,,,,,,,
98,01/21/2014,68.4339188268,SX5E2 1119,0,,,,,,,,,,,,,,,,,,
98,01/13/2014,69.3485514377,SX5E2 1120,0,,,,,,,,,,,,,,,,,,
97,02/18/2014,70.2322767856,SX5E2 1121,0,,,,,,,,,,,,,,,,,,
97,02/11/2014,70.9027023399,SX5E2 1122,0,,,,,,,,,,,,,,,,,,
98,01/06/2014,70.9530640337,SX5E2 1123,0,,,,,,,,,,,,,,,,,,
97,02/04/2014,71.8161825964,SX5E2 1124,0,,,,,,,,,,,,,,,,,,
98,12/30/2013,72.4877567714,SX5E2 1125,0,,,,,,,,,,,,,,,,,,
97,01/28/2014,72.8324894386,SX5E2 1126,0,,,,,,,,,,,,,,,,,,
98,12/23/2013,74.1575300489,SX5E2 1127,0,,,,,,,,,,,,,,,,,,
97,01/21/2014,74.4624735828,SX5E2 1128,0,,,,,,,,,,,,,,,,,,
96,02/18/2014,74.5402853054,SX5E2 1129,0,,,,,,,,,,,,,,,,,,
96,02/11/2014,75.3885945053,SX5E2 1130,0,,,,,,,,,,,,,,,,,,
97,01/13/2014,75.7809434628,SX5E2 1131,0,,,,,,,,,,,,,,,,,,
98,12/16/2013,76.2508254974,SX5E2 1132,0,,,,,,,,,,,,,,,,,,
96,02/04/2014,76.4847334166,SX5E2 1133,0,,,,,,,,,,,,,,,,,,
96,01/28/2014,77.708429439,SX5E2 1134,0,,,,,,,,,,,,,,,,,,
97,01/06/2014,77.711584362,SX5E2 1135,0,,,,,,,,,,,,,,,,,,
95,02/18/2014,78.2759188802,SX5E2 1136,0,,,,,,,,,,,,,,,,,,
95,02/11/2014,79.2352165556,SX5E2 1137,0,,,,,,,,,,,,,,,,,,
96,01/21/2014,79.440244331,SX5E2 1138,0,,,,,,,,,,,,,,,,,,
97,12/30/2013,79.6870521307,SX5E2 1139,0,,,,,,,,,,,,,,,,,,
95,02/04/2014,80.4315304673,SX5E2 1140,0,,,,,,,,,,,,,,,,,,
96,01/13/2014,80.9735691918,SX5E2 1141,0,,,,,,,,,,,,,,,,,,
94,02/18/2014,81.5084520471,SX5E2 1142,0,,,,,,,,,,,,,,,,,,
95,01/28/2014,81.7584413581,SX5E2 1143,0,,,,,,,,,,,,,,,,,,
97,12/23/2013,81.811390849,SX5E2 1144,0,,,,,,,,,,,,,,,,,,
94,02/11/2014,82.5230091979,SX5E2 1145,0,,,,,,,,,,,,,,,,,,
96,01/06/2014,83.0042787886,SX5E2 1146,0,,,,,,,,,,,,,,,,,,
95,01/21/2014,83.4897389511,SX5E2 1147,0,,,,,,,,,,,,,,,,,,
94,02/04/2014,83.7535028194,SX5E2 1148,0,,,,,,,,,,,,,,,,,,
93,02/18/2014,84.3086285981,SX5E2 1149,0,,,,,,,,,,,,,,,,,,
97,12/16/2013,84.3975899542,SX5E2 1150,0,,,,,,,,,,,,,,,,,,
95,01/13/2014,85.0898071677,SX5E2 1151,0,,,,,,,,,,,,,,,,,,
96,12/30/2013,85.1024538674,SX5E2 1152,0,,,,,,,,,,,,,,,,,,
94,01/28/2014,85.1034421271,SX5E2 1153,0,,,,,,,,,,,,,,,,,,
93,02/11/2014,85.3343027029,SX5E2 1154,0,,,,,,,,,,,,,,,,,,
93,02/04/2014,86.5491115761,SX5E2 1155,0,,,,,,,,,,,,,,,,,,
92,02/18/2014,86.7394768986,SX5E2 1156,0,,,,,,,,,,,,,,,,,,
94,01/21/2014,86.7625177969,SX5E2 1157,0,,,,,,,,,,,,,,,,,,
95,01/06/2014,87.0626083351,SX5E2 1158,0,,,,,,,,,,,,,,,,,,
96,12/23/2013,87.3180264794,SX5E2 1159,0,,,,,,,,,,,,,,,,,,
92,02/11/2014,87.7425231667,SX5E2 1160,0,,,,,,,,,,,,,,,,,,
93,01/28/2014,87.8643568006,SX5E2 1161,0,,,,,,,,,,,,,,,,,,
94,01/13/2014,88.3264008163,SX5E2 1162,0,,,,,,,,,,,,,,,,,,
91,02/18/2014,88.8306897934,SX5E2 1163,0,,,,,,,,,,,,,,,,,,
92,02/04/2014,88.905604562,SX5E2 1164,0,,,,,,,,,,,,,,,,,,
95,12/30/2013,89.0766152786,SX5E2 1165,0,,,,,,,,,,,,,,,,,,
93,01/21/2014,89.4058210807,SX5E2 1166,0,,,,,,,,,,,,,,,,,,
91,02/11/2014,89.7865037504,SX5E2 1167,0,,,,,,,,,,,,,,,,,,
96,12/16/2013,89.9194760523,SX5E2 1168,0,,,,,,,,,,,,,,,,,,
92,01/28/2014,90.1468833656,SX5E2 1169,0,,,,,,,,,,,,,,,,,,
94,01/06/2014,90.1471213206,SX5E2 1170,0,,,,,,,,,,,,,,,,,,
90,02/18/2014,90.6136642297,SX5E2 1171,0,,,,,,,,,,,,,,,,,,
93,01/13/2014,90.8692548499,SX5E2 1172,0,,,,,,,,,,,,,,,,,,
91,02/04/2014,90.8735665637,SX5E2 1173,0,,,,,,,,,,,,,,,,,,
95,12/23/2013,91.1624205333,SX5E2 1174,0,,,,,,,,,,,,,,,,,,
90,02/11/2014,91.5059682216,SX5E2 1175,0,,,,,,,,,,,,,,,,,,
92,01/21/2014,91.5452956054,SX5E2 1176,0,,,,,,,,,,,,,,,,,,
94,12/30/2013,91.9666694546,SX5E2 1177,0,,,,,,,,,,,,,,,,,,
91,01/28/2014,92.0166130775,SX5E2 1178,0,,,,,,,,,,,,,,,,,,
93,01/06/2014,92.4916180728,SX5E2 1179,0,,,,,,,,,,,,,,,,,,
90,02/04/2014,92.5028533801,SX5E2 1180,0,,,,,,,,,,,,,,,,,,
92,01/13/2014,92.8726642652,SX5E2 1181,0,,,,,,,,,,,,,,,,,,
91,01/21/2014,93.2613822887,SX5E2 1182,0,,,,,,,,,,,,,,,,,,
95,12/16/2013,93.5158516405,SX5E2 1183,0,,,,,,,,,,,,,,,,,,
90,01/28/2014,93.5356130582,SX5E2 1184,0,,,,,,,,,,,,,,,,,,
94,12/23/2013,93.8164366148,SX5E2 1185,0,,,,,,,,,,,,,,,,,,
93,12/30/2013,94.0725338861,SX5E2 1186,0,,,,,,,,,,,,,,,,,,
92,01/06/2014,94.2816338792,SX5E2 1187,0,,,,,,,,,,,,,,,,,,
91,01/13/2014,94.437300894,SX5E2 1188,0,,,,,,,,,,,,,,,,,,
90,01/21/2014,94.6271314107,SX5E2 1189,0,,,,,,,,,,,,,,,,,,
92,12/30/2013,95.6184571992,SX5E2 1190,0,,,,,,,,,,,,,,,,,,
91,01/06/2014,95.637782876,SX5E2 1191,0,,,,,,,,,,,,,,,,,,
90,01/13/2014,95.6505135031,SX5E2 1192,0,,,,,,,,,,,,,,,,,,
93,12/23/2013,95.6517944185,SX5E2 1193,0,,,,,,,,,,,,,,,,,,
94,12/16/2013,95.8185398972,SX5E2 1194,0,,,,,,,,,,,,,,,,,,
90,01/06/2014,96.6592778399,SX5E2 1195,0,,,,,,,,,,,,,,,,,,
91,12/30/2013,96.7468688445,SX5E2 1196,0,,,,,,,,,,,,,,,,,,
92,12/23/2013,96.9311146827,SX5E2 1197,0,,,,,,,,,,,,,,,,,,
93,12/16/2013,97.2898888862,SX5E2 1198,0,,,,,,,,,,,,,,,,,,
90,12/30/2013,97.5677208447,SX5E2 1199,0,,,,,,,,,,,,,,,,,,
91,12/23/2013,97.8192804725,SX5E2 1200,0,,,,,,,,,,,,,,,,,,
92,12/16/2013,98.2349639446,SX5E2 1201,0,,,,,,,,,,,,,,,,,,
90,12/23/2013,98.435263443,SX5E2 1202,0,,,,,,,,,,,,,,,,,,
91,12/16/2013,98.8401167276,SX5E2 1203,0,,,,,,,,,,,,,,,,,,
90,12/16/2013,99.2280875031,SX5E2 1204,0,,,,,,,,,,,,,,,,,,
END DIGITALCALL PAYOUT USD,,,,,,,,,,,,,,,,,,,,,,
