DATE,06-Nov-13,,,,,,,,,,,,,,,,,,,,,
TIME,08:53 GMT,,,,,,,,,,,,,,,,,,,,,
FILE,SD_SSECOMP,,,,,,,,,,,,,,,,,,,,,
UNDERLYING,SSECOMP,,,,,,,,,,,,,,,,,,,,,
SPOT,2139.607,,,,,,,,,,,,,,,,,,,,,
CURRENCY,CNY,,,,,,,,,,,,,,,,,,,,,
SABR PARAMETERS,,,,,5-Nov,21-Nov,-6,10,,skewwingR,,-0.0288376478,,,,"skewwingR""",skewwingR,-0.0288376478,,,,
atmvolshort,0.1985271962,,,,17-Nov,14-Jan,6,64,,atmvol1year,,0.2125407745,,,,"atmvol1year""",atmvol1year,0.2125407745,,,,
atmvol1year,0.2125407745,,,,17-Jan,13-Feb,67,94,,kurtosisshort,,0.1306525024,,,,"kurtosisshort""",kurtosisshort,0.1306525024,,,,
atmvolLong,0.158233817,,,,14-Feb,15-Apr,95,155,,atmvolshort,,0.1985271962,,,,"atmvolshort""",atmvolshort,0.1985271962,,,,
atmWingL,-0.0128120706,,,,21-Apr,24-Jun,161,225,,kurtosislong,,-0.1632755041,,,,"kurtosislong""",kurtosislong,-0.1632755041,,,,
atmWingR,0.6069657066,,,,25-Jun,25-Jul,226,256,,skewlong,,0.4371688823,,,,"skewlong""",skewlong,0.4371688823,,,,
skewshort,-0.1513448815,,,,5-May,8-Jul,175,239,,skewshort,,-0.1513448815,,,,"skewshort""",skewshort,-0.1513448815,,,,
skew1year,-0.2368508697,,,,,,,,,skewwingL,,8.2349625172,,,,"skewwingL""",skewwingL,8.2349625172,,,,
skewlong,0.4371688823,,,,,,,,,atmvolLong,,0.158233817,,,,"atmvolLong""",atmvolLong,0.158233817,,,,
skewwingL,8.2349625172,,,,,,,,,atmWingL,,-0.0128120706,,,,"atmWingL""",atmWingL,-0.0128120706,,,,
skewwingR,-0.0288376478,,,,,,,,,atmWingR,,0.6069657066,,,,"atmWingR""",atmWingR,0.6069657066,,,,
kurtosisshort,0.1306525024,,,,,,,,,skew1year,,-0.2368508697,,,,"skew1year""",skew1year,-0.2368508697,,,,
kurtosislong,-0.1632755041,,,,,,,,,kurtosisgrowth,0.5543818121,"kurtosisgrowth""",kurtosisgrowth,0.5543818121,,,,,,,,
kurtosisgrowth,0.5543818121,,,,,,,,,,,,,,,,,,,,,
END SABR PARAMETERS,,,,,,,,,,,,,,,,,,,,,,
VOL SURFACE STANDARD DATES,,,,,,,,,,,,,,,,,,,,,,
,%ATMS,80%,82%,84%,86%,88%,90%,92%,94%,96%,98%,100%,102%,104%,106%,108%,110%,112%,114%,116%,118%,120%
Term,Strike,1711.6856,1754.47774,1797.26988,1840.06202,1882.85416,1925.6463,1968.43844,2011.23058,2054.02272,2096.81486,2139.607,2182.39914,2225.19128,2267.98342,2310.77556,2353.5677,2396.35984,2439.15198,2481.94412,2524.73626,2567.5284
13-Nov-13,,46.5905435614,43.7423695315,40.7701689885,37.8990311356,35.2712186638,32.813070559,30.4164882589,27.9708169048,25.3636937704,22.6040521693,20.0524710642,18.1224369167,17.0636495122,16.9956345108,17.9181314869,19.4507625933,21.1470447728,22.7749059945,24.2920624856,25.6751155646,26.94627604
6-Dec-13,,34.6854715695,33.2261947001,31.7587511686,30.279939748,28.7883103303,27.2951532642,25.8141439161,24.3427011928,22.8672821809,21.3986536684,20.0101157354,18.7793652261,17.7909354905,17.1429140382,16.9044497721,17.0224164303,17.4069522912,17.9640388577,18.6059885455,19.2650206828,19.9370978672
6-Jan-14,,31.2288212579,30.1602547095,29.0696660189,27.9462423404,26.7889468066,25.6213342178,24.4694403113,23.3405018651,22.2283406277,21.1333294411,20.0757187395,19.0805954691,18.1948000717,17.4824399697,16.9929646432,16.7260377256,16.6703157763,16.7964725114,17.0586622118,17.4131004346,17.8289057242
10-Feb-14,,29.5215675544,28.5933055308,27.6401466263,26.6736589085,25.7053831911,24.7463130944,23.8066542225,22.8878667885,21.985222375,21.097355462,20.2329472813,19.4033298331,18.6338776949,17.9611081829,17.4152060071,17.0047270986,16.7336186831,16.5998649365,16.5959868426,16.7096676913,16.9120710621
6-May-14,,27.6094054338,26.8874310685,26.1626822224,25.4453039173,24.7417196507,24.048700508,23.3617030927,22.6796228969,22.0038491462,21.3368653491,20.6840961116,20.0516284364,19.4477041658,18.8822015142,18.3653616622,17.9087455543,17.5237664203,17.2125924698,16.9692294509,16.7880220931,16.6653010266
6-Aug-14,,26.6204377194,26.0561112969,25.4948436868,24.9400825851,24.3925382252,23.8459523658,23.2934731158,22.7350624297,22.1755473554,21.6200029687,21.0738928571,20.5426577974,20.0303161661,19.5397531538,19.0747792398,18.6423398352,18.2498454027,17.9017216328,17.5997690336,17.3435253048,17.1244731244
6-Nov-14,,26.0106930846,25.5376256255,25.067330143,24.6036449149,24.1465751115,23.6861827383,23.2117789162,22.7239202349,22.2311922082,21.7411386415,21.2577579563,20.784402505,20.3244189376,19.8811553031,19.4576800858,19.0561354599,18.678584687,18.3292252291,18.0141489281,17.7373949933,17.4951377625
6-May-15,,24.9635426942,24.589351516,24.2185999278,23.8528335867,23.4911363766,23.1262667334,22.7504343539,22.3617604139,21.962560936,21.5563041144,21.1495904251,20.7493719838,20.3590841023,19.9793573826,19.6106495447,19.2531259187,18.9070013225,18.5745040183,18.2596449826,17.9657474564,17.6933573016
6-Nov-15,,24.4560421095,24.1387963193,23.8236853523,23.5124062452,23.2052190852,22.89865252,22.5885842972,22.2700463667,21.9374610677,21.5891894463,21.2350772112,20.8865644896,20.5475483577,20.2159271519,19.890209545,19.5714530311,19.2611862636,18.9599758226,18.6675315448,18.3840229636,18.1114457845
7-Nov-16,,24.3185693041,24.0634423037,23.8132661558,23.5654013692,23.3181707002,23.0724642492,22.8292220618,22.5845697394,22.3312027173,22.064779449,21.789755814,21.5120842247,21.2364328811,20.9664564935,20.7044609391,20.4484138879,20.1955097877,19.9451205458,19.6985494606,19.457084645,19.2217038152
6-Nov-17,,24.5400136705,24.323968691,24.1106998369,23.899519764,23.6897865504,23.4809704568,23.2726805775,23.0661583786,22.8638105907,22.6650260988,22.4603507979,22.2395150242,22.0046839005,21.7679150251,21.5385748364,21.3163173184,21.0988723734,20.8850623592,20.6746755037,20.4675460111,20.2635582765
6-Nov-18,,24.7045802248,24.5191331467,24.3370115932,24.1587866708,23.9842015241,23.8108596553,23.6362877813,23.4615354699,23.290162244,23.1238403012,22.9586170057,22.789680621,22.6145604389,22.4326334214,22.2442714984,22.052976571,21.8628169059,21.6763992698,21.4950349727,21.3192577398,21.1468871622
6-Nov-20,,25.5733665917,25.4236748261,25.2751439915,25.1294406284,24.9874937692,24.8482703873,24.7104945082,24.573807742,24.4385060497,24.3048530867,24.1729776352,24.0429558253,23.9144212042,23.7866560546,23.658741102,23.5291278284,23.3961936943,23.2593275154,23.1188112507,22.9753060669,22.830770536
6-Nov-23,,29.1198894844,28.9416907058,28.7692028943,28.5989179649,28.4286221158,28.2596077568,28.0936054516,27.9305345519,27.7690101845,27.6087994975,27.4531200591,27.3054394639,27.1631236868,27.0186607183,26.8675275291,26.7155190577,26.5701417022,26.4310087568,26.2907133283,26.1445507487,25.9988083323
END VOL SURFACE STANDARD DATES,,,,,,,,,,,,,,,,,,,,,,
TERM STRUCTURE STANDARD DATES,,,,,,,,,,,,,,,,,,,,,,
Term,ATM Vol Mid(%),ATM Vol Spread(%),Var Swap(%),Forward Price(USD),Forward Price(%),Dividend points,Security Lending(%),Funding rate(%),,,,,,,,,,,,,,
13-Nov-13,20.05,0.49,21.23,2141.36,100.08,0,0.2,4.42,,,,,,,,,,,,,,
6-Dec-13,20.01,0.49,21.4,2147.25,100.36,0,0.2,4.49,,,,,,,,,,,,,,
6-Jan-14,20.08,0.5,21.53,2155.5,100.74,0,0.2,4.59,,,,,,,,,,,,,,
10-Feb-14,20.23,0.5,21.62,2165.22,101.2,0,0.2,4.69,,,,,,,,,,,,,,
6-May-14,20.68,0.52,21.83,2189.87,102.35,0,0.2,4.88,,,,,,,,,,,,,,
6-Aug-14,21.07,0.53,21.95,2216.61,103.6,0,0.2,4.95,,,,,,,,,,,,,,
6-Nov-14,21.26,0.54,21.93,2243.61,104.86,0,0.2,5,,,,,,,,,,,,,,
6-May-15,21.15,0.57,21.51,2296.83,107.35,0,0.2,5,,,,,,,,,,,,,,
6-Nov-15,21.24,0.6,21.42,2352.07,109.93,0,0.2,4.99,,,,,,,,,,,,,,
7-Nov-16,21.79,0.63,21.89,2465.19,115.22,0,0.2,4.97,,,,,,,,,,,,,,
6-Nov-17,22.46,0.67,22.57,2583.87,120.76,0,0.2,4.97,,,,,,,,,,,,,,
6-Nov-18,22.96,0.7,23.14,2709.88,126.65,0,0.2,4.98,,,,,,,,,,,,,,
6-Nov-20,24.17,0.82,24.56,2987.82,139.64,0,0.2,5.02,,,,,,,,,,,,,,
6-Nov-23,27.45,1,28.66,3469.69,162.16,0,0.2,5.09,,,,,,,,,,,,,,
END TERM STRUCTURE STANDARD DATES,,,,,,,,,,,,,,,,,,,,,,
VOL SPREADS,,,,,,,,,,,,,,,,,,,,,,
Date,Days,Volatility Spread (%),,,,,,,,,,,,,,,,,,,,
4-Feb-14,90,0.5,,,,,,,,,,,,,,,,,,,,
6-Nov-15,730,0.6,,,,,,,,,,,,,,,,,,,,
5-Nov-18,1825,0.7,,,,,,,,,,,,,,,,,,,,
4-Nov-23,3650,1,,,,,,,,,,,,,,,,,,,,
END VOL SPREADS,,,,,,,,,,,,,,,,,,,,,,
RATES,,,,,,,,,,,,,,,,,,,,,,
Date,Days,Rate (%pa),Discount Factor,,,,,,,,,,,,,,,,,,,
13-Nov-13,7,4.4182864837,0.9991416262,,,,,,,,,,,,,,,,,,,
7-Feb-14,93,4.6841787497,0.9880438834,,,,,,,,,,,,,,,,,,,
7-May-14,182,4.8789378502,0.9759280121,,,,,,,,,,,,,,,,,,,
7-Aug-14,274,4.9535673204,0.9636676562,,,,,,,,,,,,,,,,,,,
7-Nov-14,366,5.0025886766,0.9515829687,,,,,,,,,,,,,,,,,,,
9-Nov-15,733,4.9888730239,0.905628216,,,,,,,,,,,,,,,,,,,
7-Nov-16,1097,4.9675685797,0.8626613031,,,,,,,,,,,,,,,,,,,
7-Nov-17,1462,4.9681213693,0.8212652724,,,,,,,,,,,,,,,,,,,
7-Nov-18,1827,4.9780853909,0.7814916869,,,,,,,,,,,,,,,,,,,
7-Nov-23,3653,5.0908027165,0.6041963569,,,,,,,,,,,,,,,,,,,
END RATES,,,,,,,,,,,,,,,,,,,,,,
DIVIDENDS,,,,,,,,,,,,,,,,,,,,,,
Date,Implied Dividends,,,,,,,,,,,,,,,,,,,,,
31-Oct-13,0,,,,,,,,,,,,,,,,,,,,,
5-Nov-13,0,,,,,,,,,,,,,,,,,,,,,
7-Nov-13,0,,,,,,,,,,,,,,,,,,,,,
13-Nov-13,0,,,,,,,,,,,,,,,,,,,,,
25-Nov-13,0,,,,,,,,,,,,,,,,,,,,,
27-Nov-13,0,,,,,,,,,,,,,,,,,,,,,
END DIVIDENDS,,,,,,,,,,,,,,,,,,,,,,
DOUBLENOTOUCH PAYOUT CNY,,,,,,,,,,,,,,,,,,,,,,
Low Trigger %,Expiry,High Trigger %,Strike,ID,mini,,,,,,,,,,,,,,,,,
81,1/16/2014,102,8.24712319,SSECOMP 1111,1,,,,,,,,,,,,,,,,,
81,1/16/2014,103,14.69635637,SSECOMP 1208,0,,,,,,,,,,,,,,,,,
81,1/16/2014,104,22.1972717,SSECOMP 1306,0,,,,,,,,,,,,,,,,,
81,1/16/2014,105,30.2834165,SSECOMP 1407,0,,,,,,,,,,,,,,,,,
81,1/16/2014,106,38.52547173,SSECOMP 1508,0,,,,,,,,,,,,,,,,,
81,1/16/2014,107,46.56441265,SSECOMP 1610,1,,,,,,,,,,,,,,,,,
81,1/16/2014,108,54.11952138,SSECOMP 1710,0,,,,,,,,,,,,,,,,,
81,1/16/2014,109,60.9889509,SSECOMP 1792,0,,,,,,,,,,,,,,,,,
81,1/16/2014,110,67.04883967,SSECOMP 1853,0,,,,,,,,,,,,,,,,,
81,1/16/2014,111,72.24490285,SSECOMP 1898,1,,,,,,,,,,,,,,,,,
81,1/2/2014,102,11.13483936,SSECOMP 1156,1,,,,,,,,,,,,,,,,,
81,1/2/2014,103,19.19507572,SSECOMP 1271,0,,,,,,,,,,,,,,,,,
81,1/2/2014,104,28.18938422,SSECOMP 1383,0,,,,,,,,,,,,,,,,,
81,1/2/2014,105,37.53322704,SSECOMP 1500,1,,,,,,,,,,,,,,,,,
81,1/2/2014,106,46.72032471,SSECOMP 1615,0,,,,,,,,,,,,,,,,,
81,1/2/2014,107,55.34876173,SSECOMP 1725,0,,,,,,,,,,,,,,,,,
81,1/2/2014,108,63.12948398,SSECOMP 1814,0,,,,,,,,,,,,,,,,,
81,1/2/2014,109,69.8857355,SSECOMP 1879,1,,,,,,,,,,,,,,,,,
81,1/2/2014,110,75.54997138,SSECOMP 1925,0,,,,,,,,,,,,,,,,,
81,1/2/2014,111,80.14451724,SSECOMP 1954,0,,,,,,,,,,,,,,,,,
81,1/23/2014,102,7.139580548,SSECOMP 1093,1,,,,,,,,,,,,,,,,,
81,1/23/2014,103,12.92795783,SSECOMP 1181,0,,,,,,,,,,,,,,,,,
81,1/23/2014,104,19.7918497,SSECOMP 1279,0,,,,,,,,,,,,,,,,,
81,1/23/2014,105,27.31650932,SSECOMP 1370,0,,,,,,,,,,,,,,,,,
81,1/23/2014,106,35.10605135,SSECOMP 1465,0,,,,,,,,,,,,,,,,,
81,1/23/2014,107,42.82106195,SSECOMP 1567,1,,,,,,,,,,,,,,,,,
81,1/23/2014,108,50.18898708,SSECOMP 1661,0,,,,,,,,,,,,,,,,,
81,1/23/2014,109,57.00574581,SSECOMP 1745,0,,,,,,,,,,,,,,,,,
81,1/23/2014,110,63.13460868,SSECOMP 1815,0,,,,,,,,,,,,,,,,,
81,1/23/2014,111,68.49999411,SSECOMP 1867,1,,,,,,,,,,,,,,,,,
81,1/30/2014,102,6.200289302,SSECOMP 1078,1,,,,,,,,,,,,,,,,,
81,1/30/2014,103,11.40414265,SSECOMP 1160,0,,,,,,,,,,,,,,,,,
81,1/30/2014,104,17.69110915,SSECOMP 1248,0,,,,,,,,,,,,,,,,,
81,1/30/2014,105,24.69441483,SSECOMP 1336,0,,,,,,,,,,,,,,,,,
81,1/30/2014,106,32.0498976,SSECOMP 1431,1,,,,,,,,,,,,,,,,,
81,1/30/2014,107,39.43677215,SSECOMP 1519,0,,,,,,,,,,,,,,,,,
81,1/30/2014,108,46.59179876,SSECOMP 1611,0,,,,,,,,,,,,,,,,,
81,1/30/2014,109,53.31127317,SSECOMP 1697,0,,,,,,,,,,,,,,,,,
81,1/30/2014,110,59.45128446,SSECOMP 1775,0,,,,,,,,,,,,,,,,,
81,1/30/2014,111,64.9216154,SSECOMP 1832,1,,,,,,,,,,,,,,,,,
81,1/9/2014,102,9.559579149,SSECOMP 1132,1,,,,,,,,,,,,,,,,,
81,1/9/2014,103,16.75895918,SSECOMP 1237,0,,,,,,,,,,,,,,,,,
81,1/9/2014,104,24.9653864,SSECOMP 1338,0,,,,,,,,,,,,,,,,,
81,1/9/2014,105,33.65635041,SSECOMP 1448,0,,,,,,,,,,,,,,,,,
81,1/9/2014,106,42.36629271,SSECOMP 1558,0,,,,,,,,,,,,,,,,,
81,1/9/2014,107,50.71552757,SSECOMP 1665,1,,,,,,,,,,,,,,,,,
81,1/9/2014,108,58.4167038,SSECOMP 1760,0,,,,,,,,,,,,,,,,,
81,1/9/2014,109,65.27568677,SSECOMP 1839,0,,,,,,,,,,,,,,,,,
81,1/9/2014,110,71.18985037,SSECOMP 1890,0,,,,,,,,,,,,,,,,,
81,1/9/2014,111,76.1361264,SSECOMP 1928,1,,,,,,,,,,,,,,,,,
81,12/11/2013,102,18.78860246,SSECOMP 1262,1,,,,,,,,,,,,,,,,,
81,12/11/2013,103,30.62934824,SSECOMP 1411,0,,,,,,,,,,,,,,,,,
81,12/11/2013,104,42.82911101,SSECOMP 1568,0,,,,,,,,,,,,,,,,,
81,12/11/2013,105,54.50100054,SSECOMP 1715,1,,,,,,,,,,,,,,,,,
81,12/11/2013,106,64.95779907,SSECOMP 1833,0,,,,,,,,,,,,,,,,,
81,12/11/2013,107,73.77199599,SSECOMP 1909,0,,,,,,,,,,,,,,,,,
81,12/11/2013,108,80.7890879,SSECOMP 1961,0,,,,,,,,,,,,,,,,,
81,12/11/2013,109,86.08606937,SSECOMP 1984,0,,,,,,,,,,,,,,,,,
81,12/11/2013,110,89.89819324,SSECOMP 1996,0,,,,,,,,,,,,,,,,,
81,12/11/2013,111,92.52644704,SSECOMP 2000,1,,,,,,,,,,,,,,,,,
81,12/18/2013,102,15.7599855,SSECOMP 1222,1,,,,,,,,,,,,,,,,,
81,12/18/2013,103,26.16660527,SSECOMP 1356,0,,,,,,,,,,,,,,,,,
81,12/18/2013,104,37.20082758,SSECOMP 1491,0,,,,,,,,,,,,,,,,,
81,12/18/2013,105,48.10192678,SSECOMP 1632,0,,,,,,,,,,,,,,,,,
81,12/18/2013,106,58.25066045,SSECOMP 1758,1,,,,,,,,,,,,,,,,,
81,12/18/2013,107,67.20612381,SSECOMP 1855,0,,,,,,,,,,,,,,,,,
81,12/18/2013,108,74.72397052,SSECOMP 1919,0,,,,,,,,,,,,,,,,,
81,12/18/2013,109,80.74573441,SSECOMP 1960,0,,,,,,,,,,,,,,,,,
81,12/18/2013,110,85.36571161,SSECOMP 1981,0,,,,,,,,,,,,,,,,,
81,12/18/2013,111,88.77222753,SSECOMP 1993,1,,,,,,,,,,,,,,,,,
81,12/26/2013,102,13.04148923,SSECOMP 1187,1,,,,,,,,,,,,,,,,,
81,12/26/2013,103,22.09726823,SSECOMP 1305,0,,,,,,,,,,,,,,,,,
81,12/26/2013,104,31.9763,SSECOMP 1429,0,,,,,,,,,,,,,,,,,
81,12/26/2013,105,42.02165875,SSECOMP 1550,0,,,,,,,,,,,,,,,,,
81,12/26/2013,106,51.67977831,SSECOMP 1677,1,,,,,,,,,,,,,,,,,
81,12/26/2013,107,60.52752552,SSECOMP 1785,0,,,,,,,,,,,,,,,,,
81,12/26/2013,108,68.2826741,SSECOMP 1865,0,,,,,,,,,,,,,,,,,
81,12/26/2013,109,74.80469602,SSECOMP 1920,0,,,,,,,,,,,,,,,,,
81,12/26/2013,110,80.08283726,SSECOMP 1953,1,,,,,,,,,,,,,,,,,
81,12/26/2013,111,84.2031859,SSECOMP 1976,0,,,,,,,,,,,,,,,,,
81,2/13/2014,102,4.71445178,SSECOMP 1051,1,,,,,,,,,,,,,,,,,
81,2/13/2014,103,8.937647958,SSECOMP 1120,0,,,,,,,,,,,,,,,,,
81,2/13/2014,104,14.2241714,SSECOMP 1200,0,,,,,,,,,,,,,,,,,
81,2/13/2014,105,20.2933482,SSECOMP 1285,0,,,,,,,,,,,,,,,,,
81,2/13/2014,106,26.84041282,SSECOMP 1364,0,,,,,,,,,,,,,,,,,
81,2/13/2014,107,33.58088768,SSECOMP 1447,1,,,,,,,,,,,,,,,,,
81,2/13/2014,108,40.27048162,SSECOMP 1531,0,,,,,,,,,,,,,,,,,
81,2/13/2014,109,46.71181844,SSECOMP 1614,0,,,,,,,,,,,,,,,,,
81,2/13/2014,110,52.75484704,SSECOMP 1689,0,,,,,,,,,,,,,,,,,
81,2/13/2014,111,58.29320915,SSECOMP 1759,1,,,,,,,,,,,,,,,,,
81,2/6/2014,102,5.399159098,SSECOMP 1065,1,,,,,,,,,,,,,,,,,
81,2/6/2014,103,10.08383978,SSECOMP 1140,0,,,,,,,,,,,,,,,,,
81,2/6/2014,104,15.84666299,SSECOMP 1224,0,,,,,,,,,,,,,,,,,
81,2/6/2014,105,22.3654641,SSECOMP 1309,0,,,,,,,,,,,,,,,,,
81,2/6/2014,106,29.306343,SSECOMP 1395,0,,,,,,,,,,,,,,,,,
81,2/6/2014,107,36.36707747,SSECOMP 1480,1,,,,,,,,,,,,,,,,,
81,2/6/2014,108,43.29355879,SSECOMP 1572,0,,,,,,,,,,,,,,,,,
81,2/6/2014,109,49.88468814,SSECOMP 1655,0,,,,,,,,,,,,,,,,,
81,2/6/2014,110,55.9924974,SSECOMP 1733,0,,,,,,,,,,,,,,,,,
81,2/6/2014,111,61.51695758,SSECOMP 1795,1,,,,,,,,,,,,,,,,,
82,1/16/2014,102,7.640282165,SSECOMP 1104,1,,,,,,,,,,,,,,,,,
82,1/16/2014,103,13.88260533,SSECOMP 1193,0,,,,,,,,,,,,,,,,,
82,1/16/2014,104,21.25017534,SSECOMP 1294,0,,,,,,,,,,,,,,,,,
82,1/16/2014,105,29.25919142,SSECOMP 1394,0,,,,,,,,,,,,,,,,,
82,1/16/2014,106,37.46077833,SSECOMP 1499,0,,,,,,,,,,,,,,,,,
82,1/16/2014,107,45.47966296,SSECOMP 1597,1,,,,,,,,,,,,,,,,,
82,1/16/2014,108,53.0255453,SSECOMP 1692,0,,,,,,,,,,,,,,,,,
82,1/16/2014,109,59.89090118,SSECOMP 1780,0,,,,,,,,,,,,,,,,,
82,1/16/2014,110,65.94883918,SSECOMP 1842,0,,,,,,,,,,,,,,,,,
82,1/16/2014,111,71.14388103,SSECOMP 1889,1,,,,,,,,,,,,,,,,,
82,1/2/2014,102,10.51470654,SSECOMP 1144,1,,,,,,,,,,,,,,,,,
82,1/2/2014,103,18.40783353,SSECOMP 1258,0,,,,,,,,,,,,,,,,,
82,1/2/2014,104,27.31097309,SSECOMP 1369,0,,,,,,,,,,,,,,,,,
82,1/2/2014,105,36.61088432,SSECOMP 1484,1,,,,,,,,,,,,,,,,,
82,1/2/2014,106,45.77941189,SSECOMP 1603,0,,,,,,,,,,,,,,,,,
82,1/2/2014,107,54.40050049,SSECOMP 1713,0,,,,,,,,,,,,,,,,,
82,1/2/2014,108,62.17855739,SSECOMP 1803,0,,,,,,,,,,,,,,,,,
82,1/2/2014,109,68.93405121,SSECOMP 1869,0,,,,,,,,,,,,,,,,,
82,1/2/2014,110,74.59794623,SSECOMP 1918,0,,,,,,,,,,,,,,,,,
82,1/2/2014,111,79.19195922,SSECOMP 1947,1,,,,,,,,,,,,,,,,,
82,1/23/2014,102,6.551220408,SSECOMP 1084,1,,,,,,,,,,,,,,,,,
82,1/23/2014,103,12.11902509,SSECOMP 1171,0,,,,,,,,,,,,,,,,,
82,1/23/2014,104,18.83142668,SSECOMP 1265,0,,,,,,,,,,,,,,,,,
82,1/23/2014,105,26.26218837,SSECOMP 1358,0,,,,,,,,,,,,,,,,,
82,1/23/2014,106,33.99861384,SSECOMP 1452,0,,,,,,,,,,,,,,,,,
82,1/23/2014,107,41.68507429,SSECOMP 1547,1,,,,,,,,,,,,,,,,,
82,1/23/2014,108,49.03877601,SSECOMP 1644,0,,,,,,,,,,,,,,,,,
82,1/23/2014,109,55.8484673,SSECOMP 1732,0,,,,,,,,,,,,,,,,,
82,1/23/2014,110,61.97383506,SSECOMP 1801,0,,,,,,,,,,,,,,,,,
82,1/23/2014,111,67.3373384,SSECOMP 1858,1,,,,,,,,,,,,,,,,,
82,1/30/2014,102,5.635173086,SSECOMP 1068,1,,,,,,,,,,,,,,,,,
82,1/30/2014,103,10.6085389,SSECOMP 1147,0,,,,,,,,,,,,,,,,,
82,1/30/2014,104,16.72816835,SSECOMP 1236,0,,,,,,,,,,,,,,,,,
82,1/30/2014,105,23.62156797,SSECOMP 1323,0,,,,,,,,,,,,,,,,,
82,1/30/2014,106,30.91073234,SSECOMP 1414,0,,,,,,,,,,,,,,,,,
82,1/30/2014,107,38.25974228,SSECOMP 1504,1,,,,,,,,,,,,,,,,,
82,1/30/2014,108,45.39425924,SSECOMP 1595,0,,,,,,,,,,,,,,,,,
82,1/30/2014,109,52.10297385,SSECOMP 1684,0,,,,,,,,,,,,,,,,,
82,1/30/2014,110,58.23717479,SSECOMP 1757,0,,,,,,,,,,,,,,,,,
82,1/30/2014,111,63.70433364,SSECOMP 1820,1,,,,,,,,,,,,,,,,,
82,1/9/2014,102,8.941155124,SSECOMP 1121,1,,,,,,,,,,,,,,,,,
82,1/9/2014,103,15.95130818,SSECOMP 1227,0,,,,,,,,,,,,,,,,,
82,1/9/2014,104,24.04459503,SSECOMP 1330,0,,,,,,,,,,,,,,,,,
82,1/9/2014,105,32.6752886,SSECOMP 1436,1,,,,,,,,,,,,,,,,,
82,1/9/2014,106,41.35648586,SSECOMP 1544,0,,,,,,,,,,,,,,,,,
82,1/9/2014,107,49.69269455,SSECOMP 1653,0,,,,,,,,,,,,,,,,,
82,1/9/2014,108,57.38856623,SSECOMP 1750,0,,,,,,,,,,,,,,,,,
82,1/9/2014,109,64.24554119,SSECOMP 1825,0,,,,,,,,,,,,,,,,,
82,1/9/2014,110,70.15872257,SSECOMP 1881,0,,,,,,,,,,,,,,,,,
82,1/9/2014,111,75.10442098,SSECOMP 1923,1,,,,,,,,,,,,,,,,,
82,12/11/2013,102,18.28549588,SSECOMP 1256,1,,,,,,,,,,,,,,,,,
82,12/11/2013,103,30.05560567,SSECOMP 1405,0,,,,,,,,,,,,,,,,,
82,12/11/2013,104,42.23216016,SSECOMP 1555,0,,,,,,,,,,,,,,,,,
82,12/11/2013,105,53.89820505,SSECOMP 1708,0,,,,,,,,,,,,,,,,,
82,12/11/2013,106,64.35435329,SSECOMP 1826,1,,,,,,,,,,,,,,,,,
82,12/11/2013,107,73.1682849,SSECOMP 1905,0,,,,,,,,,,,,,,,,,
82,12/11/2013,108,80.18560481,SSECOMP 1955,0,,,,,,,,,,,,,,,,,
82,12/11/2013,109,85.48256751,SSECOMP 1982,0,,,,,,,,,,,,,,,,,
82,12/11/2013,110,89.29416869,SSECOMP 1994,0,,,,,,,,,,,,,,,,,
82,12/11/2013,111,91.92180864,SSECOMP 1999,1,,,,,,,,,,,,,,,,,
82,12/18/2013,102,15.19106039,SSECOMP 1215,1,,,,,,,,,,,,,,,,,
82,12/18/2013,103,25.4927352,SSECOMP 1350,0,,,,,,,,,,,,,,,,,
82,12/18/2013,104,36.48385748,SSECOMP 1481,0,,,,,,,,,,,,,,,,,
82,12/18/2013,105,47.370389,SSECOMP 1624,0,,,,,,,,,,,,,,,,,
82,12/18/2013,106,57.51512171,SSECOMP 1752,0,,,,,,,,,,,,,,,,,
82,12/18/2013,107,66.46965242,SSECOMP 1848,1,,,,,,,,,,,,,,,,,
82,12/18/2013,108,73.9875458,SSECOMP 1914,0,,,,,,,,,,,,,,,,,
82,12/18/2013,109,80.00939307,SSECOMP 1951,0,,,,,,,,,,,,,,,,,
82,12/18/2013,110,84.62892071,SSECOMP 1977,0,,,,,,,,,,,,,,,,,
82,12/18/2013,111,88.03526248,SSECOMP 1990,1,,,,,,,,,,,,,,,,,
82,12/26/2013,102,12.43371234,SSECOMP 1174,1,,,,,,,,,,,,,,,,,
82,12/26/2013,103,21.34897261,SSECOMP 1296,0,,,,,,,,,,,,,,,,,
82,12/26/2013,104,31.1594616,SSECOMP 1417,1,,,,,,,,,,,,,,,,,
82,12/26/2013,105,41.17592771,SSECOMP 1542,0,,,,,,,,,,,,,,,,,
82,12/26/2013,106,50.82373249,SSECOMP 1667,0,,,,,,,,,,,,,,,,,
82,12/26/2013,107,59.66786858,SSECOMP 1777,0,,,,,,,,,,,,,,,,,
82,12/26/2013,108,67.42215582,SSECOMP 1859,0,,,,,,,,,,,,,,,,,
82,12/26/2013,109,73.94415544,SSECOMP 1912,0,,,,,,,,,,,,,,,,,
82,12/26/2013,110,79.22186298,SSECOMP 1948,0,,,,,,,,,,,,,,,,,
82,12/26/2013,111,83.34209532,SSECOMP 1971,1,,,,,,,,,,,,,,,,,
82,2/13/2014,102,4.203842353,SSECOMP 1046,1,,,,,,,,,,,,,,,,,
82,2/13/2014,103,8.186347083,SSECOMP 1107,0,,,,,,,,,,,,,,,,,
82,2/13/2014,104,13.28112529,SSECOMP 1189,0,,,,,,,,,,,,,,,,,
82,2/13/2014,105,19.21188228,SSECOMP 1272,1,,,,,,,,,,,,,,,,,
82,2/13/2014,106,25.66649331,SSECOMP 1352,0,,,,,,,,,,,,,,,,,
82,2/13/2014,107,32.34848092,SSECOMP 1434,0,,,,,,,,,,,,,,,,,
82,2/13/2014,108,39.00290948,SSECOMP 1513,0,,,,,,,,,,,,,,,,,
82,2/13/2014,109,45.42340425,SSECOMP 1596,1,,,,,,,,,,,,,,,,,
82,2/13/2014,110,51.45431546,SSECOMP 1673,0,,,,,,,,,,,,,,,,,
82,2/13/2014,111,56.98540344,SSECOMP 1744,1,,,,,,,,,,,,,,,,,
82,2/6/2014,102,4.860407458,SSECOMP 1058,1,,,,,,,,,,,,,,,,,
82,2/6/2014,103,9.308033058,SSECOMP 1130,0,,,,,,,,,,,,,,,,,
82,2/6/2014,104,14.89008853,SSECOMP 1210,0,,,,,,,,,,,,,,,,,
82,2/6/2014,105,21.28403844,SSECOMP 1295,0,,,,,,,,,,,,,,,,,
82,2/6/2014,106,28.14539875,SSECOMP 1382,1,,,,,,,,,,,,,,,,,
82,2/6/2014,107,35.15807551,SSECOMP 1466,0,,,,,,,,,,,,,,,,,
82,2/6/2014,108,42.05708236,SSECOMP 1551,0,,,,,,,,,,,,,,,,,
82,2/6/2014,109,48.63278532,SSECOMP 1638,1,,,,,,,,,,,,,,,,,
82,2/6/2014,110,54.73191566,SSECOMP 1719,0,,,,,,,,,,,,,,,,,
82,2/6/2014,111,60.25143086,SSECOMP 1783,1,,,,,,,,,,,,,,,,,
83,1/16/2014,102,6.989928144,SSECOMP 1089,1,,,,,,,,,,,,,,,,,
83,1/16/2014,103,12.99382811,SSECOMP 1184,0,,,,,,,,,,,,,,,,,
83,1/16/2014,104,20.2023736,SSECOMP 1283,0,,,,,,,,,,,,,,,,,
83,1/16/2014,105,28.11638244,SSECOMP 1380,0,,,,,,,,,,,,,,,,,
83,1/16/2014,106,36.26617271,SSECOMP 1478,1,,,,,,,,,,,,,,,,,
83,1/16/2014,107,44.25869881,SSECOMP 1582,0,,,,,,,,,,,,,,,,,
83,1/16/2014,108,51.79155893,SSECOMP 1681,0,,,,,,,,,,,,,,,,,
83,1/16/2014,109,58.65113516,SSECOMP 1765,1,,,,,,,,,,,,,,,,,
83,1/16/2014,110,64.70576798,SSECOMP 1830,0,,,,,,,,,,,,,,,,,
83,1/16/2014,111,69.89964258,SSECOMP 1880,1,,,,,,,,,,,,,,,,,
83,1/2/2014,102,9.832736705,SSECOMP 1135,1,,,,,,,,,,,,,,,,,
83,1/2/2014,103,17.5288559,SSECOMP 1246,0,,,,,,,,,,,,,,,,,
83,1/2/2014,104,26.32042698,SSECOMP 1359,1,,,,,,,,,,,,,,,,,
83,1/2/2014,105,35.56462492,SSECOMP 1472,0,,,,,,,,,,,,,,,,,
83,1/2/2014,106,44.70821129,SSECOMP 1587,0,,,,,,,,,,,,,,,,,
83,1/2/2014,107,53.31926051,SSECOMP 1698,1,,,,,,,,,,,,,,,,,
83,1/2/2014,108,61.09310404,SSECOMP 1794,0,,,,,,,,,,,,,,,,,
83,1/2/2014,109,67.84760376,SSECOMP 1862,0,,,,,,,,,,,,,,,,,
83,1/2/2014,110,73.51037845,SSECOMP 1907,0,,,,,,,,,,,,,,,,,
83,1/2/2014,111,78.10470553,SSECOMP 1939,1,,,,,,,,,,,,,,,,,
83,1/23/2014,102,5.92821426,SSECOMP 1072,1,,,,,,,,,,,,,,,,,
83,1/23/2014,103,11.24445555,SSECOMP 1158,0,,,,,,,,,,,,,,,,,
83,1/23/2014,104,17.77803916,SSECOMP 1251,0,,,,,,,,,,,,,,,,,
83,1/23/2014,105,25.09457738,SSECOMP 1341,0,,,,,,,,,,,,,,,,,
83,1/23/2014,106,32.76401238,SSECOMP 1440,1,,,,,,,,,,,,,,,,,
83,1/23/2014,107,40.41373835,SSECOMP 1532,0,,,,,,,,,,,,,,,,,
83,1/23/2014,108,47.74777268,SSECOMP 1629,0,,,,,,,,,,,,,,,,,
83,1/23/2014,109,54.54782427,SSECOMP 1716,1,,,,,,,,,,,,,,,,,
83,1/23/2014,110,60.66761164,SSECOMP 1789,0,,,,,,,,,,,,,,,,,
83,1/23/2014,111,66.02867442,SSECOMP 1844,1,,,,,,,,,,,,,,,,,
83,1/30/2014,102,5.043700483,SSECOMP 1061,1,,,,,,,,,,,,,,,,,
83,1/30/2014,103,9.756784127,SSECOMP 1133,0,,,,,,,,,,,,,,,,,
83,1/30/2014,104,15.68083926,SSECOMP 1221,0,,,,,,,,,,,,,,,,,
83,1/30/2014,105,22.44195666,SSECOMP 1311,1,,,,,,,,,,,,,,,,,
83,1/30/2014,106,29.64868941,SSECOMP 1399,0,,,,,,,,,,,,,,,,,
83,1/30/2014,107,36.94946723,SSECOMP 1486,1,,,,,,,,,,,,,,,,,
83,1/30/2014,108,44.05661185,SSECOMP 1579,0,,,,,,,,,,,,,,,,,
83,1/30/2014,109,50.75071486,SSECOMP 1666,0,,,,,,,,,,,,,,,,,
83,1/30/2014,110,56.87635034,SSECOMP 1743,1,,,,,,,,,,,,,,,,,
83,1/30/2014,111,62.33920288,SSECOMP 1805,0,,,,,,,,,,,,,,,,,
83,1/9/2014,102,8.269995717,SSECOMP 1112,1,,,,,,,,,,,,,,,,,
83,1/9/2014,103,15.05975786,SSECOMP 1213,0,,,,,,,,,,,,,,,,,
83,1/9/2014,104,23.01654628,SSECOMP 1319,0,,,,,,,,,,,,,,,,,
83,1/9/2014,105,31.57200723,SSECOMP 1424,0,,,,,,,,,,,,,,,,,
83,1/9/2014,106,40.21560352,SSECOMP 1530,1,,,,,,,,,,,,,,,,,
83,1/9/2014,107,48.53451796,SSECOMP 1637,0,,,,,,,,,,,,,,,,,
83,1/9/2014,108,56.22250009,SSECOMP 1736,0,,,,,,,,,,,,,,,,,
83,1/9/2014,109,63.07656133,SSECOMP 1813,0,,,,,,,,,,,,,,,,,
83,1/9/2014,110,68.98794162,SSECOMP 1871,1,,,,,,,,,,,,,,,,,
83,1/9/2014,111,73.93323818,SSECOMP 1911,0,,,,,,,,,,,,,,,,,
83,12/11/2013,102,17.69594671,SSECOMP 1249,1,,,,,,,,,,,,,,,,,
83,12/11/2013,103,29.37656177,SSECOMP 1397,0,,,,,,,,,,,,,,,,,
83,12/11/2013,104,41.52210547,SSECOMP 1546,0,,,,,,,,,,,,,,,,,
83,12/11/2013,105,53.17952982,SSECOMP 1695,1,,,,,,,,,,,,,,,,,
83,12/11/2013,106,63.63409872,SSECOMP 1819,0,,,,,,,,,,,,,,,,,
83,12/11/2013,107,72.44798728,SSECOMP 1901,0,,,,,,,,,,,,,,,,,
83,12/11/2013,108,79.46457108,SSECOMP 1949,1,,,,,,,,,,,,,,,,,
83,12/11/2013,109,84.7625797,SSECOMP 1978,0,,,,,,,,,,,,,,,,,
83,12/11/2013,110,88.57282242,SSECOMP 1992,0,,,,,,,,,,,,,,,,,
83,12/11/2013,111,91.20146696,SSECOMP 1998,1,,,,,,,,,,,,,,,,,
83,12/18/2013,102,14.54219031,SSECOMP 1205,1,,,,,,,,,,,,,,,,,
83,12/18/2013,103,24.7153403,SSECOMP 1337,0,,,,,,,,,,,,,,,,,
83,12/18/2013,104,35.65140451,SSECOMP 1474,0,,,,,,,,,,,,,,,,,
83,12/18/2013,105,46.5180512,SSECOMP 1609,1,,,,,,,,,,,,,,,,,
83,12/18/2013,106,56.65696799,SSECOMP 1740,0,,,,,,,,,,,,,,,,,
83,12/18/2013,107,65.61007021,SSECOMP 1841,0,,,,,,,,,,,,,,,,,
83,12/18/2013,108,73.12723117,SSECOMP 1904,0,,,,,,,,,,,,,,,,,
83,12/18/2013,109,79.14980385,SSECOMP 1946,0,,,,,,,,,,,,,,,,,
83,12/18/2013,110,83.76854562,SSECOMP 1973,0,,,,,,,,,,,,,,,,,
83,12/18/2013,111,87.17541618,SSECOMP 1988,1,,,,,,,,,,,,,,,,,
83,12/26/2013,102,11.75512652,SSECOMP 1164,1,,,,,,,,,,,,,,,,,
83,12/26/2013,103,20.50230666,SSECOMP 1287,0,,,,,,,,,,,,,,,,,
83,12/26/2013,104,30.2275891,SSECOMP 1406,0,,,,,,,,,,,,,,,,,
83,12/26/2013,105,40.20657678,SSECOMP 1529,1,,,,,,,,,,,,,,,,,
83,12/26/2013,106,49.83998714,SSECOMP 1654,0,,,,,,,,,,,,,,,,,
83,12/26/2013,107,58.67916878,SSECOMP 1766,0,,,,,,,,,,,,,,,,,
83,12/26/2013,108,66.43161744,SSECOMP 1847,0,,,,,,,,,,,,,,,,,
83,12/26/2013,109,72.95371507,SSECOMP 1903,1,,,,,,,,,,,,,,,,,
83,12/26/2013,110,78.23069088,SSECOMP 1941,0,,,,,,,,,,,,,,,,,
83,12/26/2013,111,82.35146491,SSECOMP 1967,1,,,,,,,,,,,,,,,,,
83,2/13/2014,102,3.681325881,SSECOMP 1036,1,,,,,,,,,,,,,,,,,
83,2/13/2014,103,7.397190854,SSECOMP 1097,0,,,,,,,,,,,,,,,,,
83,2/13/2014,104,12.27196604,SSECOMP 1172,0,,,,,,,,,,,,,,,,,
83,2/13/2014,105,18.03921456,SSECOMP 1254,0,,,,,,,,,,,,,,,,,
83,2/13/2014,106,24.3815892,SSECOMP 1333,1,,,,,,,,,,,,,,,,,
83,2/13/2014,107,30.99093354,SSECOMP 1415,0,,,,,,,,,,,,,,,,,
83,2/13/2014,108,37.60005306,SSECOMP 1502,0,,,,,,,,,,,,,,,,,
83,2/13/2014,109,43.99339269,SSECOMP 1577,0,,,,,,,,,,,,,,,,,
83,2/13/2014,110,50.00744965,SSECOMP 1657,1,,,,,,,,,,,,,,,,,
83,2/13/2014,111,55.52880083,SSECOMP 1728,0,,,,,,,,,,,,,,,,,
83,2/6/2014,102,4.302875713,SSECOMP 1047,1,,,,,,,,,,,,,,,,,
83,2/6/2014,103,8.485382633,SSECOMP 1115,0,,,,,,,,,,,,,,,,,
83,2/6/2014,104,13.85816053,SSECOMP 1192,0,,,,,,,,,,,,,,,,,
83,2/6/2014,105,20.10330033,SSECOMP 1281,0,,,,,,,,,,,,,,,,,
83,2/6/2014,106,26.86701685,SSECOMP 1366,1,,,,,,,,,,,,,,,,,
83,2/6/2014,107,33.8193684,SSECOMP 1449,0,,,,,,,,,,,,,,,,,
83,2/6/2014,108,40.68237623,SSECOMP 1537,0,,,,,,,,,,,,,,,,,
83,2/6/2014,109,47.2376129,SSECOMP 1622,1,,,,,,,,,,,,,,,,,
83,2/6/2014,110,53.32433587,SSECOMP 1699,0,,,,,,,,,,,,,,,,,
83,2/6/2014,111,58.83710971,SSECOMP 1768,0,,,,,,,,,,,,,,,,,
84,1/16/2014,102,6.297718258,SSECOMP 1081,1,,,,,,,,,,,,,,,,,
84,1/16/2014,103,12.02622868,SSECOMP 1169,0,,,,,,,,,,,,,,,,,
84,1/16/2014,104,19.0442677,SSECOMP 1267,0,,,,,,,,,,,,,,,,,
84,1/16/2014,105,26.84068004,SSECOMP 1365,0,,,,,,,,,,,,,,,,,
84,1/16/2014,106,34.923942,SSECOMP 1464,1,,,,,,,,,,,,,,,,,
84,1/16/2014,107,42.88137069,SSECOMP 1569,0,,,,,,,,,,,,,,,,,
84,1/16/2014,108,50.39619663,SSECOMP 1663,0,,,,,,,,,,,,,,,,,
84,1/16/2014,109,57.24655245,SSECOMP 1747,0,,,,,,,,,,,,,,,,,
84,1/16/2014,110,63.29682021,SSECOMP 1816,0,,,,,,,,,,,,,,,,,
84,1/16/2014,111,68.48782441,SSECOMP 1866,1,,,,,,,,,,,,,,,,,
84,1/2/2014,102,9.085828832,SSECOMP 1124,1,,,,,,,,,,,,,,,,,
84,1/2/2014,103,16.54868917,SSECOMP 1234,0,,,,,,,,,,,,,,,,,
84,1/2/2014,104,25.20307565,SSECOMP 1342,0,,,,,,,,,,,,,,,,,
84,1/2/2014,105,34.37611234,SSECOMP 1457,0,,,,,,,,,,,,,,,,,
84,1/2/2014,106,43.48633577,SSECOMP 1574,1,,,,,,,,,,,,,,,,,
84,1/2/2014,107,52.08310123,SSECOMP 1682,0,,,,,,,,,,,,,,,,,
84,1/2/2014,108,59.85094801,SSECOMP 1778,0,,,,,,,,,,,,,,,,,
84,1/2/2014,109,66.60271587,SSECOMP 1849,0,,,,,,,,,,,,,,,,,
84,1/2/2014,110,72.26476878,SSECOMP 1899,0,,,,,,,,,,,,,,,,,
84,1/2/2014,111,76.85813384,SSECOMP 1933,1,,,,,,,,,,,,,,,,,
84,1/23/2014,102,5.273941297,SSECOMP 1064,1,,,,,,,,,,,,,,,,,
84,1/23/2014,103,10.30298802,SSECOMP 1142,0,,,,,,,,,,,,,,,,,
84,1/23/2014,104,16.62484592,SSECOMP 1235,0,,,,,,,,,,,,,,,,,
84,1/23/2014,105,23.8017832,SSECOMP 1325,1,,,,,,,,,,,,,,,,,
84,1/23/2014,106,31.38659628,SSECOMP 1421,0,,,,,,,,,,,,,,,,,
84,1/23/2014,107,38.9882653,SSECOMP 1512,0,,,,,,,,,,,,,,,,,
84,1/23/2014,108,46.29586719,SSECOMP 1607,0,,,,,,,,,,,,,,,,,
84,1/23/2014,109,53.08150519,SSECOMP 1693,0,,,,,,,,,,,,,,,,,
84,1/23/2014,110,59.19376289,SSECOMP 1772,0,,,,,,,,,,,,,,,,,
84,1/23/2014,111,64.55008702,SSECOMP 1828,1,,,,,,,,,,,,,,,,,
84,1/30/2014,102,4.430612177,SSECOMP 1048,1,,,,,,,,,,,,,,,,,
84,1/30/2014,103,8.849885528,SSECOMP 1117,0,,,,,,,,,,,,,,,,,
84,1/30/2014,104,14.54492315,SSECOMP 1206,0,,,,,,,,,,,,,,,,,
84,1/30/2014,105,21.14623477,SSECOMP 1293,0,,,,,,,,,,,,,,,,,
84,1/30/2014,106,28.25030945,SSECOMP 1384,1,,,,,,,,,,,,,,,,,
84,1/30/2014,107,35.48912697,SSECOMP 1470,0,,,,,,,,,,,,,,,,,
84,1/30/2014,108,42.56017299,SSECOMP 1563,0,,,,,,,,,,,,,,,,,
84,1/30/2014,109,49.23346449,SSECOMP 1645,0,,,,,,,,,,,,,,,,,
84,1/30/2014,110,55.34748772,SSECOMP 1724,0,,,,,,,,,,,,,,,,,
84,1/30/2014,111,60.80303821,SSECOMP 1790,1,,,,,,,,,,,,,,,,,
84,1/9/2014,102,7.545700007,SSECOMP 1098,1,,,,,,,,,,,,,,,,,
84,1/9/2014,103,14.07776136,SSECOMP 1199,0,,,,,,,,,,,,,,,,,
84,1/9/2014,104,21.86897776,SSECOMP 1301,0,,,,,,,,,,,,,,,,,
84,1/9/2014,105,30.32992797,SSECOMP 1409,0,,,,,,,,,,,,,,,,,
84,1/9/2014,106,38.9243995,SSECOMP 1511,1,,,,,,,,,,,,,,,,,
84,1/9/2014,107,47.2196209,SSECOMP 1621,0,,,,,,,,,,,,,,,,,
84,1/9/2014,108,54.89645939,SSECOMP 1721,0,,,,,,,,,,,,,,,,,
84,1/9/2014,109,61.74514761,SSECOMP 1799,0,,,,,,,,,,,,,,,,,
84,1/9/2014,110,67.65442467,SSECOMP 1860,0,,,,,,,,,,,,,,,,,
84,1/9/2014,111,72.59804902,SSECOMP 1902,1,,,,,,,,,,,,,,,,,
84,12/11/2013,102,17.00956447,SSECOMP 1240,1,,,,,,,,,,,,,,,,,
84,12/11/2013,103,28.57694673,SSECOMP 1387,0,,,,,,,,,,,,,,,,,
84,12/11/2013,104,40.68107655,SSECOMP 1536,0,,,,,,,,,,,,,,,,,
84,12/11/2013,105,52.32633183,SSECOMP 1685,0,,,,,,,,,,,,,,,,,
84,12/11/2013,106,62.77792276,SSECOMP 1810,0,,,,,,,,,,,,,,,,,
84,12/11/2013,107,71.59150232,SSECOMP 1891,1,,,,,,,,,,,,,,,,,
84,12/11/2013,108,78.60793423,SSECOMP 1945,0,,,,,,,,,,,,,,,,,
84,12/11/2013,109,83.9053289,SSECOMP 1974,0,,,,,,,,,,,,,,,,,
84,12/11/2013,110,87.71612259,SSECOMP 1989,0,,,,,,,,,,,,,,,,,
84,12/11/2013,111,90.34318674,SSECOMP 1997,1,,,,,,,,,,,,,,,,,
84,12/18/2013,102,13.80504018,SSECOMP 1191,1,,,,,,,,,,,,,,,,,
84,12/18/2013,103,23.82027007,SSECOMP 1326,0,,,,,,,,,,,,,,,,,
84,12/18/2013,104,34.6857663,SSECOMP 1462,0,,,,,,,,,,,,,,,,,
84,12/18/2013,105,45.52556735,SSECOMP 1598,1,,,,,,,,,,,,,,,,,
84,12/18/2013,106,55.6557516,SSECOMP 1731,0,,,,,,,,,,,,,,,,,
84,12/18/2013,107,64.60656079,SSECOMP 1829,0,,,,,,,,,,,,,,,,,
84,12/18/2013,108,72.12308233,SSECOMP 1897,0,,,,,,,,,,,,,,,,,
84,12/18/2013,109,78.14514485,SSECOMP 1940,0,,,,,,,,,,,,,,,,,
84,12/18/2013,110,82.7641543,SSECOMP 1968,0,,,,,,,,,,,,,,,,,
84,12/18/2013,111,86.17006607,SSECOMP 1985,1,,,,,,,,,,,,,,,,,
84,12/26/2013,102,11.00020437,SSECOMP 1155,1,,,,,,,,,,,,,,,,,
84,12/26/2013,103,19.54539319,SSECOMP 1274,0,,,,,,,,,,,,,,,,,
84,12/26/2013,104,29.16416083,SSECOMP 1393,0,,,,,,,,,,,,,,,,,
84,12/26/2013,105,39.0942583,SSECOMP 1515,1,,,,,,,,,,,,,,,,,
84,12/26/2013,106,48.70769319,SSECOMP 1641,0,,,,,,,,,,,,,,,,,
84,12/26/2013,107,57.53964642,SSECOMP 1754,0,,,,,,,,,,,,,,,,,
84,12/26/2013,108,65.28945492,SSECOMP 1840,0,,,,,,,,,,,,,,,,,
84,12/26/2013,109,71.81030654,SSECOMP 1893,0,,,,,,,,,,,,,,,,,
84,12/26/2013,110,77.08749774,SSECOMP 1935,0,,,,,,,,,,,,,,,,,
84,12/26/2013,111,81.2070833,SSECOMP 1962,1,,,,,,,,,,,,,,,,,
84,2/13/2014,102,3.153196187,SSECOMP 1027,1,,,,,,,,,,,,,,,,,
84,2/13/2014,103,6.574553286,SSECOMP 1085,0,,,,,,,,,,,,,,,,,
84,2/13/2014,104,11.19700518,SSECOMP 1157,0,,,,,,,,,,,,,,,,,
84,2/13/2014,105,16.77091787,SSECOMP 1238,0,,,,,,,,,,,,,,,,,
84,2/13/2014,106,22.97682368,SSECOMP 1318,0,,,,,,,,,,,,,,,,,
84,2/13/2014,107,29.49552154,SSECOMP 1398,0,,,,,,,,,,,,,,,,,
84,2/13/2014,108,36.04667154,SSECOMP 1477,1,,,,,,,,,,,,,,,,,
84,2/13/2014,109,42.40372744,SSECOMP 1560,0,,,,,,,,,,,,,,,,,
84,2/13/2014,110,48.39538134,SSECOMP 1634,0,,,,,,,,,,,,,,,,,
84,2/13/2014,111,53.90226413,SSECOMP 1709,1,,,,,,,,,,,,,,,,,
84,2/6/2014,102,3.732336576,SSECOMP 1037,1,,,,,,,,,,,,,,,,,
84,2/6/2014,103,7.618831342,SSECOMP 1101,0,,,,,,,,,,,,,,,,,
84,2/6/2014,104,12.7490836,SSECOMP 1179,0,,,,,,,,,,,,,,,,,
84,2/6/2014,105,18.81641978,SSECOMP 1264,0,,,,,,,,,,,,,,,,,
84,2/6/2014,106,25.46007978,SSECOMP 1347,0,,,,,,,,,,,,,,,,,
84,2/6/2014,107,32.33613528,SSECOMP 1433,1,,,,,,,,,,,,,,,,,
84,2/6/2014,108,39.15237848,SSECOMP 1516,0,,,,,,,,,,,,,,,,,
84,2/6/2014,109,45.67947331,SSECOMP 1601,0,,,,,,,,,,,,,,,,,
84,2/6/2014,110,51.74958917,SSECOMP 1679,0,,,,,,,,,,,,,,,,,
84,2/6/2014,111,57.25180071,SSECOMP 1748,1,,,,,,,,,,,,,,,,,
85,1/16/2014,102,5.566997691,SSECOMP 1067,1,,,,,,,,,,,,,,,,,
85,1/16/2014,103,10.97762644,SSECOMP 1154,0,,,,,,,,,,,,,,,,,
85,1/16/2014,104,17.76688045,SSECOMP 1250,0,,,,,,,,,,,,,,,,,
85,1/16/2014,105,25.41692618,SSECOMP 1346,1,,,,,,,,,,,,,,,,,
85,1/16/2014,106,33.4144307,SSECOMP 1442,0,,,,,,,,,,,,,,,,,
85,1/16/2014,107,41.32461139,SSECOMP 1543,0,,,,,,,,,,,,,,,,,
85,1/16/2014,108,48.81430118,SSECOMP 1642,0,,,,,,,,,,,,,,,,,
85,1/16/2014,109,55.65120946,SSECOMP 1730,1,,,,,,,,,,,,,,,,,
85,1/16/2014,110,61.69444804,SSECOMP 1798,0,,,,,,,,,,,,,,,,,
85,1/16/2014,111,66.88127899,SSECOMP 1850,1,,,,,,,,,,,,,,,,,
85,1/2/2014,102,8.271897266,SSECOMP 1113,1,,,,,,,,,,,,,,,,,
85,1/2/2014,103,15.4577437,SSECOMP 1219,0,,,,,,,,,,,,,,,,,
85,1/2/2014,104,23.94253992,SSECOMP 1329,0,,,,,,,,,,,,,,,,,
85,1/2/2014,105,33.02400641,SSECOMP 1441,1,,,,,,,,,,,,,,,,,
85,1/2/2014,106,42.08941903,SSECOMP 1553,0,,,,,,,,,,,,,,,,,
85,1/2/2014,107,50.66572285,SSECOMP 1664,1,,,,,,,,,,,,,,,,,
85,1/2/2014,108,58.42453763,SSECOMP 1761,0,,,,,,,,,,,,,,,,,
85,1/2/2014,109,65.17209589,SSECOMP 1838,0,,,,,,,,,,,,,,,,,
85,1/2/2014,110,70.83243376,SSECOMP 1885,1,,,,,,,,,,,,,,,,,
85,1/2/2014,111,75.42446395,SSECOMP 1924,0,,,,,,,,,,,,,,,,,
85,1/23/2014,102,4.59368937,SSECOMP 1050,1,,,,,,,,,,,,,,,,,
85,1/23/2014,103,9.295520307,SSECOMP 1128,0,,,,,,,,,,,,,,,,,
85,1/23/2014,104,15.36636759,SSECOMP 1217,0,,,,,,,,,,,,,,,,,
85,1/23/2014,105,22.37200963,SSECOMP 1310,0,,,,,,,,,,,,,,,,,
85,1/23/2014,106,29.84956933,SSECOMP 1402,1,,,,,,,,,,,,,,,,,
85,1/23/2014,107,37.38804635,SSECOMP 1496,0,,,,,,,,,,,,,,,,,
85,1/23/2014,108,44.6597345,SSECOMP 1585,1,,,,,,,,,,,,,,,,,
85,1/23/2014,109,51.42500683,SSECOMP 1672,0,,,,,,,,,,,,,,,,,
85,1/23/2014,110,57.52592967,SSECOMP 1753,0,,,,,,,,,,,,,,,,,
85,1/23/2014,111,62.87537105,SSECOMP 1811,1,,,,,,,,,,,,,,,,,
85,1/30/2014,102,3.802589632,SSECOMP 1039,1,,,,,,,,,,,,,,,,,
85,1/30/2014,103,7.891372363,SSECOMP 1106,0,,,,,,,,,,,,,,,,,
85,1/30/2014,104,13.31819357,SSECOMP 1190,0,,,,,,,,,,,,,,,,,
85,1/30/2014,105,19.72595612,SSECOMP 1277,0,,,,,,,,,,,,,,,,,
85,1/30/2014,106,26.70182854,SSECOMP 1363,1,,,,,,,,,,,,,,,,,
85,1/30/2014,107,33.86071152,SSECOMP 1450,0,,,,,,,,,,,,,,,,,
85,1/30/2014,108,40.88374159,SSECOMP 1539,0,,,,,,,,,,,,,,,,,
85,1/30/2014,109,47.52846325,SSECOMP 1628,0,,,,,,,,,,,,,,,,,
85,1/30/2014,110,53.62571388,SSECOMP 1705,0,,,,,,,,,,,,,,,,,
85,1/30/2014,111,59.07082676,SSECOMP 1769,1,,,,,,,,,,,,,,,,,
85,1/9/2014,102,6.769086414,SSECOMP 1087,1,,,,,,,,,,,,,,,,,
85,1/9/2014,103,12.99966022,SSECOMP 1185,0,,,,,,,,,,,,,,,,,
85,1/9/2014,104,20.58931226,SSECOMP 1288,0,,,,,,,,,,,,,,,,,
85,1/9/2014,105,28.93077474,SSECOMP 1390,0,,,,,,,,,,,,,,,,,
85,1/9/2014,106,37.46062119,SSECOMP 1498,1,,,,,,,,,,,,,,,,,
85,1/9/2014,107,45.72304678,SSECOMP 1602,0,,,,,,,,,,,,,,,,,
85,1/9/2014,108,53.38379103,SSECOMP 1700,0,,,,,,,,,,,,,,,,,
85,1/9/2014,109,60.22443074,SSECOMP 1782,0,,,,,,,,,,,,,,,,,
85,1/9/2014,110,66.12982429,SSECOMP 1845,0,,,,,,,,,,,,,,,,,
85,1/9/2014,111,71.0712042,SSECOMP 1887,1,,,,,,,,,,,,,,,,,
85,11/25/2013,107,89.30320718,SSECOMP 2896,1,,,,,,,,,,,,,,,,,
85,11/25/2013,109.5,96.26239112,SSECOMP 3100,0,,,,,,,,,,,,,,,,,
85,11/26/2013,109.5,95.69758458,SSECOMP 3096,0,,,,,,,,,,,,,,,,,
85,11/27/2013,107.5,89.44242669,SSECOMP 2904,0,,,,,,,,,,,,,,,,,
85,11/27/2013,109.5,95.10319112,SSECOMP 3088,1,,,,,,,,,,,,,,,,,
85,11/29/2013,109.5,93.83742655,SSECOMP 3057,0,,,,,,,,,,,,,,,,,
85,12/11/2013,102,16.21351641,SSECOMP 1230,1,,,,,,,,,,,,,,,,,
85,12/11/2013,103,27.63774813,SSECOMP 1372,0,,,,,,,,,,,,,,,,,
85,12/11/2013,104,39.68689556,SSECOMP 1523,0,,,,,,,,,,,,,,,,,
85,12/11/2013,105,51.31469747,SSECOMP 1671,1,,,,,,,,,,,,,,,,,
85,12/11/2013,106,61.76173607,SSECOMP 1800,0,,,,,,,,,,,,,,,,,
85,12/11/2013,107,70.57435271,SSECOMP 1884,0,,,,,,,,,,,,,,,,,
85,12/11/2013,108,77.5905651,SSECOMP 1936,0,,,,,,,,,,,,,,,,,
85,12/11/2013,109,82.88732047,SSECOMP 1970,0,,,,,,,,,,,,,,,,,
85,12/11/2013,110,86.69858719,SSECOMP 1987,0,,,,,,,,,,,,,,,,,
85,12/11/2013,111,89.3248226,SSECOMP 1995,1,,,,,,,,,,,,,,,,,
85,12/18/2013,102,12.96983937,SSECOMP 1183,1,,,,,,,,,,,,,,,,,
85,12/18/2013,103,22.79067785,SSECOMP 1316,0,,,,,,,,,,,,,,,,,
85,12/18/2013,104,33.56516937,SSECOMP 1445,0,,,,,,,,,,,,,,,,,
85,12/18/2013,105,44.36861661,SSECOMP 1583,0,,,,,,,,,,,,,,,,,
85,12/18/2013,106,54.48607045,SSECOMP 1714,1,,,,,,,,,,,,,,,,,
85,12/18/2013,107,63.4329578,SSECOMP 1817,0,,,,,,,,,,,,,,,,,
85,12/18/2013,108,70.94832815,SSECOMP 1886,0,,,,,,,,,,,,,,,,,
85,12/18/2013,109,76.96962691,SSECOMP 1934,0,,,,,,,,,,,,,,,,,
85,12/18/2013,110,81.58901516,SSECOMP 1963,0,,,,,,,,,,,,,,,,,
85,12/18/2013,111,84.99401302,SSECOMP 1980,0,,,,,,,,,,,,,,,,,
85,12/2/2013,109.5,91.78185466,SSECOMP 2988,1,,,,,,,,,,,,,,,,,
85,12/26/2013,102,10.16328812,SSECOMP 1141,1,,,,,,,,,,,,,,,,,
85,12/26/2013,103,18.46497652,SSECOMP 1259,0,,,,,,,,,,,,,,,,,
85,12/26/2013,104,27.94977312,SSECOMP 1378,1,,,,,,,,,,,,,,,,,
85,12/26/2013,105,37.81556863,SSECOMP 1503,0,,,,,,,,,,,,,,,,,
85,12/26/2013,106,47.40137726,SSECOMP 1626,0,,,,,,,,,,,,,,,,,
85,12/26/2013,107,56.22238332,SSECOMP 1735,0,,,,,,,,,,,,,,,,,
85,12/26/2013,108,63.96798546,SSECOMP 1823,0,,,,,,,,,,,,,,,,,
85,12/26/2013,109,70.4869892,SSECOMP 1883,0,,,,,,,,,,,,,,,,,
85,12/26/2013,110,75.76364757,SSECOMP 1927,0,,,,,,,,,,,,,,,,,
85,12/26/2013,111,79.88268453,SSECOMP 1950,1,,,,,,,,,,,,,,,,,
85,12/3/2013,109.5,91.0642078,SSECOMP 2961,1,,,,,,,,,,,,,,,,,
85,12/4/2013,109.5,90.33175102,SSECOMP 2936,1,,,,,,,,,,,,,,,,,
85,12/5/2013,109.5,89.58861623,SSECOMP 2908,0,,,,,,,,,,,,,,,,,
85,12/6/2013,109.5,88.83436382,SSECOMP 2877,0,,,,,,,,,,,,,,,,,
85,12/9/2013,109.5,86.52540105,SSECOMP 2770,0,,,,,,,,,,,,,,,,,
85,2/13/2014,102,2.627661749,SSECOMP 1024,1,,,,,,,,,,,,,,,,,
85,2/13/2014,103,5.725841561,SSECOMP 1069,0,,,,,,,,,,,,,,,,,
85,2/13/2014,104,10.05945727,SSECOMP 1138,0,,,,,,,,,,,,,,,,,
85,2/13/2014,105,15.4046035,SSECOMP 1218,1,,,,,,,,,,,,,,,,,
85,2/13/2014,106,21.44443011,SSECOMP 1298,0,,,,,,,,,,,,,,,,,
85,2/13/2014,107,27.84971178,SSECOMP 1377,0,,,,,,,,,,,,,,,,,
85,2/13/2014,108,34.3264626,SSECOMP 1456,0,,,,,,,,,,,,,,,,,
85,2/13/2014,109,40.63563538,SSECOMP 1535,0,,,,,,,,,,,,,,,,,
85,2/13/2014,110,46.59683462,SSECOMP 1612,0,,,,,,,,,,,,,,,,,
85,2/13/2014,111,52.08379778,SSECOMP 1683,1,,,,,,,,,,,,,,,,,
85,2/6/2014,102,3.156361689,SSECOMP 1028,1,,,,,,,,,,,,,,,,,
85,2/6/2014,103,6.714020441,SSECOMP 1086,0,,,,,,,,,,,,,,,,,
85,2/6/2014,104,11.563623,SSECOMP 1162,0,,,,,,,,,,,,,,,,,
85,2/6/2014,105,17.41821868,SSECOMP 1245,0,,,,,,,,,,,,,,,,,
85,2/6/2014,106,23.91389932,SSECOMP 1328,0,,,,,,,,,,,,,,,,,
85,2/6/2014,107,30.6930915,SSECOMP 1412,1,,,,,,,,,,,,,,,,,
85,2/6/2014,108,37.44833115,SSECOMP 1497,0,,,,,,,,,,,,,,,,,
85,2/6/2014,109,43.93759478,SSECOMP 1576,0,,,,,,,,,,,,,,,,,
85,2/6/2014,110,49.98451424,SSECOMP 1656,0,,,,,,,,,,,,,,,,,
85,2/6/2014,111,55.47189955,SSECOMP 1727,1,,,,,,,,,,,,,,,,,
85.3,12/3/2013,109.5,90.79407327,SSECOMP 2952,1,,,,,,,,,,,,,,,,,
85.6,11/25/2013,107,88.94684504,SSECOMP 2879,1,,,,,,,,,,,,,,,,,
85.6,11/25/2013,109.5,95.90463677,SSECOMP 3098,0,,,,,,,,,,,,,,,,,
85.6,11/26/2013,109.5,95.31107462,SSECOMP 3091,1,,,,,,,,,,,,,,,,,
85.6,11/27/2013,107.5,89.02992451,SSECOMP 2883,0,,,,,,,,,,,,,,,,,
85.6,11/27/2013,109.5,94.68935892,SSECOMP 3078,0,,,,,,,,,,,,,,,,,
85.6,11/29/2013,109.5,93.37222519,SSECOMP 3040,1,,,,,,,,,,,,,,,,,
85.6,12/2/2013,109.5,91.24775422,SSECOMP 2969,1,,,,,,,,,,,,,,,,,
85.6,12/3/2013,109.5,90.50763424,SSECOMP 2942,0,,,,,,,,,,,,,,,,,
85.6,12/4/2013,109.5,89.75635017,SSECOMP 2917,1,,,,,,,,,,,,,,,,,
85.6,12/5/2013,109.5,88.99178252,SSECOMP 2881,0,,,,,,,,,,,,,,,,,
85.6,12/6/2013,109.5,88.21961985,SSECOMP 2846,0,,,,,,,,,,,,,,,,,
85.6,12/9/2013,109.5,85.85753028,SSECOMP 2736,0,,,,,,,,,,,,,,,,,
85.9,11/25/2013,109.5,95.70393202,SSECOMP 3097,1,,,,,,,,,,,,,,,,,
86,1/16/2014,102,4.804855394,SSECOMP 1055,1,,,,,,,,,,,,,,,,,
86,1/16/2014,103,9.848730302,SSECOMP 1136,0,,,,,,,,,,,,,,,,,
86,1/16/2014,104,16.36227342,SSECOMP 1231,0,,,,,,,,,,,,,,,,,
86,1/16/2014,105,23.82950031,SSECOMP 1327,0,,,,,,,,,,,,,,,,,
86,1/16/2014,106,31.7159977,SSECOMP 1426,1,,,,,,,,,,,,,,,,,
86,1/16/2014,107,39.56263053,SSECOMP 1520,0,,,,,,,,,,,,,,,,,
86,1/16/2014,108,47.01709032,SSECOMP 1618,0,,,,,,,,,,,,,,,,,
86,1/16/2014,109,53.83443688,SSECOMP 1707,0,,,,,,,,,,,,,,,,,
86,1/16/2014,110,59.86649588,SSECOMP 1779,0,,,,,,,,,,,,,,,,,
86,1/16/2014,111,65.04719458,SSECOMP 1836,1,,,,,,,,,,,,,,,,,
86,1/2/2014,102,7.391621005,SSECOMP 1096,1,,,,,,,,,,,,,,,,,
86,1/2/2014,103,14.24764667,SSECOMP 1202,0,,,,,,,,,,,,,,,,,
86,1/2/2014,104,22.52127455,SSECOMP 1312,0,,,,,,,,,,,,,,,,,
86,1/2/2014,105,31.48399562,SSECOMP 1423,0,,,,,,,,,,,,,,,,,
86,1/2/2014,106,40.48866627,SSECOMP 1533,1,,,,,,,,,,,,,,,,,
86,1/2/2014,107,49.03573302,SSECOMP 1643,0,,,,,,,,,,,,,,,,,
86,1/2/2014,108,56.78082613,SSECOMP 1741,0,,,,,,,,,,,,,,,,,
86,1/2/2014,109,63.52176406,SSECOMP 1818,0,,,,,,,,,,,,,,,,,
86,1/2/2014,110,69.178585,SSECOMP 1873,0,,,,,,,,,,,,,,,,,
86,1/2/2014,111,73.7691534,SSECOMP 1908,1,,,,,,,,,,,,,,,,,
86,1/23/2014,102,3.896453258,SSECOMP 1041,1,,,,,,,,,,,,,,,,,
86,1/23/2014,103,8.226436076,SSECOMP 1109,0,,,,,,,,,,,,,,,,,
86,1/23/2014,104,13.99920077,SSECOMP 1198,0,,,,,,,,,,,,,,,,,
86,1/23/2014,105,20.79416866,SSECOMP 1289,0,,,,,,,,,,,,,,,,,
86,1/23/2014,106,28.13537658,SSECOMP 1381,0,,,,,,,,,,,,,,,,,
86,1/23/2014,107,35.59073249,SSECOMP 1473,1,,,,,,,,,,,,,,,,,
86,1/23/2014,108,42.81344558,SSECOMP 1566,0,,,,,,,,,,,,,,,,,
86,1/23/2014,109,49.55005586,SSECOMP 1650,0,,,,,,,,,,,,,,,,,
86,1/23/2014,110,55.63388668,SSECOMP 1729,1,,,,,,,,,,,,,,,,,
86,1/23/2014,111,60.97331901,SSECOMP 1791,1,,,,,,,,,,,,,,,,,
86,1/30/2014,102,3.169818258,SSECOMP 1030,1,,,,,,,,,,,,,,,,,
86,1/30/2014,103,6.888506679,SSECOMP 1088,0,,,,,,,,,,,,,,,,,
86,1/30/2014,104,12.00124118,SSECOMP 1168,0,,,,,,,,,,,,,,,,,
86,1/30/2014,105,18.1743364,SSECOMP 1255,0,,,,,,,,,,,,,,,,,
86,1/30/2014,106,24.98977358,SSECOMP 1340,1,,,,,,,,,,,,,,,,,
86,1/30/2014,107,32.04548202,SSECOMP 1430,0,,,,,,,,,,,,,,,,,
86,1/30/2014,108,39.00453476,SSECOMP 1514,0,,,,,,,,,,,,,,,,,
86,1/30/2014,109,45.61005951,SSECOMP 1600,0,,,,,,,,,,,,,,,,,
86,1/30/2014,110,51.68306954,SSECOMP 1678,0,,,,,,,,,,,,,,,,,
86,1/30/2014,111,57.1133087,SSECOMP 1746,1,,,,,,,,,,,,,,,,,
86,1/9/2014,102,5.944538174,SSECOMP 1073,1,,,,,,,,,,,,,,,,,
86,1/9/2014,103,11.82177199,SSECOMP 1165,0,,,,,,,,,,,,,,,,,
86,1/9/2014,104,19.16467578,SSECOMP 1270,0,,,,,,,,,,,,,,,,,
86,1/9/2014,105,27.35434971,SSECOMP 1371,0,,,,,,,,,,,,,,,,,
86,1/9/2014,106,35.79878076,SSECOMP 1476,1,,,,,,,,,,,,,,,,,
86,1/9/2014,107,44.01590572,SSECOMP 1578,0,,,,,,,,,,,,,,,,,
86,1/9/2014,108,51.65329687,SSECOMP 1676,0,,,,,,,,,,,,,,,,,
86,1/9/2014,109,58.48177612,SSECOMP 1762,0,,,,,,,,,,,,,,,,,
86,1/9/2014,110,64.38049851,SSECOMP 1827,0,,,,,,,,,,,,,,,,,
86,1/9/2014,111,69.31857614,SSECOMP 1874,1,,,,,,,,,,,,,,,,,
86,12/11/2013,102,15.29340708,SSECOMP 1216,1,,,,,,,,,,,,,,,,,
86,12/11/2013,103,26.5358559,SSECOMP 1360,0,,,,,,,,,,,,,,,,,
86,12/11/2013,104,38.5110838,SSECOMP 1507,0,,,,,,,,,,,,,,,,,
86,12/11/2013,105,50.11397283,SSECOMP 1659,1,,,,,,,,,,,,,,,,,
86,12/11/2013,106,60.5537063,SSECOMP 1787,0,,,,,,,,,,,,,,,,,
86,12/11/2013,107,69.36452365,SSECOMP 1875,0,,,,,,,,,,,,,,,,,
86,12/11/2013,108,76.38027768,SSECOMP 1929,1,,,,,,,,,,,,,,,,,
86,12/11/2013,109,81.67672569,SSECOMP 1964,0,,,,,,,,,,,,,,,,,
86,12/11/2013,110,85.48723937,SSECOMP 1983,0,,,,,,,,,,,,,,,,,
86,12/11/2013,111,88.11396686,SSECOMP 1991,1,,,,,,,,,,,,,,,,,
86,12/18/2013,102,12.0270516,SSECOMP 1170,1,,,,,,,,,,,,,,,,,
86,12/18/2013,103,21.60700309,SSECOMP 1299,0,,,,,,,,,,,,,,,,,
86,12/18/2013,104,32.26302023,SSECOMP 1432,0,,,,,,,,,,,,,,,,,
86,12/18/2013,105,43.01665684,SSECOMP 1570,0,,,,,,,,,,,,,,,,,
86,12/18/2013,106,53.11540157,SSECOMP 1694,1,,,,,,,,,,,,,,,,,
86,12/18/2013,107,62.05592797,SSECOMP 1802,0,,,,,,,,,,,,,,,,,
86,12/18/2013,108,69.56913847,SSECOMP 1876,0,,,,,,,,,,,,,,,,,
86,12/18/2013,109,75.58961555,SSECOMP 1926,0,,,,,,,,,,,,,,,,,
86,12/18/2013,110,80.2080734,SSECOMP 1956,0,,,,,,,,,,,,,,,,,
86,12/18/2013,111,83.61350869,SSECOMP 1972,1,,,,,,,,,,,,,,,,,
86,12/26/2013,102,9.2405624,SSECOMP 1127,1,,,,,,,,,,,,,,,,,
86,12/26/2013,103,17.24706582,SSECOMP 1244,0,,,,,,,,,,,,,,,,,
86,12/26/2013,104,26.56203053,SSECOMP 1361,0,,,,,,,,,,,,,,,,,
86,12/26/2013,105,36.34262576,SSECOMP 1479,0,,,,,,,,,,,,,,,,,
86,12/26/2013,106,45.88976747,SSECOMP 1606,1,,,,,,,,,,,,,,,,,
86,12/26/2013,107,54.69439524,SSECOMP 1718,0,,,,,,,,,,,,,,,,,
86,12/26/2013,108,62.43319335,SSECOMP 1807,0,,,,,,,,,,,,,,,,,
86,12/26/2013,109,68.94922473,SSECOMP 1870,0,,,,,,,,,,,,,,,,,
86,12/26/2013,110,74.22416143,SSECOMP 1915,0,,,,,,,,,,,,,,,,,
86,12/26/2013,111,78.34296085,SSECOMP 1942,1,,,,,,,,,,,,,,,,,
86,2/13/2014,102,2.115605365,SSECOMP 1016,1,,,,,,,,,,,,,,,,,
86,2/13/2014,103,4.862105801,SSECOMP 1059,0,,,,,,,,,,,,,,,,,
86,2/13/2014,104,8.866311681,SSECOMP 1118,0,,,,,,,,,,,,,,,,,
86,2/13/2014,105,13.94119786,SSECOMP 1195,0,,,,,,,,,,,,,,,,,
86,2/13/2014,106,19.77869435,SSECOMP 1278,0,,,,,,,,,,,,,,,,,
86,2/13/2014,107,26.04200203,SSECOMP 1355,0,,,,,,,,,,,,,,,,,
86,2/13/2014,108,32.42313947,SSECOMP 1435,1,,,,,,,,,,,,,,,,,
86,2/13/2014,109,38.66922999,SSECOMP 1510,0,,,,,,,,,,,,,,,,,
86,2/13/2014,110,44.5888868,SSECOMP 1584,0,,,,,,,,,,,,,,,,,
86,2/13/2014,111,50.0485408,SSECOMP 1658,1,,,,,,,,,,,,,,,,,
86,2/6/2014,102,2.585738862,SSECOMP 1023,1,,,,,,,,,,,,,,,,,
86,2/6/2014,103,5.780495157,SSECOMP 1070,0,,,,,,,,,,,,,,,,,
86,2/6/2014,104,10.30575198,SSECOMP 1143,0,,,,,,,,,,,,,,,,,
86,2/6/2014,105,15.90579586,SSECOMP 1226,0,,,,,,,,,,,,,,,,,
86,2/6/2014,106,22.21893589,SSECOMP 1307,1,,,,,,,,,,,,,,,,,
86,2/6/2014,107,28.87514204,SSECOMP 1389,0,,,,,,,,,,,,,,,,,
86,2/6/2014,108,35.55067639,SSECOMP 1471,0,,,,,,,,,,,,,,,,,
86,2/6/2014,109,41.98913016,SSECOMP 1549,0,,,,,,,,,,,,,,,,,
86,2/6/2014,110,48.00358258,SSECOMP 1631,0,,,,,,,,,,,,,,,,,
86,2/6/2014,111,53.4702807,SSECOMP 1701,1,,,,,,,,,,,,,,,,,
86.2,11/25/2013,109.5,95.48680598,SSECOMP 3093,1,,,,,,,,,,,,,,,,,
86.2,11/26/2013,109.5,94.86220181,SSECOMP 3082,0,,,,,,,,,,,,,,,,,
86.2,11/27/2013,109.5,94.21189176,SSECOMP 3067,0,,,,,,,,,,,,,,,,,
86.2,11/29/2013,109.5,92.84075278,SSECOMP 3022,1,,,,,,,,,,,,,,,,,
86.2,12/2/2013,109.5,90.64310814,SSECOMP 2947,0,,,,,,,,,,,,,,,,,
86.2,12/3/2013,109.5,89.88175115,SSECOMP 2919,1,,,,,,,,,,,,,,,,,
86.2,12/4/2013,109.5,89.10737573,SSECOMP 2888,0,,,,,,,,,,,,,,,,,
86.2,12/5/2013,109.5,88.32411855,SSECOMP 2853,0,,,,,,,,,,,,,,,,,
86.2,12/6/2013,109.5,87.53065969,SSECOMP 2815,1,,,,,,,,,,,,,,,,,
86.2,12/9/2013,109.5,85.11286016,SSECOMP 2705,0,,,,,,,,,,,,,,,,,
86.5,11/25/2013,109.5,95.25215427,SSECOMP 3090,1,,,,,,,,,,,,,,,,,
86.5,11/27/2013,109.5,93.94638467,SSECOMP 3058,0,,,,,,,,,,,,,,,,,
86.5,11/29/2013,109.5,92.54722851,SSECOMP 3012,1,,,,,,,,,,,,,,,,,
86.8,11/25/2013,109.5,94.9991763,SSECOMP 3086,0,,,,,,,,,,,,,,,,,
86.8,11/26/2013,109.5,94.34346489,SSECOMP 3070,1,,,,,,,,,,,,,,,,,
86.8,11/27/2013,109.5,93.66185989,SSECOMP 3049,0,,,,,,,,,,,,,,,,,
86.8,11/29/2013,109.5,92.23406693,SSECOMP 3000,1,,,,,,,,,,,,,,,,,
86.8,12/2/2013,109.5,89.96061633,SSECOMP 2921,0,,,,,,,,,,,,,,,,,
86.8,12/3/2013,109.5,89.17480465,SSECOMP 2891,1,,,,,,,,,,,,,,,,,
86.8,12/4/2013,109.5,88.37901727,SSECOMP 2855,0,,,,,,,,,,,,,,,,,
86.8,12/5/2013,109.5,87.57257948,SSECOMP 2820,1,,,,,,,,,,,,,,,,,
86.8,12/6/2013,109.5,86.75975844,SSECOMP 2780,0,,,,,,,,,,,,,,,,,
86.8,12/9/2013,109.5,84.28326314,SSECOMP 2667,1,,,,,,,,,,,,,,,,,
87,1/16/2014,102,4.022591708,SSECOMP 1044,1,,,,,,,,,,,,,,,,,
87,1/16/2014,103,8.645026214,SSECOMP 1116,0,,,,,,,,,,,,,,,,,
87,1/16/2014,104,14.826392,SSECOMP 1209,0,,,,,,,,,,,,,,,,,
87,1/16/2014,105,22.06438801,SSECOMP 1304,0,,,,,,,,,,,,,,,,,
87,1/16/2014,106,29.8064664,SSECOMP 1401,1,,,,,,,,,,,,,,,,,
87,1/16/2014,107,37.56742241,SSECOMP 1501,0,,,,,,,,,,,,,,,,,
87,1/16/2014,108,44.97241257,SSECOMP 1590,0,,,,,,,,,,,,,,,,,
87,1/16/2014,109,51.76124076,SSECOMP 1680,1,,,,,,,,,,,,,,,,,
87,1/16/2014,110,57.77648198,SSECOMP 1756,0,,,,,,,,,,,,,,,,,
87,1/16/2014,111,62.94719068,SSECOMP 1812,1,,,,,,,,,,,,,,,,,
87,1/2/2014,102,6.449444693,SSECOMP 1083,1,,,,,,,,,,,,,,,,,
87,1/2/2014,103,12.91225189,SSECOMP 1180,0,,,,,,,,,,,,,,,,,
87,1/2/2014,104,20.92202258,SSECOMP 1290,0,,,,,,,,,,,,,,,,,
87,1/2/2014,105,29.72988693,SSECOMP 1400,0,,,,,,,,,,,,,,,,,
87,1/2/2014,106,38.65154252,SSECOMP 1509,1,,,,,,,,,,,,,,,,,
87,1/2/2014,107,47.15656682,SSECOMP 1620,0,,,,,,,,,,,,,,,,,
87,1/2/2014,108,54.88073562,SSECOMP 1720,0,,,,,,,,,,,,,,,,,
87,1/2/2014,109,61.61101608,SSECOMP 1797,0,,,,,,,,,,,,,,,,,
87,1/2/2014,110,67.26212785,SSECOMP 1856,0,,,,,,,,,,,,,,,,,
87,1/2/2014,111,71.84969656,SSECOMP 1894,1,,,,,,,,,,,,,,,,,
87,1/23/2014,102,3.195182712,SSECOMP 1031,1,,,,,,,,,,,,,,,,,
87,1/23/2014,103,7.105310852,SSECOMP 1091,0,,,,,,,,,,,,,,,,,
87,1/23/2014,104,12.52479931,SSECOMP 1175,0,,,,,,,,,,,,,,,,,
87,1/23/2014,105,19.06012587,SSECOMP 1268,0,,,,,,,,,,,,,,,,,
87,1/23/2014,106,26.22737143,SSECOMP 1357,1,,,,,,,,,,,,,,,,,
87,1/23/2014,107,33.57313128,SSECOMP 1446,0,,,,,,,,,,,,,,,,,
87,1/23/2014,108,40.72900235,SSECOMP 1538,1,,,,,,,,,,,,,,,,,
87,1/23/2014,109,47.42514825,SSECOMP 1627,0,,,,,,,,,,,,,,,,,
87,1/23/2014,110,53.48414706,SSECOMP 1702,0,,,,,,,,,,,,,,,,,
87,1/23/2014,111,58.80823467,SSECOMP 1767,1,,,,,,,,,,,,,,,,,
87,1/30/2014,102,2.545987012,SSECOMP 1022,0,,,,,,,,,,,,,,,,,
87,1/30/2014,103,5.853870305,SSECOMP 1071,1,,,,,,,,,,,,,,,,,
87,1/30/2014,104,10.60016647,SSECOMP 1146,0,,,,,,,,,,,,,,,,,
87,1/30/2014,105,16.4885515,SSECOMP 1233,0,,,,,,,,,,,,,,,,,
87,1/30/2014,106,23.10279986,SSECOMP 1320,0,,,,,,,,,,,,,,,,,
87,1/30/2014,107,30.02511034,SSECOMP 1404,1,,,,,,,,,,,,,,,,,
87,1/30/2014,108,36.89884809,SSECOMP 1485,0,,,,,,,,,,,,,,,,,
87,1/30/2014,109,43.45051428,SSECOMP 1573,0,,,,,,,,,,,,,,,,,
87,1/30/2014,110,49.4893015,SSECOMP 1647,1,,,,,,,,,,,,,,,,,
87,1/30/2014,111,54.89764622,SSECOMP 1722,0,,,,,,,,,,,,,,,,,
87,1/9/2014,102,5.080568832,SSECOMP 1062,1,,,,,,,,,,,,,,,,,
87,1/9/2014,103,10.54442529,SSECOMP 1145,0,,,,,,,,,,,,,,,,,
87,1/9/2014,104,17.58482153,SSECOMP 1247,0,,,,,,,,,,,,,,,,,
87,1/9/2014,105,25.58045928,SSECOMP 1351,0,,,,,,,,,,,,,,,,,
87,1/9/2014,106,33.91122673,SSECOMP 1451,1,,,,,,,,,,,,,,,,,
87,1/9/2014,107,42.06557612,SSECOMP 1552,0,,,,,,,,,,,,,,,,,
87,1/9/2014,108,49.66905146,SSECOMP 1652,0,,,,,,,,,,,,,,,,,
87,1/9/2014,109,56.47904583,SSECOMP 1739,0,,,,,,,,,,,,,,,,,
87,1/9/2014,110,62.36735195,SSECOMP 1806,0,,,,,,,,,,,,,,,,,
87,1/9/2014,111,67.29954356,SSECOMP 1857,1,,,,,,,,,,,,,,,,,
87,12/11/2013,102,14.23283049,SSECOMP 1201,1,,,,,,,,,,,,,,,,,
87,12/11/2013,103,25.24310875,SSECOMP 1343,0,,,,,,,,,,,,,,,,,
87,12/11/2013,104,37.11842013,SSECOMP 1490,0,,,,,,,,,,,,,,,,,
87,12/11/2013,105,48.68524056,SSECOMP 1640,1,,,,,,,,,,,,,,,,,
87,12/11/2013,106,59.11345223,SSECOMP 1770,0,,,,,,,,,,,,,,,,,
87,12/11/2013,107,67.92084294,SSECOMP 1863,0,,,,,,,,,,,,,,,,,
87,12/11/2013,108,74.9355808,SSECOMP 1921,0,,,,,,,,,,,,,,,,,
87,12/11/2013,109,80.23147924,SSECOMP 1958,0,,,,,,,,,,,,,,,,,
87,12/11/2013,110,84.04147584,SSECOMP 1975,0,,,,,,,,,,,,,,,,,
87,12/11/2013,111,86.66809725,SSECOMP 1986,1,,,,,,,,,,,,,,,,,
87,12/18/2013,102,10.96766461,SSECOMP 1153,1,,,,,,,,,,,,,,,,,
87,12/18/2013,103,20.24756871,SSECOMP 1284,0,,,,,,,,,,,,,,,,,
87,12/18/2013,104,30.74824356,SSECOMP 1413,0,,,,,,,,,,,,,,,,,
87,12/18/2013,105,41.43267547,SSECOMP 1545,1,,,,,,,,,,,,,,,,,
87,12/18/2013,106,51.50374846,SSECOMP 1674,0,,,,,,,,,,,,,,,,,
87,12/18/2013,107,60.4338317,SSECOMP 1784,0,,,,,,,,,,,,,,,,,
87,12/18/2013,108,67.94309879,SSECOMP 1864,0,,,,,,,,,,,,,,,,,
87,12/18/2013,109,73.96191006,SSECOMP 1913,0,,,,,,,,,,,,,,,,,
87,12/18/2013,110,78.57942509,SSECOMP 1944,0,,,,,,,,,,,,,,,,,
87,12/18/2013,111,81.98444718,SSECOMP 1965,1,,,,,,,,,,,,,,,,,
87,12/26/2013,102,8.230938823,SSECOMP 1110,1,,,,,,,,,,,,,,,,,
87,12/26/2013,103,15.87870193,SSECOMP 1225,0,,,,,,,,,,,,,,,,,
87,12/26/2013,104,24.97684548,SSECOMP 1339,0,,,,,,,,,,,,,,,,,
87,12/26/2013,105,34.64328594,SSECOMP 1460,1,,,,,,,,,,,,,,,,,
87,12/26/2013,106,44.13592096,SSECOMP 1580,0,,,,,,,,,,,,,,,,,
87,12/26/2013,107,52.91590795,SSECOMP 1691,0,,,,,,,,,,,,,,,,,
87,12/26/2013,108,60.64365925,SSECOMP 1788,0,,,,,,,,,,,,,,,,,
87,12/26/2013,109,67.15453506,SSECOMP 1854,0,,,,,,,,,,,,,,,,,
87,12/26/2013,110,72.42680164,SSECOMP 1900,0,,,,,,,,,,,,,,,,,
87,12/26/2013,111,76.5442477,SSECOMP 1931,1,,,,,,,,,,,,,,,,,
87,2/13/2014,102,1.630253396,SSECOMP 1010,1,,,,,,,,,,,,,,,,,
87,2/13/2014,103,3.999136389,SSECOMP 1043,0,,,,,,,,,,,,,,,,,
87,2/13/2014,104,7.63035881,SSECOMP 1103,0,,,,,,,,,,,,,,,,,
87,2/13/2014,105,12.38662342,SSECOMP 1173,1,,,,,,,,,,,,,,,,,
87,2/13/2014,106,17.97787338,SSECOMP 1253,0,,,,,,,,,,,,,,,,,
87,2/13/2014,107,24.0634563,SSECOMP 1331,0,,,,,,,,,,,,,,,,,
87,2/13/2014,108,30.32165398,SSECOMP 1408,0,,,,,,,,,,,,,,,,,
87,2/13/2014,109,36.48452258,SSECOMP 1482,0,,,,,,,,,,,,,,,,,
87,2/13/2014,110,42.34807314,SSECOMP 1557,0,,,,,,,,,,,,,,,,,
87,2/13/2014,111,47.76980946,SSECOMP 1630,1,,,,,,,,,,,,,,,,,
87,2/6/2014,102,2.034207355,SSECOMP 1015,1,,,,,,,,,,,,,,,,,
87,2/6/2014,103,4.83279672,SSECOMP 1057,0,,,,,,,,,,,,,,,,,
87,2/6/2014,104,8.985377873,SSECOMP 1122,0,,,,,,,,,,,,,,,,,
87,2/6/2014,105,14.28116918,SSECOMP 1203,0,,,,,,,,,,,,,,,,,
87,2/6/2014,106,20.36882846,SSECOMP 1286,1,,,,,,,,,,,,,,,,,
87,2/6/2014,107,26.86869765,SSECOMP 1367,0,,,,,,,,,,,,,,,,,
87,2/6/2014,108,33.44002488,SSECOMP 1443,0,,,,,,,,,,,,,,,,,
87,2/6/2014,109,39.81021506,SSECOMP 1525,0,,,,,,,,,,,,,,,,,
87,2/6/2014,110,45.77992557,SSECOMP 1604,0,,,,,,,,,,,,,,,,,
87,2/6/2014,111,51.21714572,SSECOMP 1670,1,,,,,,,,,,,,,,,,,
87.1,11/25/2013,109.5,94.72671989,SSECOMP 3080,1,,,,,,,,,,,,,,,,,
87.1,11/26/2013,109.5,94.05385104,SSECOMP 3063,0,,,,,,,,,,,,,,,,,
87.1,11/27/2013,109.5,93.35710972,SSECOMP 3039,0,,,,,,,,,,,,,,,,,
87.1,11/29/2013,109.5,91.90001549,SSECOMP 2991,1,,,,,,,,,,,,,,,,,
87.4,11/25/2013,109.5,94.43352493,SSECOMP 3072,0,,,,,,,,,,,,,,,,,
87.4,11/26/2013,109.5,93.74292361,SSECOMP 3051,0,,,,,,,,,,,,,,,,,
87.4,11/27/2013,109.5,93.02997381,SSECOMP 3028,1,,,,,,,,,,,,,,,,,
87.4,11/29/2013,109.5,91.5420938,SSECOMP 2982,0,,,,,,,,,,,,,,,,,
87.4,12/2/2013,109.5,89.18764848,SSECOMP 2892,1,,,,,,,,,,,,,,,,,
87.4,12/3/2013,109.5,88.37760808,SSECOMP 2854,0,,,,,,,,,,,,,,,,,
87.4,12/4/2013,109.5,87.55713874,SSECOMP 2817,1,,,,,,,,,,,,,,,,,
87.4,12/5/2013,109.5,86.72896345,SSECOMP 2779,0,,,,,,,,,,,,,,,,,
87.4,12/6/2013,109.5,85.89270343,SSECOMP 2737,1,,,,,,,,,,,,,,,,,
87.4,12/9/2013,109.5,83.35466064,SSECOMP 2628,0,,,,,,,,,,,,,,,,,
87.7,11/25/2013,109.5,94.11730682,SSECOMP 3064,1,,,,,,,,,,,,,,,,,
87.7,11/26/2013,109.5,93.40940802,SSECOMP 3043,0,,,,,,,,,,,,,,,,,
87.7,11/27/2013,109.5,92.67910753,SSECOMP 3015,1,,,,,,,,,,,,,,,,,
87.7,11/29/2013,109.5,91.16004,SSECOMP 2966,0,,,,,,,,,,,,,,,,,
88,1/16/2014,102,3.237363714,SSECOMP 1032,1,,,,,,,,,,,,,,,,,
88,1/16/2014,103,7.378925873,SSECOMP 1095,0,,,,,,,,,,,,,,,,,
88,1/16/2014,104,13.16058233,SSECOMP 1188,0,,,,,,,,,,,,,,,,,
88,1/16/2014,105,20.11088875,SSECOMP 1282,0,,,,,,,,,,,,,,,,,
88,1/16/2014,106,27.66494254,SSECOMP 1373,1,,,,,,,,,,,,,,,,,
88,1/16/2014,107,35.30994453,SSECOMP 1468,0,,,,,,,,,,,,,,,,,
88,1/16/2014,108,42.64542434,SSECOMP 1565,0,,,,,,,,,,,,,,,,,
88,1/16/2014,109,49.3926733,SSECOMP 1646,0,,,,,,,,,,,,,,,,,
88,1/16/2014,110,55.38266405,SSECOMP 1726,0,,,,,,,,,,,,,,,,,
88,1/16/2014,111,60.53767593,SSECOMP 1786,1,,,,,,,,,,,,,,,,,
88,1/2/2014,102,5.456063577,SSECOMP 1066,1,,,,,,,,,,,,,,,,,
88,1/2/2014,103,11.45054877,SSECOMP 1161,0,,,,,,,,,,,,,,,,,
88,1/2/2014,104,19.12950088,SSECOMP 1269,0,,,,,,,,,,,,,,,,,
88,1/2/2014,105,27.73405082,SSECOMP 1374,0,,,,,,,,,,,,,,,,,
88,1/2/2014,106,36.54190103,SSECOMP 1483,1,,,,,,,,,,,,,,,,,
88,1/2/2014,107,44.98636143,SSECOMP 1591,0,,,,,,,,,,,,,,,,,
88,1/2/2014,108,52.67870578,SSECOMP 1688,0,,,,,,,,,,,,,,,,,
88,1/2/2014,109,59.39194184,SSECOMP 1773,0,,,,,,,,,,,,,,,,,
88,1/2/2014,110,65.03362879,SSECOMP 1835,0,,,,,,,,,,,,,,,,,
88,1/2/2014,111,69.61576596,SSECOMP 1877,1,,,,,,,,,,,,,,,,,
88,1/23/2014,102,2.507945885,SSECOMP 1021,1,,,,,,,,,,,,,,,,,
88,1/23/2014,103,5.948682588,SSECOMP 1074,0,,,,,,,,,,,,,,,,,
88,1/23/2014,104,10.95101932,SSECOMP 1152,0,,,,,,,,,,,,,,,,,
88,1/23/2014,105,17.16657937,SSECOMP 1243,0,,,,,,,,,,,,,,,,,
88,1/23/2014,106,24.1118643,SSECOMP 1332,1,,,,,,,,,,,,,,,,,
88,1/23/2014,107,31.31282913,SSECOMP 1419,0,,,,,,,,,,,,,,,,,
88,1/23/2014,108,38.37736467,SSECOMP 1506,0,,,,,,,,,,,,,,,,,
88,1/23/2014,109,45.01640728,SSECOMP 1592,0,,,,,,,,,,,,,,,,,
88,1/23/2014,110,51.03939709,SSECOMP 1669,0,,,,,,,,,,,,,,,,,
88,1/23/2014,111,56.34037034,SSECOMP 1738,1,,,,,,,,,,,,,,,,,
88,1/30/2014,102,1.948950832,SSECOMP 1014,1,,,,,,,,,,,,,,,,,
88,1/30/2014,103,4.806719393,SSECOMP 1056,0,,,,,,,,,,,,,,,,,
88,1/30/2014,104,9.128021095,SSECOMP 1125,0,,,,,,,,,,,,,,,,,
88,1/30/2014,105,14.67188951,SSECOMP 1207,0,,,,,,,,,,,,,,,,,
88,1/30/2014,106,21.03402376,SSECOMP 1291,0,,,,,,,,,,,,,,,,,
88,1/30/2014,107,27.78360893,SSECOMP 1375,1,,,,,,,,,,,,,,,,,
88,1/30/2014,108,34.54346114,SSECOMP 1459,0,,,,,,,,,,,,,,,,,
88,1/30/2014,109,41.02113062,SSECOMP 1540,0,,,,,,,,,,,,,,,,,
88,1/30/2014,110,47.01167121,SSECOMP 1617,0,,,,,,,,,,,,,,,,,
88,1/30/2014,111,52.38815877,SSECOMP 1686,1,,,,,,,,,,,,,,,,,
88,1/9/2014,102,4.191993075,SSECOMP 1045,1,,,,,,,,,,,,,,,,,
88,1/9/2014,103,9.174179666,SSECOMP 1126,0,,,,,,,,,,,,,,,,,
88,1/9/2014,104,15.84325596,SSECOMP 1223,0,,,,,,,,,,,,,,,,,
88,1/9/2014,105,23.59029798,SSECOMP 1322,1,,,,,,,,,,,,,,,,,
88,1/9/2014,106,31.76961895,SSECOMP 1427,0,,,,,,,,,,,,,,,,,
88,1/9/2014,107,39.83651139,SSECOMP 1526,0,,,,,,,,,,,,,,,,,
88,1/9/2014,108,47.39060744,SSECOMP 1625,0,,,,,,,,,,,,,,,,,
88,1/9/2014,109,54.17255113,SSECOMP 1711,0,,,,,,,,,,,,,,,,,
88,1/9/2014,110,60.04454558,SSECOMP 1781,0,,,,,,,,,,,,,,,,,
88,1/9/2014,111,64.96691676,SSECOMP 1834,1,,,,,,,,,,,,,,,,,
88,11/25/2013,107.5,89.04868435,SSECOMP 2885,1,,,,,,,,,,,,,,,,,
88,11/25/2013,109.5,93.77689073,SSECOMP 3052,0,,,,,,,,,,,,,,,,,
88,11/26/2013,109.5,93.05132181,SSECOMP 3030,1,,,,,,,,,,,,,,,,,
88,11/27/2013,109.5,92.30329043,SSECOMP 3004,0,,,,,,,,,,,,,,,,,
88,11/29/2013,109.5,90.75220105,SSECOMP 2949,1,,,,,,,,,,,,,,,,,
88,12/11/2013,102,13.01556237,SSECOMP 1186,1,,,,,,,,,,,,,,,,,
88,12/11/2013,103,23.72672338,SSECOMP 1324,0,,,,,,,,,,,,,,,,,
88,12/11/2013,104,35.46530604,SSECOMP 1469,0,,,,,,,,,,,,,,,,,
88,12/11/2013,105,46.97925897,SSECOMP 1616,1,,,,,,,,,,,,,,,,,
88,12/11/2013,106,57.38925436,SSECOMP 1751,0,,,,,,,,,,,,,,,,,
88,12/11/2013,107,66.19041357,SSECOMP 1846,0,,,,,,,,,,,,,,,,,
88,12/11/2013,108,73.20288264,SSECOMP 1906,0,,,,,,,,,,,,,,,,,
88,12/11/2013,109,78.49786769,SSECOMP 1943,0,,,,,,,,,,,,,,,,,
88,12/11/2013,110,82.30711275,SSECOMP 1966,0,,,,,,,,,,,,,,,,,
88,12/11/2013,111,84.93340366,SSECOMP 1979,1,,,,,,,,,,,,,,,,,
88,12/18/2013,102,9.786153349,SSECOMP 1134,1,,,,,,,,,,,,,,,,,
88,12/18/2013,103,18.68996881,SSECOMP 1260,0,,,,,,,,,,,,,,,,,
88,12/18/2013,104,28.98484899,SSECOMP 1391,0,,,,,,,,,,,,,,,,,
88,12/18/2013,105,39.57232568,SSECOMP 1521,1,,,,,,,,,,,,,,,,,
88,12/18/2013,106,49.60204784,SSECOMP 1651,0,,,,,,,,,,,,,,,,,
88,12/18/2013,107,58.51507956,SSECOMP 1763,1,,,,,,,,,,,,,,,,,
88,12/18/2013,108,66.01724279,SSECOMP 1843,0,,,,,,,,,,,,,,,,,
88,12/18/2013,109,72.0328336,SSECOMP 1896,1,,,,,,,,,,,,,,,,,
88,12/18/2013,110,76.64875549,SSECOMP 1932,0,,,,,,,,,,,,,,,,,
88,12/18/2013,111,80.05282937,SSECOMP 1952,1,,,,,,,,,,,,,,,,,
88,12/2/2013,109.5,88.31260017,SSECOMP 2852,1,,,,,,,,,,,,,,,,,
88,12/26/2013,102,7.138850701,SSECOMP 1092,1,,,,,,,,,,,,,,,,,
88,12/26/2013,103,14.3493752,SSECOMP 1204,0,,,,,,,,,,,,,,,,,
88,12/26/2013,104,23.16923519,SSECOMP 1321,0,,,,,,,,,,,,,,,,,
88,12/26/2013,105,32.68185147,SSECOMP 1437,0,,,,,,,,,,,,,,,,,
88,12/26/2013,106,42.09697762,SSECOMP 1554,1,,,,,,,,,,,,,,,,,
88,12/26/2013,107,50.83968216,SSECOMP 1668,0,,,,,,,,,,,,,,,,,
88,12/26/2013,108,58.5495895,SSECOMP 1764,0,,,,,,,,,,,,,,,,,
88,12/26/2013,109,65.0515904,SSECOMP 1837,0,,,,,,,,,,,,,,,,,
88,12/26/2013,110,70.31921426,SSECOMP 1882,0,,,,,,,,,,,,,,,,,
88,12/26/2013,111,74.43406674,SSECOMP 1917,1,,,,,,,,,,,,,,,,,
88,12/3/2013,109.5,87.47624154,SSECOMP 2812,1,,,,,,,,,,,,,,,,,
88,12/4/2013,109.5,86.63076594,SSECOMP 2775,0,,,,,,,,,,,,,,,,,
88,12/5/2013,109.5,85.77807062,SSECOMP 2733,0,,,,,,,,,,,,,,,,,
88,12/6/2013,109.5,84.91907863,SSECOMP 2693,1,,,,,,,,,,,,,,,,,
88,12/9/2013,109.5,82.31606137,SSECOMP 2586,0,,,,,,,,,,,,,,,,,
88,2/13/2014,102,1.186974463,SSECOMP 1006,1,,,,,,,,,,,,,,,,,
88,2/13/2014,103,3.158024489,SSECOMP 1029,0,,,,,,,,,,,,,,,,,
88,2/13/2014,104,6.371315894,SSECOMP 1082,0,,,,,,,,,,,,,,,,,
88,2/13/2014,105,10.75416283,SSECOMP 1150,0,,,,,,,,,,,,,,,,,
88,2/13/2014,106,16.04649757,SSECOMP 1228,0,,,,,,,,,,,,,,,,,
88,2/13/2014,107,21.90960715,SSECOMP 1302,1,,,,,,,,,,,,,,,,,
88,2/13/2014,108,28.00976037,SSECOMP 1379,0,,,,,,,,,,,,,,,,,
88,2/13/2014,109,34.06295569,SSECOMP 1454,0,,,,,,,,,,,,,,,,,
88,2/13/2014,110,39.85088594,SSECOMP 1527,0,,,,,,,,,,,,,,,,,
88,2/13/2014,111,45.22023287,SSECOMP 1594,1,,,,,,,,,,,,,,,,,
88,2/6/2014,102,1.518617148,SSECOMP 1009,1,,,,,,,,,,,,,,,,,
88,2/6/2014,103,3.891628442,SSECOMP 1040,0,,,,,,,,,,,,,,,,,
88,2/6/2014,104,7.619498783,SSECOMP 1102,0,,,,,,,,,,,,,,,,,
88,2/6/2014,105,12.55301642,SSECOMP 1176,0,,,,,,,,,,,,,,,,,
88,2/6/2014,106,18.36285543,SSECOMP 1257,1,,,,,,,,,,,,,,,,,
88,2/6/2014,107,24.66391257,SSECOMP 1335,0,,,,,,,,,,,,,,,,,
88,2/6/2014,108,31.09884297,SSECOMP 1416,0,,,,,,,,,,,,,,,,,
88,2/6/2014,109,37.37729165,SSECOMP 1493,0,,,,,,,,,,,,,,,,,
88,2/6/2014,110,43.28543613,SSECOMP 1571,1,,,,,,,,,,,,,,,,,
88,2/6/2014,111,48.68096166,SSECOMP 1639,0,,,,,,,,,,,,,,,,,
89,1/16/2014,102,2.473350852,SSECOMP 1020,1,,,,,,,,,,,,,,,,,
89,1/16/2014,103,6.072902396,SSECOMP 1076,0,,,,,,,,,,,,,,,,,
89,1/16/2014,104,11.37578848,SSECOMP 1159,0,,,,,,,,,,,,,,,,,
89,1/16/2014,105,17.96516564,SSECOMP 1252,1,,,,,,,,,,,,,,,,,
89,1/16/2014,106,25.27375634,SSECOMP 1344,0,,,,,,,,,,,,,,,,,
89,1/16/2014,107,32.76183958,SSECOMP 1438,0,,,,,,,,,,,,,,,,,
89,1/16/2014,108,39.99992152,SSECOMP 1528,1,,,,,,,,,,,,,,,,,
89,1/16/2014,109,46.68677834,SSECOMP 1613,0,,,,,,,,,,,,,,,,,
89,1/16/2014,110,52.63890313,SSECOMP 1687,0,,,,,,,,,,,,,,,,,
89,1/16/2014,111,57.76975609,SSECOMP 1755,1,,,,,,,,,,,,,,,,,
89,1/2/2014,102,4.431044693,SSECOMP 1049,1,,,,,,,,,,,,,,,,,
89,1/2/2014,103,9.870238982,SSECOMP 1137,0,,,,,,,,,,,,,,,,,
89,1/2/2014,104,17.13378136,SSECOMP 1242,0,,,,,,,,,,,,,,,,,
89,1/2/2014,105,25.47062828,SSECOMP 1348,0,,,,,,,,,,,,,,,,,
89,1/2/2014,106,34.1215858,SSECOMP 1455,1,,,,,,,,,,,,,,,,,
89,1/2/2014,107,42.47857603,SSECOMP 1561,0,,,,,,,,,,,,,,,,,
89,1/2/2014,108,50.12275393,SSECOMP 1660,0,,,,,,,,,,,,,,,,,
89,1/2/2014,109,56.80900691,SSECOMP 1742,0,,,,,,,,,,,,,,,,,
89,1/2/2014,110,62.43519883,SSECOMP 1808,1,,,,,,,,,,,,,,,,,
89,1/2/2014,111,67.00818777,SSECOMP 1852,0,,,,,,,,,,,,,,,,,
89,1/23/2014,102,1.858240295,SSECOMP 1013,1,,,,,,,,,,,,,,,,,
89,1/23/2014,103,4.782636159,SSECOMP 1054,0,,,,,,,,,,,,,,,,,
89,1/23/2014,104,9.296030422,SSECOMP 1129,0,,,,,,,,,,,,,,,,,
89,1/23/2014,105,15.11870487,SSECOMP 1214,0,,,,,,,,,,,,,,,,,
89,1/23/2014,106,21.78056785,SSECOMP 1300,1,,,,,,,,,,,,,,,,,
89,1/23/2014,107,28.79027827,SSECOMP 1388,0,,,,,,,,,,,,,,,,,
89,1/23/2014,108,35.7302693,SSECOMP 1475,0,,,,,,,,,,,,,,,,,
89,1/23/2014,109,42.2889326,SSECOMP 1556,0,,,,,,,,,,,,,,,,,
89,1/23/2014,110,48.25974282,SSECOMP 1633,0,,,,,,,,,,,,,,,,,
89,1/23/2014,111,53.52637361,SSECOMP 1704,1,,,,,,,,,,,,,,,,,
89,1/30/2014,102,1.400405752,SSECOMP 1008,1,,,,,,,,,,,,,,,,,
89,1/30/2014,103,3.774719905,SSECOMP 1038,0,,,,,,,,,,,,,,,,,
89,1/30/2014,104,7.608221241,SSECOMP 1100,0,,,,,,,,,,,,,,,,,
89,1/30/2014,105,12.73700865,SSECOMP 1178,0,,,,,,,,,,,,,,,,,
89,1/30/2014,106,18.78349735,SSECOMP 1261,1,,,,,,,,,,,,,,,,,
89,1/30/2014,107,25.30974101,SSECOMP 1345,0,,,,,,,,,,,,,,,,,
89,1/30/2014,108,31.91784329,SSECOMP 1428,0,,,,,,,,,,,,,,,,,
89,1/30/2014,109,38.29398682,SSECOMP 1505,0,,,,,,,,,,,,,,,,,
89,1/30/2014,110,44.21656759,SSECOMP 1581,1,,,,,,,,,,,,,,,,,
89,1/30/2014,111,49.54710916,SSECOMP 1649,0,,,,,,,,,,,,,,,,,
89,1/9/2014,102,3.301950674,SSECOMP 1033,1,,,,,,,,,,,,,,,,,
89,1/9/2014,103,7.7275741,SSECOMP 1105,0,,,,,,,,,,,,,,,,,
89,1/9/2014,104,13.94163443,SSECOMP 1196,0,,,,,,,,,,,,,,,,,
89,1/9/2014,105,21.36956632,SSECOMP 1297,0,,,,,,,,,,,,,,,,,
89,1/9/2014,106,29.34612339,SSECOMP 1396,1,,,,,,,,,,,,,,,,,
89,1/9/2014,107,37.29123991,SSECOMP 1492,0,,,,,,,,,,,,,,,,,
89,1/9/2014,108,44.77381116,SSECOMP 1588,0,,,,,,,,,,,,,,,,,
89,1/9/2014,109,51.51339321,SSECOMP 1675,0,,,,,,,,,,,,,,,,,
89,1/9/2014,110,57.35986143,SSECOMP 1749,0,,,,,,,,,,,,,,,,,
89,1/9/2014,111,62.26652769,SSECOMP 1804,1,,,,,,,,,,,,,,,,,
89,12/11/2013,102,11.62798378,SSECOMP 1163,1,,,,,,,,,,,,,,,,,
89,12/11/2013,103,21.95064781,SSECOMP 1303,0,,,,,,,,,,,,,,,,,
89,12/11/2013,104,33.49982243,SSECOMP 1444,0,,,,,,,,,,,,,,,,,
89,12/11/2013,105,44.93517367,SSECOMP 1589,0,,,,,,,,,,,,,,,,,
89,12/11/2013,106,55.31539481,SSECOMP 1723,1,,,,,,,,,,,,,,,,,
89,12/11/2013,107,64.10564939,SSECOMP 1824,0,,,,,,,,,,,,,,,,,
89,12/11/2013,108,71.11383309,SSECOMP 1888,0,,,,,,,,,,,,,,,,,
89,12/11/2013,109,76.40670244,SSECOMP 1930,0,,,,,,,,,,,,,,,,,
89,12/11/2013,110,80.21494664,SSECOMP 1957,1,,,,,,,,,,,,,,,,,
89,12/11/2013,111,82.84033901,SSECOMP 1969,0,,,,,,,,,,,,,,,,,
89,12/18/2013,102,8.483333294,SSECOMP 1114,0,,,,,,,,,,,,,,,,,
89,12/18/2013,103,16.91387129,SSECOMP 1239,1,,,,,,,,,,,,,,,,,
89,12/18/2013,104,26.93401186,SSECOMP 1368,0,,,,,,,,,,,,,,,,,
89,12/18/2013,105,37.38415322,SSECOMP 1495,0,,,,,,,,,,,,,,,,,
89,12/18/2013,106,47.35116103,SSECOMP 1623,1,,,,,,,,,,,,,,,,,
89,12/18/2013,107,56.23658787,SSECOMP 1737,0,,,,,,,,,,,,,,,,,
89,12/18/2013,108,63.72627143,SSECOMP 1821,0,,,,,,,,,,,,,,,,,
89,12/18/2013,109,69.73582125,SSECOMP 1878,0,,,,,,,,,,,,,,,,,
89,12/18/2013,110,74.34866573,SSECOMP 1916,1,,,,,,,,,,,,,,,,,
89,12/18/2013,111,77.75100589,SSECOMP 1938,0,,,,,,,,,,,,,,,,,
89,12/26/2013,102,5.977263799,SSECOMP 1075,1,,,,,,,,,,,,,,,,,
89,12/26/2013,103,12.65528902,SSECOMP 1177,0,,,,,,,,,,,,,,,,,
89,12/26/2013,104,21.11622494,SSECOMP 1292,0,,,,,,,,,,,,,,,,,
89,12/26/2013,105,30.41996013,SSECOMP 1410,1,,,,,,,,,,,,,,,,,
89,12/26/2013,106,39.72434168,SSECOMP 1524,0,,,,,,,,,,,,,,,,,
89,12/26/2013,107,48.41080872,SSECOMP 1635,0,,,,,,,,,,,,,,,,,
89,12/26/2013,108,56.09204763,SSECOMP 1734,0,,,,,,,,,,,,,,,,,
89,12/26/2013,109,62.5789992,SSECOMP 1809,0,,,,,,,,,,,,,,,,,
89,12/26/2013,110,67.83848679,SSECOMP 1861,0,,,,,,,,,,,,,,,,,
89,12/26/2013,111,71.94870269,SSECOMP 1895,1,,,,,,,,,,,,,,,,,
89,2/13/2014,102,0.802052252,SSECOMP 1003,1,,,,,,,,,,,,,,,,,
89,2/13/2014,103,2.365478052,SSECOMP 1018,0,,,,,,,,,,,,,,,,,
89,2/13/2014,104,5.117999535,SSECOMP 1063,0,,,,,,,,,,,,,,,,,
89,2/13/2014,105,9.067073695,SSECOMP 1123,0,,,,,,,,,,,,,,,,,
89,2/13/2014,106,13.99807928,SSECOMP 1197,1,,,,,,,,,,,,,,,,,
89,2/13/2014,107,19.58359405,SSECOMP 1275,0,,,,,,,,,,,,,,,,,
89,2/13/2014,108,25.4809345,SSECOMP 1349,0,,,,,,,,,,,,,,,,,
89,2/13/2014,109,31.38971299,SSECOMP 1422,0,,,,,,,,,,,,,,,,,
89,2/13/2014,110,37.07578638,SSECOMP 1489,0,,,,,,,,,,,,,,,,,
89,2/13/2014,111,42.37306919,SSECOMP 1559,1,,,,,,,,,,,,,,,,,
89,2/6/2014,102,1.058144176,SSECOMP 1005,1,,,,,,,,,,,,,,,,,
89,2/6/2014,103,2.984758773,SSECOMP 1026,0,,,,,,,,,,,,,,,,,
89,2/6/2014,104,6.234955961,SSECOMP 1079,0,,,,,,,,,,,,,,,,,
89,2/6/2014,105,10.74009297,SSECOMP 1149,0,,,,,,,,,,,,,,,,,
89,2/6/2014,106,16.20834043,SSECOMP 1229,0,,,,,,,,,,,,,,,,,
89,2/6/2014,107,22.25698271,SSECOMP 1308,0,,,,,,,,,,,,,,,,,
89,2/6/2014,108,28.51387034,SSECOMP 1386,1,,,,,,,,,,,,,,,,,
89,2/6/2014,109,34.66925243,SSECOMP 1461,0,,,,,,,,,,,,,,,,,
89,2/6/2014,110,40.49270501,SSECOMP 1534,0,,,,,,,,,,,,,,,,,
89,2/6/2014,111,45.82957851,SSECOMP 1605,1,,,,,,,,,,,,,,,,,
90,1/16/2014,102,1.761848306,SSECOMP 1012,1,,,,,,,,,,,,,,,,,
90,1/16/2014,103,4.762390949,SSECOMP 1052,0,,,,,,,,,,,,,,,,,
90,1/16/2014,104,9.497167104,SSECOMP 1131,0,,,,,,,,,,,,,,,,,
90,1/16/2014,105,15.63539238,SSECOMP 1220,0,,,,,,,,,,,,,,,,,
90,1/16/2014,106,22.62386629,SSECOMP 1314,1,,,,,,,,,,,,,,,,,
90,1/16/2014,107,29.89944134,SSECOMP 1403,0,,,,,,,,,,,,,,,,,
90,1/16/2014,108,37.0007948,SSECOMP 1488,0,,,,,,,,,,,,,,,,,
90,1/16/2014,109,43.60024832,SSECOMP 1575,0,,,,,,,,,,,,,,,,,
90,1/16/2014,110,49.4959932,SSECOMP 1648,0,,,,,,,,,,,,,,,,,
90,1/16/2014,111,54.58993675,SSECOMP 1717,1,,,,,,,,,,,,,,,,,
90,1/2/2014,102,3.405831467,SSECOMP 1034,1,,,,,,,,,,,,,,,,,
90,1/2/2014,103,8.193192809,SSECOMP 1108,0,,,,,,,,,,,,,,,,,
90,1/2/2014,104,14.93623986,SSECOMP 1212,0,,,,,,,,,,,,,,,,,
90,1/2/2014,105,22.91982896,SSECOMP 1317,0,,,,,,,,,,,,,,,,,
90,1/2/2014,106,31.35386096,SSECOMP 1420,0,,,,,,,,,,,,,,,,,
90,1/2/2014,107,39.58428614,SSECOMP 1522,1,,,,,,,,,,,,,,,,,
90,1/2/2014,108,47.15559234,SSECOMP 1619,0,,,,,,,,,,,,,,,,,
90,1/2/2014,109,53.79943001,SSECOMP 1706,0,,,,,,,,,,,,,,,,,
90,1/2/2014,110,59.4004269,SSECOMP 1774,0,,,,,,,,,,,,,,,,,
90,1/2/2014,111,63.9581429,SSECOMP 1822,1,,,,,,,,,,,,,,,,,
90,1/23/2014,102,1.27409146,SSECOMP 1007,1,,,,,,,,,,,,,,,,,
90,1/23/2014,103,3.644352787,SSECOMP 1035,0,,,,,,,,,,,,,,,,,
90,1/23/2014,104,7.592100327,SSECOMP 1099,0,,,,,,,,,,,,,,,,,
90,1/23/2014,105,12.93518603,SSECOMP 1182,0,,,,,,,,,,,,,,,,,
90,1/23/2014,106,19.23605638,SSECOMP 1273,1,,,,,,,,,,,,,,,,,
90,1/23/2014,107,25.99322749,SSECOMP 1354,0,,,,,,,,,,,,,,,,,
90,1/23/2014,108,32.76324854,SSECOMP 1439,0,,,,,,,,,,,,,,,,,
90,1/23/2014,109,39.209017,SSECOMP 1518,0,,,,,,,,,,,,,,,,,
90,1/23/2014,110,45.10459256,SSECOMP 1593,0,,,,,,,,,,,,,,,,,
90,1/23/2014,111,50.32049679,SSECOMP 1662,1,,,,,,,,,,,,,,,,,
90,1/30/2014,102,0.924123921,SSECOMP 1004,1,,,,,,,,,,,,,,,,,
90,1/30/2014,103,2.794433926,SSECOMP 1025,0,,,,,,,,,,,,,,,,,
90,1/30/2014,104,6.077353063,SSECOMP 1077,0,,,,,,,,,,,,,,,,,
90,1/30/2014,105,10.71056887,SSECOMP 1148,0,,,,,,,,,,,,,,,,,
90,1/30/2014,106,16.36372514,SSECOMP 1232,1,,,,,,,,,,,,,,,,,
90,1/30/2014,107,22.60149986,SSECOMP 1313,0,,,,,,,,,,,,,,,,,
90,1/30/2014,108,29.00739758,SSECOMP 1392,0,,,,,,,,,,,,,,,,,
90,1/30/2014,109,35.24455996,SSECOMP 1467,0,,,,,,,,,,,,,,,,,
90,1/30/2014,110,41.07178039,SSECOMP 1541,0,,,,,,,,,,,,,,,,,
90,1/30/2014,111,46.33636024,SSECOMP 1608,1,,,,,,,,,,,,,,,,,
90,1/9/2014,102,2.443233233,SSECOMP 1019,1,,,,,,,,,,,,,,,,,
90,1/9/2014,103,6.235130475,SSECOMP 1080,0,,,,,,,,,,,,,,,,,
90,1/9/2014,104,11.8948571,SSECOMP 1167,0,,,,,,,,,,,,,,,,,
90,1/9/2014,105,18.91360246,SSECOMP 1266,0,,,,,,,,,,,,,,,,,
90,1/9/2014,106,26.61853586,SSECOMP 1362,1,,,,,,,,,,,,,,,,,
90,1/9/2014,107,34.3937658,SSECOMP 1458,0,,,,,,,,,,,,,,,,,
90,1/9/2014,108,41.77246965,SSECOMP 1548,0,,,,,,,,,,,,,,,,,
90,1/9/2014,109,48.44849005,SSECOMP 1636,0,,,,,,,,,,,,,,,,,
90,1/9/2014,110,54.25545612,SSECOMP 1712,0,,,,,,,,,,,,,,,,,
90,1/9/2014,111,59.13714523,SSECOMP 1771,1,,,,,,,,,,,,,,,,,
90,11/25/2013,105,68.00800764,SSECOMP 6200,1,,,,,,,,,,,,,,,,,
90,11/26/2013,105,65.99694487,SSECOMP 6198,0,,,,,,,,,,,,,,,,,
90,11/27/2013,105,64.04822574,SSECOMP 6194,1,,,,,,,,,,,,,,,,,
90,11/29/2013,105,60.33337315,SSECOMP 6184,0,,,,,,,,,,,,,,,,,
90,12/11/2013,102,10.06434718,SSECOMP 1139,1,,,,,,,,,,,,,,,,,
90,12/11/2013,103,19.87889773,SSECOMP 1280,0,,,,,,,,,,,,,,,,,
90,12/11/2013,104,31.16283665,SSECOMP 1418,1,,,,,,,,,,,,,,,,,
90,12/11/2013,105,42.47985399,SSECOMP 1562,0,,,,,,,,,,,,,,,,,
90,12/11/2013,106,52.81148292,SSECOMP 1690,0,,,,,,,,,,,,,,,,,
90,12/11/2013,107,61.58173619,SSECOMP 1796,0,,,,,,,,,,,,,,,,,
90,12/11/2013,108,68.58127081,SSECOMP 1868,1,,,,,,,,,,,,,,,,,
90,12/11/2013,109,73.87034991,SSECOMP 1910,0,,,,,,,,,,,,,,,,,
90,12/11/2013,110,77.67661901,SSECOMP 1937,0,,,,,,,,,,,,,,,,,
90,12/11/2013,111,80.30079882,SSECOMP 1959,1,,,,,,,,,,,,,,,,,
90,12/18/2013,102,7.071997047,SSECOMP 1090,1,,,,,,,,,,,,,,,,,
90,12/18/2013,103,14.90616621,SSECOMP 1211,0,,,,,,,,,,,,,,,,,
90,12/18/2013,104,24.55701836,SSECOMP 1334,0,,,,,,,,,,,,,,,,,
90,12/18/2013,105,34.81112388,SSECOMP 1463,1,,,,,,,,,,,,,,,,,
90,12/18/2013,106,44.68277106,SSECOMP 1586,0,,,,,,,,,,,,,,,,,
90,12/18/2013,107,53.52291795,SSECOMP 1703,0,,,,,,,,,,,,,,,,,
90,12/18/2013,108,60.99069725,SSECOMP 1793,0,,,,,,,,,,,,,,,,,
90,12/18/2013,109,66.98936728,SSECOMP 1851,1,,,,,,,,,,,,,,,,,
90,12/18/2013,110,71.596477,SSECOMP 1892,0,,,,,,,,,,,,,,,,,
90,12/18/2013,111,74.99566662,SSECOMP 1922,1,,,,,,,,,,,,,,,,,
90,12/2/2013,105,55.1969324,SSECOMP 6161,1,,,,,,,,,,,,,,,,,
90,12/26/2013,102,4.772042814,SSECOMP 1053,1,,,,,,,,,,,,,,,,,
90,12/26/2013,103,10.80463619,SSECOMP 1151,0,,,,,,,,,,,,,,,,,
90,12/26/2013,104,18.80193204,SSECOMP 1263,0,,,,,,,,,,,,,,,,,
90,12/26/2013,105,27.82100274,SSECOMP 1376,0,,,,,,,,,,,,,,,,,
90,12/26/2013,106,36.96621105,SSECOMP 1487,1,,,,,,,,,,,,,,,,,
90,12/26/2013,107,45.56726788,SSECOMP 1599,0,,,,,,,,,,,,,,,,,
90,12/26/2013,108,53.20276113,SSECOMP 1696,1,,,,,,,,,,,,,,,,,
90,12/26/2013,109,59.66468462,SSECOMP 1776,0,,,,,,,,,,,,,,,,,
90,12/26/2013,110,64.91007138,SSECOMP 1831,1,,,,,,,,,,,,,,,,,
90,12/26/2013,111,69.01214602,SSECOMP 1872,0,,,,,,,,,,,,,,,,,
90,12/3/2013,105,53.59409737,SSECOMP 6151,1,,,,,,,,,,,,,,,,,
90,12/4/2013,105,52.04271748,SSECOMP 6139,0,,,,,,,,,,,,,,,,,
90,12/5/2013,105,50.54076829,SSECOMP 6125,1,,,,,,,,,,,,,,,,,
90,12/6/2013,105,49.08698211,SSECOMP 6114,1,,,,,,,,,,,,,,,,,
90,12/9/2013,105,44.99886674,SSECOMP 6071,1,,,,,,,,,,,,,,,,,
90,2/13/2014,102,0.490203448,SSECOMP 1001,1,,,,,,,,,,,,,,,,,
90,2/13/2014,103,1.652302268,SSECOMP 1011,0,,,,,,,,,,,,,,,,,
90,2/13/2014,104,3.908987074,SSECOMP 1042,0,,,,,,,,,,,,,,,,,
90,2/13/2014,105,7.361499665,SSECOMP 1094,0,,,,,,,,,,,,,,,,,
90,2/13/2014,106,11.8594951,SSECOMP 1166,0,,,,,,,,,,,,,,,,,
90,2/13/2014,107,17.10015564,SSECOMP 1241,0,,,,,,,,,,,,,,,,,
90,2/13/2014,108,22.73780388,SSECOMP 1315,1,,,,,,,,,,,,,,,,,
90,2/13/2014,109,28.45699645,SSECOMP 1385,0,,,,,,,,,,,,,,,,,
90,2/13/2014,110,34.00619991,SSECOMP 1453,0,,,,,,,,,,,,,,,,,
90,2/13/2014,111,39.20459972,SSECOMP 1517,1,,,,,,,,,,,,,,,,,
90,2/6/2014,102,0.671997353,SSECOMP 1002,1,,,,,,,,,,,,,,,,,
90,2/6/2014,103,2.146403388,SSECOMP 1017,0,,,,,,,,,,,,,,,,,
90,2/6/2014,104,4.870278167,SSECOMP 1060,0,,,,,,,,,,,,,,,,,
90,2/6/2014,105,8.874805157,SSECOMP 1119,1,,,,,,,,,,,,,,,,,
90,2/6/2014,106,13.92580877,SSECOMP 1194,0,,,,,,,,,,,,,,,,,
90,2/6/2014,107,19.65509404,SSECOMP 1276,0,,,,,,,,,,,,,,,,,
90,2/6/2014,108,25.67958933,SSECOMP 1353,1,,,,,,,,,,,,,,,,,
90,2/6/2014,109,31.67012295,SSECOMP 1425,0,,,,,,,,,,,,,,,,,
90,2/6/2014,110,37.37750286,SSECOMP 1494,0,,,,,,,,,,,,,,,,,
90,2/6/2014,111,42.63222194,SSECOMP 1564,1,,,,,,,,,,,,,,,,,
91,1/16/2014,111,50.94209796,SSECOMP 3515,0,,,,,,,,,,,,,,,,,
91,1/16/2014,112,55.17845105,SSECOMP 3630,0,,,,,,,,,,,,,,,,,
91,1/16/2014,113,58.64646736,SSECOMP 3728,0,,,,,,,,,,,,,,,,,
91,1/16/2014,114,61.41809669,SSECOMP 3805,1,,,,,,,,,,,,,,,,,
91,1/16/2014,115,63.58633218,SSECOMP 3850,0,,,,,,,,,,,,,,,,,
91,1/16/2014,116,65.25053131,SSECOMP 3889,0,,,,,,,,,,,,,,,,,
91,1/16/2014,117,66.50689361,SSECOMP 3913,0,,,,,,,,,,,,,,,,,
91,1/16/2014,118,67.44210089,SSECOMP 3935,0,,,,,,,,,,,,,,,,,
91,1/16/2014,119,68.12988697,SSECOMP 3947,1,,,,,,,,,,,,,,,,,
91,1/16/2014,120,68.63098055,SSECOMP 3955,0,,,,,,,,,,,,,,,,,
91,1/2/2014,111,60.38751905,SSECOMP 3775,1,,,,,,,,,,,,,,,,,
91,1/2/2014,112,63.96486388,SSECOMP 3861,0,,,,,,,,,,,,,,,,,
91,1/2/2014,113,66.70832462,SSECOMP 3921,0,,,,,,,,,,,,,,,,,
91,1/2/2014,114,68.75933855,SSECOMP 3957,0,,,,,,,,,,,,,,,,,
91,1/2/2014,115,70.25916663,SSECOMP 3982,0,,,,,,,,,,,,,,,,,
91,1/2/2014,116,71.33527631,SSECOMP 4001,1,,,,,,,,,,,,,,,,,
91,1/2/2014,117,72.09529538,SSECOMP 4010,0,,,,,,,,,,,,,,,,,
91,1/2/2014,118,72.62545417,SSECOMP 4019,0,,,,,,,,,,,,,,,,,
91,1/2/2014,119,72.99162595,SSECOMP 4023,0,,,,,,,,,,,,,,,,,
91,1/2/2014,120,73.24273937,SSECOMP 4027,1,,,,,,,,,,,,,,,,,
91,1/23/2014,111,46.67718916,SSECOMP 3405,1,,,,,,,,,,,,,,,,,
91,1/23/2014,112,51.10960494,SSECOMP 3520,0,,,,,,,,,,,,,,,,,
91,1/23/2014,113,54.83196609,SSECOMP 3621,0,,,,,,,,,,,,,,,,,
91,1/23/2014,114,57.88579721,SSECOMP 3711,0,,,,,,,,,,,,,,,,,
91,1/23/2014,115,60.3394188,SSECOMP 3774,1,,,,,,,,,,,,,,,,,
91,1/23/2014,116,62.27418939,SSECOMP 3823,0,,,,,,,,,,,,,,,,,
91,1/23/2014,117,63.77483837,SSECOMP 3856,0,,,,,,,,,,,,,,,,,
91,1/23/2014,118,64.92222312,SSECOMP 3886,0,,,,,,,,,,,,,,,,,
91,1/23/2014,119,65.78859995,SSECOMP 3898,0,,,,,,,,,,,,,,,,,
91,1/23/2014,120,66.43615824,SSECOMP 3911,1,,,,,,,,,,,,,,,,,
91,1/30/2014,111,42.72044464,SSECOMP 3321,1,,,,,,,,,,,,,,,,,
91,1/30/2014,112,47.27642251,SSECOMP 3424,0,,,,,,,,,,,,,,,,,
91,1/30/2014,113,51.18858258,SSECOMP 3522,0,,,,,,,,,,,,,,,,,
91,1/30/2014,114,54.47193317,SSECOMP 3616,1,,,,,,,,,,,,,,,,,
91,1/30/2014,115,57.1718826,SSECOMP 3692,0,,,,,,,,,,,,,,,,,
91,1/30/2014,116,59.35167853,SSECOMP 3746,0,,,,,,,,,,,,,,,,,
91,1/30/2014,117,61.08298319,SSECOMP 3797,0,,,,,,,,,,,,,,,,,
91,1/30/2014,118,62.43846626,SSECOMP 3825,1,,,,,,,,,,,,,,,,,
91,1/30/2014,119,63.48629978,SSECOMP 3847,0,,,,,,,,,,,,,,,,,
91,1/30/2014,120,64.28769639,SSECOMP 3873,0,,,,,,,,,,,,,,,,,
91,1/9/2014,111,55.51174282,SSECOMP 3639,1,,,,,,,,,,,,,,,,,
91,1/9/2014,112,59.46743192,SSECOMP 3748,0,,,,,,,,,,,,,,,,,
91,1/9/2014,113,62.61054782,SSECOMP 3832,0,,,,,,,,,,,,,,,,,
91,1/9/2014,114,65.04691033,SSECOMP 3888,1,,,,,,,,,,,,,,,,,
91,1/9/2014,115,66.89462875,SSECOMP 3925,0,,,,,,,,,,,,,,,,,
91,1/9/2014,116,68.26928395,SSECOMP 3949,0,,,,,,,,,,,,,,,,,
91,1/9/2014,117,69.27540051,SSECOMP 3967,0,,,,,,,,,,,,,,,,,
91,1/9/2014,118,70.00188035,SSECOMP 3977,1,,,,,,,,,,,,,,,,,
91,1/9/2014,119,70.52051966,SSECOMP 3987,0,,,,,,,,,,,,,,,,,
91,1/9/2014,120,70.88782309,SSECOMP 3995,0,,,,,,,,,,,,,,,,,
91,11/25/2013,105,65.80741752,SSECOMP 6197,1,,,,,,,,,,,,,,,,,
91,11/26/2013,105,63.71716475,SSECOMP 6193,0,,,,,,,,,,,,,,,,,
91,11/27/2013,105,61.69444441,SSECOMP 6188,0,,,,,,,,,,,,,,,,,
91,11/29/2013,105,57.84649726,SSECOMP 6173,1,,,,,,,,,,,,,,,,,
91,12/11/2013,111,77.2038783,SSECOMP 4071,0,,,,,,,,,,,,,,,,,
91,12/11/2013,112,78.94694096,SSECOMP 4085,1,,,,,,,,,,,,,,,,,
91,12/11/2013,113,80.0710587,SSECOMP 4093,0,,,,,,,,,,,,,,,,,
91,12/11/2013,114,80.77879053,SSECOMP 4094,1,,,,,,,,,,,,,,,,,
91,12/11/2013,115,81.21651942,SSECOMP 4095,0,,,,,,,,,,,,,,,,,
91,12/11/2013,116,81.48396447,SSECOMP 4096,1,,,,,,,,,,,,,,,,,
91,12/11/2013,117,81.64644531,SSECOMP 4097,0,,,,,,,,,,,,,,,,,
91,12/11/2013,118,81.74485716,SSECOMP 4098,0,,,,,,,,,,,,,,,,,
91,12/11/2013,119,81.80487053,SSECOMP 4099,1,,,,,,,,,,,,,,,,,
91,12/11/2013,120,81.84171728,SSECOMP 4100,0,,,,,,,,,,,,,,,,,
91,12/18/2013,111,71.68554703,SSECOMP 4007,1,,,,,,,,,,,,,,,,,
91,12/18/2013,112,74.10306537,SSECOMP 4039,0,,,,,,,,,,,,,,,,,
91,12/18/2013,113,75.77338582,SSECOMP 4059,0,,,,,,,,,,,,,,,,,
91,12/18/2013,114,76.89816061,SSECOMP 4067,1,,,,,,,,,,,,,,,,,
91,12/18/2013,115,77.64005976,SSECOMP 4073,0,,,,,,,,,,,,,,,,,
91,12/18/2013,116,78.12155024,SSECOMP 4079,0,,,,,,,,,,,,,,,,,
91,12/18/2013,117,78.43058667,SSECOMP 4081,1,,,,,,,,,,,,,,,,,
91,12/18/2013,118,78.62739742,SSECOMP 4082,0,,,,,,,,,,,,,,,,,
91,12/18/2013,119,78.75247155,SSECOMP 4083,1,,,,,,,,,,,,,,,,,
91,12/18/2013,120,78.83188597,SSECOMP 4084,0,,,,,,,,,,,,,,,,,
91,12/2/2013,105,52.54366487,SSECOMP 6143,1,,,,,,,,,,,,,,,,,
91,12/26/2013,111,65.53532164,SSECOMP 3896,0,,,,,,,,,,,,,,,,,
91,12/26/2013,112,68.62961424,SSECOMP 3954,0,,,,,,,,,,,,,,,,,
91,12/26/2013,113,70.90302948,SSECOMP 3996,1,,,,,,,,,,,,,,,,,
91,12/26/2013,114,72.53050224,SSECOMP 4017,0,,,,,,,,,,,,,,,,,
91,12/26/2013,115,73.67031566,SSECOMP 4035,1,,,,,,,,,,,,,,,,,
91,12/26/2013,116,74.45411642,SSECOMP 4042,0,,,,,,,,,,,,,,,,,
91,12/26/2013,117,74.98543872,SSECOMP 4047,1,,,,,,,,,,,,,,,,,
91,12/26/2013,118,75.34176551,SSECOMP 4051,0,,,,,,,,,,,,,,,,,
91,12/26/2013,119,75.5788521,SSECOMP 4054,1,,,,,,,,,,,,,,,,,
91,12/26/2013,120,75.73606127,SSECOMP 4057,0,,,,,,,,,,,,,,,,,
91,12/3/2013,105,50.89342176,SSECOMP 6129,0,,,,,,,,,,,,,,,,,
91,12/4/2013,105,49.29854055,SSECOMP 6118,1,,,,,,,,,,,,,,,,,
91,12/5/2013,105,47.75723279,SSECOMP 6102,0,,,,,,,,,,,,,,,,,
91,12/6/2013,105,46.26722448,SSECOMP 6085,0,,,,,,,,,,,,,,,,,
91,12/9/2013,105,42.09114958,SSECOMP 6034,1,,,,,,,,,,,,,,,,,
91,2/13/2014,111,35.69777861,SSECOMP 3199,0,,,,,,,,,,,,,,,,,
91,2/13/2014,112,40.32940426,SSECOMP 3276,1,,,,,,,,,,,,,,,,,
91,2/13/2014,113,44.4577169,SSECOMP 3355,0,,,,,,,,,,,,,,,,,
91,2/13/2014,114,48.05589895,SSECOMP 3442,0,,,,,,,,,,,,,,,,,
91,2/13/2014,115,51.1307552,SSECOMP 3521,0,,,,,,,,,,,,,,,,,
91,2/13/2014,116,53.71228319,SSECOMP 3590,1,,,,,,,,,,,,,,,,,
91,2/13/2014,117,55.84551528,SSECOMP 3649,0,,,,,,,,,,,,,,,,,
91,2/13/2014,118,57.58353982,SSECOMP 3704,0,,,,,,,,,,,,,,,,,
91,2/13/2014,119,58.98162481,SSECOMP 3736,0,,,,,,,,,,,,,,,,,
91,2/13/2014,120,60.09388073,SSECOMP 3766,1,,,,,,,,,,,,,,,,,
91,2/6/2014,111,39.06291581,SSECOMP 3250,1,,,,,,,,,,,,,,,,,
91,2/6/2014,112,43.6818495,SSECOMP 3340,0,,,,,,,,,,,,,,,,,
91,2/6/2014,113,47.72686295,SSECOMP 3436,0,,,,,,,,,,,,,,,,,
91,2/6/2014,114,51.19028524,SSECOMP 3523,0,,,,,,,,,,,,,,,,,
91,2/6/2014,115,54.09698332,SSECOMP 3601,1,,,,,,,,,,,,,,,,,
91,2/6/2014,116,56.49289034,SSECOMP 3668,0,,,,,,,,,,,,,,,,,
91,2/6/2014,117,58.43616557,SSECOMP 3726,0,,,,,,,,,,,,,,,,,
91,2/6/2014,118,59.98997628,SSECOMP 3761,0,,,,,,,,,,,,,,,,,
91,2/6/2014,119,61.21660122,SSECOMP 3801,1,,,,,,,,,,,,,,,,,
91,2/6/2014,120,62.17438212,SSECOMP 3822,0,,,,,,,,,,,,,,,,,
92,11/25/2013,105,62.95072128,SSECOMP 6192,1,,,,,,,,,,,,,,,,,
92,11/26/2013,105,60.77597977,SSECOMP 6185,0,,,,,,,,,,,,,,,,,
92,11/27/2013,105,58.67562552,SSECOMP 6176,0,,,,,,,,,,,,,,,,,
92,11/29/2013,105,54.69203978,SSECOMP 6158,1,,,,,,,,,,,,,,,,,
92,12/2/2013,105,49.22943299,SSECOMP 6117,1,,,,,,,,,,,,,,,,,
92,12/3/2013,105,47.53648493,SSECOMP 6096,1,,,,,,,,,,,,,,,,,
92,12/4/2013,105,45.90383221,SSECOMP 6079,1,,,,,,,,,,,,,,,,,
92,12/5/2013,105,44.32993849,SSECOMP 6061,0,,,,,,,,,,,,,,,,,
92,12/6/2013,105,42.81152679,SSECOMP 6044,0,,,,,,,,,,,,,,,,,
92,12/9/2013,105,38.57571542,SSECOMP 5988,0,,,,,,,,,,,,,,,,,
93,11/25/2013,105,59.21925315,SSECOMP 6180,1,,,,,,,,,,,,,,,,,
93,11/26/2013,105,56.9610268,SSECOMP 6170,0,,,,,,,,,,,,,,,,,
93,11/27/2013,105,54.78631103,SSECOMP 6159,1,,,,,,,,,,,,,,,,,
93,11/29/2013,105,50.67982995,SSECOMP 6126,0,,,,,,,,,,,,,,,,,
93,12/2/2013,105,45.08963381,SSECOMP 6073,1,,,,,,,,,,,,,,,,,
93,12/3/2013,105,43.36762476,SSECOMP 6051,1,,,,,,,,,,,,,,,,,
93,12/4/2013,105,41.71212827,SSECOMP 6028,0,,,,,,,,,,,,,,,,,
93,12/5/2013,105,40.12167675,SSECOMP 6011,1,,,,,,,,,,,,,,,,,
93,12/6/2013,105,38.59183315,SSECOMP 5989,0,,,,,,,,,,,,,,,,,
93,12/9/2013,105,34.35213423,SSECOMP 5926,1,,,,,,,,,,,,,,,,,
94,11/11/2013,101,28.992141,SSECOMP 238,0,,,,,,,,,,,,,,,,,
94,11/11/2013,102,59.25291226,SSECOMP 544,1,,,,,,,,,,,,,,,,,
94,11/11/2013,103,80.51338715,SSECOMP 824,0,,,,,,,,,,,,,,,,,
94,11/11/2013,104,91.28614712,SSECOMP 950,1,,,,,,,,,,,,,,,,,
94,11/11/2013,105,95.3196177,SSECOMP 991,0,,,,,,,,,,,,,,,,,
94,11/11/2013,106,96.48277104,SSECOMP 996,1,,,,,,,,,,,,,,,,,
94,11/11/2013,107,96.75849018,SSECOMP 997,0,,,,,,,,,,,,,,,,,
94,11/11/2013,108,96.81794477,SSECOMP 998,1,,,,,,,,,,,,,,,,,
94,11/11/2013,109,96.83298779,SSECOMP 999,0,,,,,,,,,,,,,,,,,
94,11/11/2013,110,96.84015929,SSECOMP 1000,1,,,,,,,,,,,,,,,,,
94,11/12/2013,101,24.54472085,SSECOMP 208,1,,,,,,,,,,,,,,,,,
94,11/12/2013,102,52.75227438,SSECOMP 471,1,,,,,,,,,,,,,,,,,
94,11/12/2013,103,74.49578909,SSECOMP 736,0,,,,,,,,,,,,,,,,,
94,11/12/2013,104,86.98950782,SSECOMP 905,0,,,,,,,,,,,,,,,,,
94,11/12/2013,105,92.50925365,SSECOMP 969,1,,,,,,,,,,,,,,,,,
94,11/12/2013,106,94.45361425,SSECOMP 985,0,,,,,,,,,,,,,,,,,
94,11/12/2013,107,95.0273782,SSECOMP 986,0,,,,,,,,,,,,,,,,,
94,11/12/2013,108,95.17955534,SSECOMP 987,0,,,,,,,,,,,,,,,,,
94,11/12/2013,109,95.21989245,SSECOMP 988,0,,,,,,,,,,,,,,,,,
94,11/12/2013,110,95.23287778,SSECOMP 989,0,,,,,,,,,,,,,,,,,
94,11/13/2013,101,20.82160056,SSECOMP 183,1,,,,,,,,,,,,,,,,,
94,11/13/2013,102,47.03296904,SSECOMP 403,0,,,,,,,,,,,,,,,,,
94,11/13/2013,103,68.81243494,SSECOMP 661,1,,,,,,,,,,,,,,,,,
94,11/13/2013,104,82.5429913,SSECOMP 853,0,,,,,,,,,,,,,,,,,
94,11/13/2013,105,89.38196087,SSECOMP 934,0,,,,,,,,,,,,,,,,,
94,11/13/2013,106,92.16593129,SSECOMP 967,0,,,,,,,,,,,,,,,,,
94,11/13/2013,107,93.13352137,SSECOMP 971,0,,,,,,,,,,,,,,,,,
94,11/13/2013,108,93.43489113,SSECOMP 972,0,,,,,,,,,,,,,,,,,
94,11/13/2013,109,93.52489908,SSECOMP 974,0,,,,,,,,,,,,,,,,,
94,11/13/2013,110,93.55330472,SSECOMP 975,1,,,,,,,,,,,,,,,,,
94,11/14/2013,101,17.70457283,SSECOMP 163,1,,,,,,,,,,,,,,,,,
94,11/14/2013,102,41.99719282,SSECOMP 353,0,,,,,,,,,,,,,,,,,
94,11/14/2013,103,63.53901346,SSECOMP 596,1,,,,,,,,,,,,,,,,,
94,11/14/2013,104,78.15202575,SSECOMP 791,0,,,,,,,,,,,,,,,,,
94,11/14/2013,105,86.1293712,SSECOMP 898,0,,,,,,,,,,,,,,,,,
94,11/14/2013,106,89.75194305,SSECOMP 938,1,,,,,,,,,,,,,,,,,
94,11/14/2013,107,91.17370312,SSECOMP 949,0,,,,,,,,,,,,,,,,,
94,11/14/2013,108,91.67619334,SSECOMP 958,0,,,,,,,,,,,,,,,,,
94,11/14/2013,109,91.84376772,SSECOMP 965,1,,,,,,,,,,,,,,,,,
94,11/14/2013,110,91.89947494,SSECOMP 966,0,,,,,,,,,,,,,,,,,
94,11/15/2013,101,15.1091331,SSECOMP 144,1,,,,,,,,,,,,,,,,,
94,11/15/2013,102,37.57647377,SSECOMP 310,0,,,,,,,,,,,,,,,,,
94,11/15/2013,103,58.69506622,SSECOMP 538,1,,,,,,,,,,,,,,,,,
94,11/15/2013,104,73.92518169,SSECOMP 730,0,,,,,,,,,,,,,,,,,
94,11/15/2013,105,82.87721176,SSECOMP 858,0,,,,,,,,,,,,,,,,,
94,11/15/2013,106,87.30853905,SSECOMP 910,1,,,,,,,,,,,,,,,,,
94,11/15/2013,107,89.2195936,SSECOMP 932,0,,,,,,,,,,,,,,,,,
94,11/15/2013,108,89.96405704,SSECOMP 941,0,,,,,,,,,,,,,,,,,
94,11/15/2013,109,90.23616121,SSECOMP 944,1,,,,,,,,,,,,,,,,,
94,11/15/2013,110,90.33319737,SSECOMP 945,0,,,,,,,,,,,,,,,,,
94,11/18/2013,101,9.562343573,SSECOMP 108,1,,,,,,,,,,,,,,,,,
94,11/18/2013,102,27.1971607,SSECOMP 227,0,,,,,,,,,,,,,,,,,
94,11/18/2013,103,46.42979229,SSECOMP 395,1,,,,,,,,,,,,,,,,,
94,11/18/2013,104,62.38787942,SSECOMP 585,0,,,,,,,,,,,,,,,,,
94,11/18/2013,105,73.39276318,SSECOMP 723,1,,,,,,,,,,,,,,,,,
94,11/18/2013,106,79.93484835,SSECOMP 814,0,,,,,,,,,,,,,,,,,
94,11/18/2013,107,83.37465024,SSECOMP 863,1,,,,,,,,,,,,,,,,,
94,11/18/2013,108,85.01653659,SSECOMP 882,0,,,,,,,,,,,,,,,,,
94,11/18/2013,109,85.74719185,SSECOMP 895,0,,,,,,,,,,,,,,,,,
94,11/18/2013,110,86.05815469,SSECOMP 896,0,,,,,,,,,,,,,,,,,
94,11/19/2013,101,8.24863278,SSECOMP 101,1,,,,,,,,,,,,,,,,,
94,11/19/2013,102,24.48641568,SSECOMP 205,0,,,,,,,,,,,,,,,,,
94,11/19/2013,103,42.989658,SSECOMP 365,0,,,,,,,,,,,,,,,,,
94,11/19/2013,104,58.93323748,SSECOMP 540,1,,,,,,,,,,,,,,,,,
94,11/19/2013,105,70.37911636,SSECOMP 679,0,,,,,,,,,,,,,,,,,
94,11/19/2013,106,77.49876223,SSECOMP 775,0,,,,,,,,,,,,,,,,,
94,11/19/2013,107,81.43095954,SSECOMP 838,1,,,,,,,,,,,,,,,,,
94,11/19/2013,108,83.40532868,SSECOMP 864,0,,,,,,,,,,,,,,,,,
94,11/19/2013,109,84.32858178,SSECOMP 875,0,,,,,,,,,,,,,,,,,
94,11/19/2013,110,84.74025004,SSECOMP 880,0,,,,,,,,,,,,,,,,,
94,11/20/2013,101,7.127882541,SSECOMP 92,1,,,,,,,,,,,,,,,,,
94,11/20/2013,102,22.06887367,SSECOMP 191,0,,,,,,,,,,,,,,,,,
94,11/20/2013,103,39.82441259,SSECOMP 327,0,,,,,,,,,,,,,,,,,
94,11/20/2013,104,55.66704876,SSECOMP 502,1,,,,,,,,,,,,,,,,,
94,11/20/2013,105,67.45622599,SSECOMP 643,0,,,,,,,,,,,,,,,,,
94,11/20/2013,106,75.08870485,SSECOMP 745,0,,,,,,,,,,,,,,,,,
94,11/20/2013,107,79.49168782,SSECOMP 812,1,,,,,,,,,,,,,,,,,
94,11/20/2013,108,81.80415131,SSECOMP 843,0,,,,,,,,,,,,,,,,,
94,11/20/2013,109,82.93461753,SSECOMP 859,1,,,,,,,,,,,,,,,,,
94,11/20/2013,110,83.46026637,SSECOMP 867,0,,,,,,,,,,,,,,,,,
94,11/21/2013,101,6.16913522,SSECOMP 86,1,,,,,,,,,,,,,,,,,
94,11/21/2013,102,19.90862898,SSECOMP 179,0,,,,,,,,,,,,,,,,,
94,11/21/2013,103,36.90960896,SSECOMP 303,0,,,,,,,,,,,,,,,,,
94,11/21/2013,104,52.58231591,SSECOMP 467,1,,,,,,,,,,,,,,,,,
94,11/21/2013,105,64.63009841,SSECOMP 609,0,,,,,,,,,,,,,,,,,
94,11/21/2013,106,72.71351022,SSECOMP 715,1,,,,,,,,,,,,,,,,,
94,11/21/2013,107,77.56137687,SSECOMP 777,0,,,,,,,,,,,,,,,,,
94,11/21/2013,108,80.21255884,SSECOMP 820,0,,,,,,,,,,,,,,,,,
94,11/21/2013,109,81.56165004,SSECOMP 839,0,,,,,,,,,,,,,,,,,
94,11/21/2013,110,82.21339846,SSECOMP 848,0,,,,,,,,,,,,,,,,,
94,11/22/2013,101,5.34753562,SSECOMP 76,1,,,,,,,,,,,,,,,,,
94,11/22/2013,102,17.97567964,SSECOMP 166,0,,,,,,,,,,,,,,,,,
94,11/22/2013,103,34.2237479,SSECOMP 280,0,,,,,,,,,,,,,,,,,
94,11/22/2013,104,49.67139481,SSECOMP 433,1,,,,,,,,,,,,,,,,,
94,11/22/2013,105,61.90453538,SSECOMP 580,0,,,,,,,,,,,,,,,,,
94,11/22/2013,106,70.3806976,SSECOMP 680,1,,,,,,,,,,,,,,,,,
94,11/22/2013,107,75.64519525,SSECOMP 758,0,,,,,,,,,,,,,,,,,
94,11/22/2013,108,78.63162541,SSECOMP 797,1,,,,,,,,,,,,,,,,,
94,11/22/2013,109,80.20787517,SSECOMP 819,0,,,,,,,,,,,,,,,,,
94,11/22/2013,110,80.99658205,SSECOMP 833,1,,,,,,,,,,,,,,,,,
94,11/25/2013,105,54.331711,SSECOMP 6156,1,,,,,,,,,,,,,,,,,
94,11/26/2013,105,52.00521074,SSECOMP 6138,0,,,,,,,,,,,,,,,,,
94,11/27/2013,105,49.77410392,SSECOMP 6121,0,,,,,,,,,,,,,,,,,
94,11/29/2013,105,45.58778046,SSECOMP 6077,0,,,,,,,,,,,,,,,,,
94,12/2/2013,105,39.94867598,SSECOMP 6006,1,,,,,,,,,,,,,,,,,
94,12/3/2013,105,38.22672898,SSECOMP 5981,0,,,,,,,,,,,,,,,,,
94,12/4/2013,105,36.57860709,SSECOMP 5957,1,,,,,,,,,,,,,,,,,
94,12/5/2013,105,35.00265973,SSECOMP 5935,0,,,,,,,,,,,,,,,,,
94,12/6/2013,105,33.49319769,SSECOMP 5916,1,,,,,,,,,,,,,,,,,
94,12/9/2013,105,29.34787867,SSECOMP 5852,0,,,,,,,,,,,,,,,,,
95,11/25/2013,107,63.48776989,SSECOMP 5200,1,,,,,,,,,,,,,,,,,
95,11/26/2013,107,61.59647572,SSECOMP 5199,0,,,,,,,,,,,,,,,,,
95,11/27/2013,107,59.74485639,SSECOMP 5196,1,,,,,,,,,,,,,,,,,
95,11/29/2013,107,56.16682425,SSECOMP 5186,0,,,,,,,,,,,,,,,,,
95,12/2/2013,107,51.11652149,SSECOMP 5166,1,,,,,,,,,,,,,,,,,
95,12/3/2013,107,49.51808931,SSECOMP 5155,0,,,,,,,,,,,,,,,,,
95,12/4/2013,107,47.96234152,SSECOMP 5143,1,,,,,,,,,,,,,,,,,
95,12/5/2013,107,46.45103935,SSECOMP 5134,0,,,,,,,,,,,,,,,,,
95,12/6/2013,107,44.97964773,SSECOMP 5117,1,,,,,,,,,,,,,,,,,
95,12/9/2013,107,40.81483845,SSECOMP 5071,0,,,,,,,,,,,,,,,,,
95.3,11/25/2013,107,61.15882233,SSECOMP 5198,1,,,,,,,,,,,,,,,,,
95.3,11/26/2013,107,59.25882591,SSECOMP 5195,0,,,,,,,,,,,,,,,,,
95.3,11/27/2013,107,57.40201759,SSECOMP 5191,1,,,,,,,,,,,,,,,,,
95.3,11/29/2013,107,53.82303327,SSECOMP 5178,0,,,,,,,,,,,,,,,,,
95.3,12/2/2013,107,48.79098091,SSECOMP 5151,0,,,,,,,,,,,,,,,,,
95.3,12/3/2013,107,47.20305748,SSECOMP 5138,1,,,,,,,,,,,,,,,,,
95.3,12/4/2013,107,45.65975583,SSECOMP 5124,0,,,,,,,,,,,,,,,,,
95.3,12/5/2013,107,44.16273032,SSECOMP 5110,0,,,,,,,,,,,,,,,,,
95.3,12/6/2013,107,42.70720154,SSECOMP 5092,1,,,,,,,,,,,,,,,,,
95.3,12/9/2013,107,38.59849846,SSECOMP 5040,0,,,,,,,,,,,,,,,,,
95.6,11/25/2013,107,58.6355555,SSECOMP 5193,1,,,,,,,,,,,,,,,,,
95.6,11/26/2013,107,56.73319859,SSECOMP 5189,0,,,,,,,,,,,,,,,,,
95.6,11/27/2013,107,54.87757195,SSECOMP 5181,1,,,,,,,,,,,,,,,,,
95.6,11/29/2013,107,51.31041042,SSECOMP 5167,0,,,,,,,,,,,,,,,,,
95.6,12/2/2013,107,46.31569362,SSECOMP 5132,1,,,,,,,,,,,,,,,,,
95.6,12/3/2013,107,44.74457718,SSECOMP 5116,0,,,,,,,,,,,,,,,,,
95.6,12/4/2013,107,43.21996013,SSECOMP 5099,1,,,,,,,,,,,,,,,,,
95.6,12/5/2013,107,41.74336619,SSECOMP 5083,0,,,,,,,,,,,,,,,,,
95.6,12/6/2013,107,40.30981262,SSECOMP 5065,1,,,,,,,,,,,,,,,,,
95.6,12/9/2013,107,36.27501431,SSECOMP 5004,0,,,,,,,,,,,,,,,,,
95.9,11/25/2013,107,55.90584574,SSECOMP 5185,1,,,,,,,,,,,,,,,,,
95.9,11/26/2013,107,54.00888994,SSECOMP 5179,0,,,,,,,,,,,,,,,,,
95.9,11/27/2013,107,52.16217289,SSECOMP 5169,1,,,,,,,,,,,,,,,,,
95.9,11/29/2013,107,48.62213643,SSECOMP 5150,0,,,,,,,,,,,,,,,,,
96.2,11/25/2013,107,52.95838845,SSECOMP 5174,1,,,,,,,,,,,,,,,,,
96.2,11/26/2013,107,51.07621421,SSECOMP 5164,0,,,,,,,,,,,,,,,,,
96.2,11/27/2013,107,49.24768604,SSECOMP 5154,1,,,,,,,,,,,,,,,,,
96.2,11/29/2013,107,45.75296393,SSECOMP 5126,1,,,,,,,,,,,,,,,,,
96.2,12/2/2013,107,40.90422323,SSECOMP 5072,0,,,,,,,,,,,,,,,,,
96.2,12/3/2013,107,39.38987097,SSECOMP 5051,0,,,,,,,,,,,,,,,,,
96.2,12/4/2013,107,37.92541317,SSECOMP 5032,1,,,,,,,,,,,,,,,,,
96.2,12/5/2013,107,36.51197582,SSECOMP 5012,0,,,,,,,,,,,,,,,,,
96.2,12/6/2013,107,35.14429181,SSECOMP 4989,1,,,,,,,,,,,,,,,,,
96.2,12/9/2013,107,31.32035583,SSECOMP 4916,0,,,,,,,,,,,,,,,,,
96.5,11/25/2013,107,49.78348676,SSECOMP 5157,1,,,,,,,,,,,,,,,,,
96.5,11/26/2013,107,47.92730598,SSECOMP 5141,0,,,,,,,,,,,,,,,,,
96.5,11/27/2013,107,46.1279786,SSECOMP 5129,1,,,,,,,,,,,,,,,,,
96.5,11/29/2013,107,42.69997036,SSECOMP 5091,1,,,,,,,,,,,,,,,,,
96.5,12/2/2013,107,37.96783489,SSECOMP 5033,0,,,,,,,,,,,,,,,,,
96.5,12/3/2013,107,36.49579833,SSECOMP 5011,1,,,,,,,,,,,,,,,,,
96.5,12/4/2013,107,35.07502586,SSECOMP 4987,0,,,,,,,,,,,,,,,,,
96.5,12/5/2013,107,33.70640622,SSECOMP 4967,1,,,,,,,,,,,,,,,,,
96.5,12/6/2013,107,32.38459707,SSECOMP 4939,0,,,,,,,,,,,,,,,,,
96.5,12/9/2013,107,28.70266217,SSECOMP 4867,1,,,,,,,,,,,,,,,,,
96.8,11/25/2013,107,46.37372207,SSECOMP 5133,0,,,,,,,,,,,,,,,,,
96.8,11/26/2013,107,44.55680497,SSECOMP 5114,1,,,,,,,,,,,,,,,,,
96.8,12/2/2013,107,34.8826886,SSECOMP 4983,0,,,,,,,,,,,,,,,,,
97.1,11/27/2013,107,39.26315464,SSECOMP 5050,1,,,,,,,,,,,,,,,,,
97.1,11/29/2013,107,36.04720126,SSECOMP 5001,0,,,,,,,,,,,,,,,,,
97.1,12/3/2013,107,30.3046834,SSECOMP 4903,1,,,,,,,,,,,,,,,,,
97.1,12/4/2013,107,29.00440986,SSECOMP 4876,0,,,,,,,,,,,,,,,,,
97.1,12/5/2013,107,27.75730326,SSECOMP 4851,1,,,,,,,,,,,,,,,,,
97.1,12/6/2013,107,26.55805444,SSECOMP 4825,0,,,,,,,,,,,,,,,,,
97.1,12/9/2013,107,23.24564587,SSECOMP 4750,1,,,,,,,,,,,,,,,,,
98.5,11/18/2013,101,0.005380053,SSECOMP 11,1,,,,,,,,,,,,,,,,,
98.5,11/19/2013,101,0.00233762,SSECOMP 7,0,,,,,,,,,,,,,,,,,
98.5,11/20/2013,101,0.001015986,SSECOMP 9,0,,,,,,,,,,,,,,,,,
98.5,11/22/2013,101,0.000192388,SSECOMP 10,0,,,,,,,,,,,,,,,,,
END DOUBLENOTOUCH PAYOUT CNY,,,,,,,,,,,,,,,,,,,,,,
