symbol,epoch,quote
frxUSDJPY,1352340008,79.903
frxUSDJPY,1352340009,79.902
frxUSDJPY,1352340011,79.902
frxUSDJPY,1352340012,79.899
frxUSDJPY,1352340013,79.899
frxUSDJPY,1352340015,79.895
frxUSDJPY,1352340016,79.898
frxUSDJPY,1352340018,79.895
frxUSDJPY,1352340020,79.901
frxUSDJPY,1352340022,79.899
frxUSDJPY,1352340023,79.902
frxUSDJPY,1352340027,79.897
frxUSDJPY,1352340029,79.901
frxUSDJPY,1352340030,79.898
frxUSDJPY,1352340035,79.897
frxUSDJPY,1352340037,79.898
frxUSDJPY,1352340038,79.902
frxUSDJPY,1352340039,79.899
frxUSDJPY,1352340041,79.898
frxUSDJPY,1352340042,79.898
frxUSDJPY,1352340046,79.898
frxUSDJPY,1352340058,79.903
frxUSDJPY,1352340059,79.9
frxUSDJPY,1352340060,79.898
frxUSDJPY,1352340063,79.906
frxUSDJPY,1352340065,79.901
frxUSDJPY,1352340068,79.899
frxUSDJPY,1352340078,79.897
frxUSDJPY,1352340085,79.898
frxUSDJPY,1352340087,79.898
frxUSDJPY,1352340088,79.898
frxUSDJPY,1352340091,79.899
frxUSDJPY,1352340093,79.898
frxUSDJPY,1352340097,79.899
frxUSDJPY,1352340098,79.9
frxUSDJPY,1352340099,79.901
frxUSDJPY,1352340102,79.899
frxUSDJPY,1352340104,79.898
frxUSDJPY,1352340105,79.899
frxUSDJPY,1352340110,79.899
frxUSDJPY,1352340117,79.91
frxUSDJPY,1352340120,79.902
frxUSDJPY,1352340121,79.901
frxUSDJPY,1352340124,79.899
frxUSDJPY,1352340126,79.897
frxUSDJPY,1352340129,79.899
frxUSDJPY,1352340131,79.901
frxUSDJPY,1352340132,79.9
frxUSDJPY,1352340133,79.901
frxUSDJPY,1352340134,79.901
frxUSDJPY,1352340136,79.902
frxUSDJPY,1352340137,79.902
frxUSDJPY,1352340138,79.901
frxUSDJPY,1352340140,79.901
frxUSDJPY,1352340142,79.9
frxUSDJPY,1352340143,79.904
frxUSDJPY,1352340144,79.902
frxUSDJPY,1352340145,79.903
frxUSDJPY,1352340146,79.898
frxUSDJPY,1352340148,79.898
frxUSDJPY,1352340150,79.902
frxUSDJPY,1352340151,79.899
frxUSDJPY,1352340157,79.898
frxUSDJPY,1352340158,79.895
frxUSDJPY,1352340159,79.901
frxUSDJPY,1352340162,79.895
frxUSDJPY,1352340163,79.894
frxUSDJPY,1352340166,79.891
frxUSDJPY,1352340167,79.895
frxUSDJPY,1352340169,79.897
frxUSDJPY,1352340171,79.897
frxUSDJPY,1352340174,79.899
frxUSDJPY,1352340175,79.898
frxUSDJPY,1352340176,79.897
frxUSDJPY,1352340177,79.898
frxUSDJPY,1352340178,79.897
frxUSDJPY,1352340179,79.899
frxUSDJPY,1352340181,79.892
frxUSDJPY,1352340182,79.891
frxUSDJPY,1352340184,79.891
frxUSDJPY,1352340185,79.893
frxUSDJPY,1352340186,79.9
frxUSDJPY,1352340187,79.895
frxUSDJPY,1352340188,79.894
frxUSDJPY,1352340189,79.895
frxUSDJPY,1352340190,79.894
frxUSDJPY,1352340191,79.892
frxUSDJPY,1352340192,79.9
frxUSDJPY,1352340195,79.896
frxUSDJPY,1352340196,79.893
frxUSDJPY,1352340197,79.9
frxUSDJPY,1352340198,79.897
frxUSDJPY,1352340199,79.901
frxUSDJPY,1352340202,79.893
frxUSDJPY,1352340203,79.891
frxUSDJPY,1352340207,79.897
frxUSDJPY,1352340209,79.893
frxUSDJPY,1352340210,79.894
frxUSDJPY,1352340211,79.902
frxUSDJPY,1352340212,79.893
frxUSDJPY,1352340213,79.901
frxUSDJPY,1352340214,79.894
frxUSDJPY,1352340215,79.9
frxUSDJPY,1352340218,79.894
frxUSDJPY,1352340221,79.897
frxUSDJPY,1352340222,79.896
frxUSDJPY,1352340225,79.893
frxUSDJPY,1352340233,79.892
frxUSDJPY,1352340236,79.892
frxUSDJPY,1352340239,79.894
frxUSDJPY,1352340240,79.891
frxUSDJPY,1352340241,79.89
frxUSDJPY,1352340243,79.899
frxUSDJPY,1352340244,79.894
frxUSDJPY,1352340245,79.892
frxUSDJPY,1352340246,79.9
frxUSDJPY,1352340248,79.9
frxUSDJPY,1352340251,79.9
frxUSDJPY,1352340252,79.893
frxUSDJPY,1352340253,79.892
frxUSDJPY,1352340254,79.9
frxUSDJPY,1352340256,79.901
frxUSDJPY,1352340259,79.896
frxUSDJPY,1352340260,79.894
frxUSDJPY,1352340262,79.901
frxUSDJPY,1352340269,79.897
frxUSDJPY,1352340270,79.896
frxUSDJPY,1352340271,79.892
frxUSDJPY,1352340272,79.9
frxUSDJPY,1352340273,79.895
frxUSDJPY,1352340274,79.891
frxUSDJPY,1352340275,79.891
frxUSDJPY,1352340280,79.891
frxUSDJPY,1352340281,79.891
frxUSDJPY,1352340282,79.891
frxUSDJPY,1352340289,79.9
frxUSDJPY,1352340293,79.897
frxUSDJPY,1352340295,79.896
frxUSDJPY,1352340298,79.891
frxUSDJPY,1352340299,79.892
frxUSDJPY,1352340300,79.9
frxUSDJPY,1352340301,79.897
frxUSDJPY,1352340302,79.902
frxUSDJPY,1352340307,79.895
frxUSDJPY,1352340310,79.894
frxUSDJPY,1352340311,79.892
frxUSDJPY,1352340313,79.9
frxUSDJPY,1352340315,79.894
frxUSDJPY,1352340317,79.899
frxUSDJPY,1352340319,79.892
frxUSDJPY,1352340320,79.891
frxUSDJPY,1352340321,79.892
frxUSDJPY,1352340322,79.894
frxUSDJPY,1352340323,79.891
frxUSDJPY,1352340324,79.893
frxUSDJPY,1352340328,79.902
frxUSDJPY,1352340329,79.895
frxUSDJPY,1352340330,79.894
frxUSDJPY,1352340336,79.892
frxUSDJPY,1352340337,79.886
frxUSDJPY,1352340339,79.886
frxUSDJPY,1352340340,79.888
frxUSDJPY,1352340342,79.888
frxUSDJPY,1352340343,79.888
frxUSDJPY,1352340344,79.888
frxUSDJPY,1352340350,79.886
frxUSDJPY,1352340352,79.887
frxUSDJPY,1352340353,79.887
frxUSDJPY,1352340355,79.888
frxUSDJPY,1352340356,79.887
frxUSDJPY,1352340357,79.887
frxUSDJPY,1352340358,79.889
frxUSDJPY,1352340363,79.887
frxUSDJPY,1352340364,79.886
frxUSDJPY,1352340365,79.887
frxUSDJPY,1352340366,79.888
frxUSDJPY,1352340368,79.89
frxUSDJPY,1352340370,79.889
frxUSDJPY,1352340371,79.893
frxUSDJPY,1352340373,79.893
frxUSDJPY,1352340375,79.893
frxUSDJPY,1352340376,79.893
frxUSDJPY,1352340377,79.892
frxUSDJPY,1352340380,79.892
frxUSDJPY,1352340388,79.907
frxUSDJPY,1352340391,79.896
frxUSDJPY,1352340396,79.901
frxUSDJPY,1352340397,79.895
frxUSDJPY,1352340398,79.888
frxUSDJPY,1352340400,79.889
frxUSDJPY,1352340402,79.888
frxUSDJPY,1352340403,79.888
frxUSDJPY,1352340404,79.88
frxUSDJPY,1352340405,79.885
frxUSDJPY,1352340407,79.887
frxUSDJPY,1352340408,79.887
frxUSDJPY,1352340412,79.889
frxUSDJPY,1352340413,79.887
frxUSDJPY,1352340414,79.886
frxUSDJPY,1352340417,79.889
frxUSDJPY,1352340419,79.885
frxUSDJPY,1352340420,79.885
frxUSDJPY,1352340421,79.883
frxUSDJPY,1352340422,79.88
frxUSDJPY,1352340424,79.877
frxUSDJPY,1352340427,79.877
frxUSDJPY,1352340428,79.873
frxUSDJPY,1352340429,79.88
frxUSDJPY,1352340430,79.872
frxUSDJPY,1352340431,79.872
frxUSDJPY,1352340433,79.865
frxUSDJPY,1352340434,79.859
frxUSDJPY,1352340435,79.866
frxUSDJPY,1352340437,79.868
frxUSDJPY,1352340439,79.868
frxUSDJPY,1352340441,79.869
frxUSDJPY,1352340442,79.872
frxUSDJPY,1352340443,79.871
frxUSDJPY,1352340444,79.871
frxUSDJPY,1352340445,79.871
frxUSDJPY,1352340447,79.872
frxUSDJPY,1352340453,79.871
frxUSDJPY,1352340454,79.871
frxUSDJPY,1352340455,79.871
frxUSDJPY,1352340456,79.879
frxUSDJPY,1352340457,79.872
frxUSDJPY,1352340458,79.868
frxUSDJPY,1352340459,79.867
frxUSDJPY,1352340460,79.866
frxUSDJPY,1352340461,79.867
frxUSDJPY,1352340463,79.866
frxUSDJPY,1352340464,79.863
frxUSDJPY,1352340465,79.865
frxUSDJPY,1352340466,79.863
frxUSDJPY,1352340467,79.86
frxUSDJPY,1352340468,79.86
frxUSDJPY,1352340469,79.86
frxUSDJPY,1352340471,79.855
frxUSDJPY,1352340472,79.855
frxUSDJPY,1352340473,79.856
frxUSDJPY,1352340474,79.857
frxUSDJPY,1352340476,79.862
frxUSDJPY,1352340477,79.867
frxUSDJPY,1352340478,79.863
frxUSDJPY,1352340479,79.857
frxUSDJPY,1352340480,79.858
frxUSDJPY,1352340481,79.858
frxUSDJPY,1352340483,79.86
frxUSDJPY,1352340485,79.863
frxUSDJPY,1352340487,79.867
frxUSDJPY,1352340489,79.864
frxUSDJPY,1352340492,79.864
frxUSDJPY,1352340493,79.871
frxUSDJPY,1352340494,79.867
frxUSDJPY,1352340495,79.865
frxUSDJPY,1352340496,79.866
frxUSDJPY,1352340500,79.868
frxUSDJPY,1352340501,79.864
frxUSDJPY,1352340502,79.861
frxUSDJPY,1352340503,79.86
frxUSDJPY,1352340504,79.86
frxUSDJPY,1352340507,79.86
frxUSDJPY,1352340508,79.858
frxUSDJPY,1352340510,79.853
frxUSDJPY,1352340511,79.853
frxUSDJPY,1352340512,79.853
frxUSDJPY,1352340514,79.854
frxUSDJPY,1352340517,79.852
frxUSDJPY,1352340520,79.852
frxUSDJPY,1352340521,79.852
frxUSDJPY,1352340522,79.852
frxUSDJPY,1352340526,79.852
frxUSDJPY,1352340527,79.852
frxUSDJPY,1352340529,79.852
frxUSDJPY,1352340531,79.85
frxUSDJPY,1352340532,79.851
frxUSDJPY,1352340534,79.866
frxUSDJPY,1352340538,79.851
frxUSDJPY,1352340540,79.853
frxUSDJPY,1352340541,79.853
frxUSDJPY,1352340551,79.855
frxUSDJPY,1352340552,79.854
frxUSDJPY,1352340555,79.853
frxUSDJPY,1352340556,79.854
frxUSDJPY,1352340557,79.853
frxUSDJPY,1352340558,79.853
frxUSDJPY,1352340560,79.851
frxUSDJPY,1352340563,79.851
frxUSDJPY,1352340565,79.851
frxUSDJPY,1352340568,79.852
frxUSDJPY,1352340569,79.852
frxUSDJPY,1352340571,79.851
frxUSDJPY,1352340572,79.851
frxUSDJPY,1352340574,79.851
frxUSDJPY,1352340575,79.851
frxUSDJPY,1352340576,79.852
frxUSDJPY,1352340578,79.86
frxUSDJPY,1352340580,79.854
frxUSDJPY,1352340581,79.851
frxUSDJPY,1352340582,79.853
frxUSDJPY,1352340583,79.853
frxUSDJPY,1352340584,79.856
frxUSDJPY,1352340585,79.853
frxUSDJPY,1352340586,79.86
frxUSDJPY,1352340587,79.853
frxUSDJPY,1352340589,79.853
frxUSDJPY,1352340590,79.86
frxUSDJPY,1352340591,79.852
frxUSDJPY,1352340594,79.853
frxUSDJPY,1352340595,79.857
frxUSDJPY,1352340598,79.856
frxUSDJPY,1352340599,79.854
frxUSDJPY,1352340601,79.851
frxUSDJPY,1352340602,79.852
frxUSDJPY,1352340603,79.852
frxUSDJPY,1352340607,79.853
frxUSDJPY,1352340608,79.851
frxUSDJPY,1352340609,79.851
frxUSDJPY,1352340611,79.854
frxUSDJPY,1352340615,79.852
frxUSDJPY,1352340617,79.852
frxUSDJPY,1352340618,79.852
frxUSDJPY,1352340620,79.861
frxUSDJPY,1352340622,79.855
frxUSDJPY,1352340623,79.85
frxUSDJPY,1352340624,79.852
frxUSDJPY,1352340625,79.852
frxUSDJPY,1352340626,79.85
frxUSDJPY,1352340627,79.852
frxUSDJPY,1352340628,79.857
frxUSDJPY,1352340629,79.853
frxUSDJPY,1352340631,79.854
frxUSDJPY,1352340633,79.854
frxUSDJPY,1352340634,79.852
frxUSDJPY,1352340636,79.854
frxUSDJPY,1352340637,79.854
frxUSDJPY,1352340638,79.855
frxUSDJPY,1352340639,79.855
frxUSDJPY,1352340642,79.862
frxUSDJPY,1352340643,79.856
frxUSDJPY,1352340648,79.854
frxUSDJPY,1352340650,79.854
frxUSDJPY,1352340652,79.857
frxUSDJPY,1352340654,79.861
frxUSDJPY,1352340655,79.856
frxUSDJPY,1352340657,79.862
frxUSDJPY,1352340658,79.859
frxUSDJPY,1352340659,79.857
frxUSDJPY,1352340661,79.857
frxUSDJPY,1352340662,79.857
frxUSDJPY,1352340663,79.858
frxUSDJPY,1352340664,79.862
frxUSDJPY,1352340666,79.858
frxUSDJPY,1352340668,79.854
frxUSDJPY,1352340670,79.861
frxUSDJPY,1352340671,79.857
frxUSDJPY,1352340673,79.853
frxUSDJPY,1352340674,79.853
frxUSDJPY,1352340677,79.853
frxUSDJPY,1352340679,79.86
frxUSDJPY,1352340680,79.856
frxUSDJPY,1352340681,79.855
frxUSDJPY,1352340682,79.861
frxUSDJPY,1352340683,79.858
frxUSDJPY,1352340684,79.855
frxUSDJPY,1352340685,79.854
frxUSDJPY,1352340686,79.854
frxUSDJPY,1352340688,79.855
frxUSDJPY,1352340689,79.854
frxUSDJPY,1352340690,79.853
frxUSDJPY,1352340691,79.853
frxUSDJPY,1352340692,79.86
frxUSDJPY,1352340693,79.854
frxUSDJPY,1352340694,79.855
frxUSDJPY,1352340695,79.854
frxUSDJPY,1352340696,79.861
frxUSDJPY,1352340697,79.849
frxUSDJPY,1352340698,79.851
frxUSDJPY,1352340699,79.85
frxUSDJPY,1352340700,79.85
frxUSDJPY,1352340707,79.854
frxUSDJPY,1352340708,79.852
frxUSDJPY,1352340711,79.851
frxUSDJPY,1352340716,79.851
frxUSDJPY,1352340717,79.852
frxUSDJPY,1352340718,79.854
frxUSDJPY,1352340725,79.85
frxUSDJPY,1352340726,79.848
frxUSDJPY,1352340729,79.848
frxUSDJPY,1352340731,79.848
frxUSDJPY,1352340732,79.849
frxUSDJPY,1352340733,79.849
frxUSDJPY,1352340735,79.849
frxUSDJPY,1352340736,79.847
frxUSDJPY,1352340741,79.848
frxUSDJPY,1352340743,79.85
frxUSDJPY,1352340745,79.844
frxUSDJPY,1352340746,79.852
frxUSDJPY,1352340748,79.851
frxUSDJPY,1352340750,79.847
frxUSDJPY,1352340754,79.847
frxUSDJPY,1352340756,79.849
frxUSDJPY,1352340757,79.848
frxUSDJPY,1352340765,79.848
frxUSDJPY,1352340768,79.849
frxUSDJPY,1352340769,79.848
frxUSDJPY,1352340770,79.847
frxUSDJPY,1352340771,79.847
frxUSDJPY,1352340774,79.848
frxUSDJPY,1352340775,79.848
frxUSDJPY,1352340777,79.848
frxUSDJPY,1352340779,79.849
frxUSDJPY,1352340780,79.852
frxUSDJPY,1352340781,79.85
frxUSDJPY,1352340786,79.848
frxUSDJPY,1352340788,79.848
frxUSDJPY,1352340797,79.85
frxUSDJPY,1352340801,79.849
frxUSDJPY,1352340802,79.849
frxUSDJPY,1352340804,79.849
frxUSDJPY,1352340809,79.847
frxUSDJPY,1352340810,79.848
frxUSDJPY,1352340811,79.85
frxUSDJPY,1352340813,79.854
frxUSDJPY,1352340816,79.858
frxUSDJPY,1352340819,79.854
frxUSDJPY,1352340823,79.854
frxUSDJPY,1352340826,79.86
frxUSDJPY,1352340827,79.856
frxUSDJPY,1352340828,79.855
frxUSDJPY,1352340829,79.855
frxUSDJPY,1352340831,79.86
frxUSDJPY,1352340833,79.855
frxUSDJPY,1352340836,79.861
frxUSDJPY,1352340838,79.857
frxUSDJPY,1352340842,79.86
frxUSDJPY,1352340845,79.856
frxUSDJPY,1352340847,79.854
frxUSDJPY,1352340848,79.853
frxUSDJPY,1352340852,79.855
frxUSDJPY,1352340854,79.854
frxUSDJPY,1352340857,79.855
frxUSDJPY,1352340861,79.862
frxUSDJPY,1352340864,79.856
frxUSDJPY,1352340867,79.862
frxUSDJPY,1352340869,79.859
frxUSDJPY,1352340870,79.856
frxUSDJPY,1352340871,79.857
frxUSDJPY,1352340874,79.857
frxUSDJPY,1352340875,79.856
frxUSDJPY,1352340878,79.854
frxUSDJPY,1352340879,79.853
frxUSDJPY,1352340880,79.851
frxUSDJPY,1352340881,79.853
frxUSDJPY,1352340885,79.853
frxUSDJPY,1352340888,79.854
frxUSDJPY,1352340889,79.855
frxUSDJPY,1352340890,79.855
frxUSDJPY,1352340893,79.863
frxUSDJPY,1352340898,79.856
frxUSDJPY,1352340901,79.856
frxUSDJPY,1352340904,79.861
frxUSDJPY,1352340911,79.857
frxUSDJPY,1352340913,79.856
frxUSDJPY,1352340916,79.856
frxUSDJPY,1352340920,79.855
frxUSDJPY,1352340921,79.855
frxUSDJPY,1352340924,79.86
frxUSDJPY,1352340929,79.859
frxUSDJPY,1352340933,79.859
frxUSDJPY,1352340934,79.862
frxUSDJPY,1352340936,79.866
frxUSDJPY,1352340937,79.863
frxUSDJPY,1352340938,79.863
frxUSDJPY,1352340939,79.867
frxUSDJPY,1352340941,79.863
frxUSDJPY,1352340942,79.864
frxUSDJPY,1352340943,79.866
frxUSDJPY,1352340944,79.864
frxUSDJPY,1352340949,79.86
frxUSDJPY,1352340950,79.862
frxUSDJPY,1352340953,79.861
frxUSDJPY,1352340954,79.863
frxUSDJPY,1352340956,79.861
frxUSDJPY,1352340957,79.861
frxUSDJPY,1352340959,79.862
frxUSDJPY,1352340960,79.861
frxUSDJPY,1352340961,79.861
frxUSDJPY,1352340968,79.86
frxUSDJPY,1352340975,79.872
frxUSDJPY,1352340981,79.867
frxUSDJPY,1352340982,79.872
frxUSDJPY,1352340995,79.867
frxUSDJPY,1352340997,79.866
frxUSDJPY,1352340998,79.861
frxUSDJPY,1352341000,79.864
frxUSDJPY,1352341002,79.867
frxUSDJPY,1352341003,79.872
frxUSDJPY,1352341004,79.868
frxUSDJPY,1352341005,79.865
frxUSDJPY,1352341006,79.871
frxUSDJPY,1352341010,79.866
frxUSDJPY,1352341011,79.865
frxUSDJPY,1352341012,79.869
frxUSDJPY,1352341013,79.872
frxUSDJPY,1352341014,79.868
frxUSDJPY,1352341015,79.869
frxUSDJPY,1352341016,79.869
frxUSDJPY,1352341019,79.87
frxUSDJPY,1352341020,79.873
frxUSDJPY,1352341021,79.874
frxUSDJPY,1352341025,79.875
frxUSDJPY,1352341026,79.874
frxUSDJPY,1352341028,79.874
frxUSDJPY,1352341029,79.874
frxUSDJPY,1352341030,79.881
frxUSDJPY,1352341032,79.876
frxUSDJPY,1352341033,79.874
frxUSDJPY,1352341034,79.868
frxUSDJPY,1352341035,79.881
frxUSDJPY,1352341039,79.884
frxUSDJPY,1352341051,79.878
frxUSDJPY,1352341054,79.875
frxUSDJPY,1352341062,79.875
frxUSDJPY,1352341065,79.876
frxUSDJPY,1352341067,79.874
frxUSDJPY,1352341068,79.873
frxUSDJPY,1352341069,79.875
frxUSDJPY,1352341071,79.875
frxUSDJPY,1352341072,79.877
frxUSDJPY,1352341073,79.877
frxUSDJPY,1352341075,79.877
frxUSDJPY,1352341076,79.881
frxUSDJPY,1352341077,79.881
frxUSDJPY,1352341079,79.878
frxUSDJPY,1352341082,79.882
frxUSDJPY,1352341085,79.878
frxUSDJPY,1352341086,79.876
frxUSDJPY,1352341088,79.881
frxUSDJPY,1352341090,79.876
frxUSDJPY,1352341091,79.875
frxUSDJPY,1352341092,79.875
frxUSDJPY,1352341093,79.877
frxUSDJPY,1352341095,79.881
frxUSDJPY,1352341097,79.877
frxUSDJPY,1352341098,79.885
frxUSDJPY,1352341099,79.888
frxUSDJPY,1352341100,79.887
frxUSDJPY,1352341101,79.887
frxUSDJPY,1352341102,79.887
frxUSDJPY,1352341103,79.885
frxUSDJPY,1352341104,79.887
frxUSDJPY,1352341105,79.886
frxUSDJPY,1352341107,79.888
frxUSDJPY,1352341109,79.894
frxUSDJPY,1352341110,79.889
frxUSDJPY,1352341111,79.889
frxUSDJPY,1352341112,79.892
frxUSDJPY,1352341117,79.89
frxUSDJPY,1352341119,79.893
frxUSDJPY,1352341121,79.892
frxUSDJPY,1352341122,79.892
frxUSDJPY,1352341123,79.892
frxUSDJPY,1352341124,79.89
frxUSDJPY,1352341126,79.887
frxUSDJPY,1352341128,79.892
frxUSDJPY,1352341130,79.889
frxUSDJPY,1352341132,79.9
frxUSDJPY,1352341133,79.892
frxUSDJPY,1352341135,79.889
frxUSDJPY,1352341137,79.89
frxUSDJPY,1352341138,79.893
frxUSDJPY,1352341139,79.893
frxUSDJPY,1352341140,79.889
frxUSDJPY,1352341142,79.899
frxUSDJPY,1352341144,79.895
frxUSDJPY,1352341145,79.891
frxUSDJPY,1352341149,79.889
frxUSDJPY,1352341152,79.897
frxUSDJPY,1352341153,79.893
frxUSDJPY,1352341154,79.89
frxUSDJPY,1352341158,79.889
frxUSDJPY,1352341160,79.885
frxUSDJPY,1352341166,79.884
frxUSDJPY,1352341170,79.885
frxUSDJPY,1352341173,79.885
frxUSDJPY,1352341175,79.888
frxUSDJPY,1352341179,79.892
frxUSDJPY,1352341182,79.893
frxUSDJPY,1352341183,79.893
frxUSDJPY,1352341184,79.894
frxUSDJPY,1352341186,79.891
frxUSDJPY,1352341187,79.892
frxUSDJPY,1352341189,79.892
frxUSDJPY,1352341190,79.9
frxUSDJPY,1352341191,79.892
frxUSDJPY,1352341197,79.899
frxUSDJPY,1352341198,79.897
frxUSDJPY,1352341200,79.894
frxUSDJPY,1352341202,79.891
frxUSDJPY,1352341203,79.893
frxUSDJPY,1352341204,79.893
frxUSDJPY,1352341205,79.898
frxUSDJPY,1352341206,79.893
frxUSDJPY,1352341207,79.893
frxUSDJPY,1352341209,79.896
frxUSDJPY,1352341210,79.895
frxUSDJPY,1352341211,79.893
frxUSDJPY,1352341213,79.894
frxUSDJPY,1352341214,79.888
frxUSDJPY,1352341217,79.891
frxUSDJPY,1352341219,79.892
frxUSDJPY,1352341222,79.885
frxUSDJPY,1352341224,79.891
frxUSDJPY,1352341227,79.89
frxUSDJPY,1352341229,79.888
frxUSDJPY,1352341231,79.892
frxUSDJPY,1352341233,79.888
frxUSDJPY,1352341235,79.886
frxUSDJPY,1352341236,79.888
frxUSDJPY,1352341237,79.889
frxUSDJPY,1352341239,79.893
frxUSDJPY,1352341242,79.893
frxUSDJPY,1352341243,79.899
frxUSDJPY,1352341244,79.891
frxUSDJPY,1352341246,79.891
frxUSDJPY,1352341247,79.891
frxUSDJPY,1352341248,79.891
frxUSDJPY,1352341255,79.893
frxUSDJPY,1352341258,79.898
frxUSDJPY,1352341268,79.891
frxUSDJPY,1352341269,79.891
frxUSDJPY,1352341271,79.89
frxUSDJPY,1352341277,79.891
frxUSDJPY,1352341278,79.892
frxUSDJPY,1352341283,79.892
frxUSDJPY,1352341285,79.89
frxUSDJPY,1352341287,79.891
frxUSDJPY,1352341288,79.892
frxUSDJPY,1352341291,79.891
frxUSDJPY,1352341292,79.89
frxUSDJPY,1352341293,79.89
frxUSDJPY,1352341296,79.891
frxUSDJPY,1352341303,79.89
frxUSDJPY,1352341306,79.891
frxUSDJPY,1352341308,79.891
frxUSDJPY,1352341314,79.891
frxUSDJPY,1352341315,79.892
frxUSDJPY,1352341316,79.897
frxUSDJPY,1352341318,79.898
frxUSDJPY,1352341324,79.895
frxUSDJPY,1352341326,79.892
frxUSDJPY,1352341328,79.893
frxUSDJPY,1352341333,79.891
frxUSDJPY,1352341335,79.889
frxUSDJPY,1352341336,79.89
frxUSDJPY,1352341340,79.891
frxUSDJPY,1352341341,79.893
frxUSDJPY,1352341347,79.891
frxUSDJPY,1352341361,79.901
frxUSDJPY,1352341364,79.895
frxUSDJPY,1352341365,79.892
frxUSDJPY,1352341367,79.892
frxUSDJPY,1352341370,79.894
frxUSDJPY,1352341371,79.886
frxUSDJPY,1352341373,79.885
frxUSDJPY,1352341376,79.887
frxUSDJPY,1352341377,79.889
frxUSDJPY,1352341379,79.887
frxUSDJPY,1352341387,79.888
frxUSDJPY,1352341393,79.891
frxUSDJPY,1352341399,79.889
frxUSDJPY,1352341407,79.889
frxUSDJPY,1352341408,79.896
frxUSDJPY,1352341410,79.891
frxUSDJPY,1352341411,79.89
frxUSDJPY,1352341413,79.89
frxUSDJPY,1352341414,79.89
frxUSDJPY,1352341420,79.889
frxUSDJPY,1352341422,79.89
frxUSDJPY,1352341426,79.887
frxUSDJPY,1352341428,79.889
frxUSDJPY,1352341430,79.889
frxUSDJPY,1352341431,79.89
frxUSDJPY,1352341432,79.896
frxUSDJPY,1352341433,79.891
frxUSDJPY,1352341434,79.89
frxUSDJPY,1352341437,79.89
frxUSDJPY,1352341438,79.896
frxUSDJPY,1352341439,79.891
frxUSDJPY,1352341441,79.89
frxUSDJPY,1352341442,79.89
frxUSDJPY,1352341443,79.89
frxUSDJPY,1352341445,79.89
frxUSDJPY,1352341446,79.89
frxUSDJPY,1352341447,79.89
frxUSDJPY,1352341448,79.89
frxUSDJPY,1352341450,79.89
frxUSDJPY,1352341451,79.89
frxUSDJPY,1352341452,79.89
frxUSDJPY,1352341455,79.89
frxUSDJPY,1352341456,79.89
frxUSDJPY,1352341457,79.89
frxUSDJPY,1352341458,79.89
frxUSDJPY,1352341461,79.89
frxUSDJPY,1352341465,79.889
frxUSDJPY,1352341466,79.89
frxUSDJPY,1352341467,79.89
frxUSDJPY,1352341468,79.891
frxUSDJPY,1352341469,79.891
frxUSDJPY,1352341470,79.89
frxUSDJPY,1352341472,79.893
frxUSDJPY,1352341473,79.89
frxUSDJPY,1352341477,79.89
frxUSDJPY,1352341479,79.89
frxUSDJPY,1352341480,79.891
frxUSDJPY,1352341481,79.89
frxUSDJPY,1352341486,79.891
frxUSDJPY,1352341487,79.892
frxUSDJPY,1352341494,79.892
frxUSDJPY,1352341495,79.893
frxUSDJPY,1352341496,79.9
frxUSDJPY,1352341497,79.899
frxUSDJPY,1352341498,79.896
frxUSDJPY,1352341499,79.894
frxUSDJPY,1352341500,79.893
frxUSDJPY,1352341503,79.893
frxUSDJPY,1352341504,79.892
frxUSDJPY,1352341505,79.892
frxUSDJPY,1352341506,79.902
frxUSDJPY,1352341508,79.894
frxUSDJPY,1352341509,79.895
frxUSDJPY,1352341512,79.901
frxUSDJPY,1352341515,79.895
frxUSDJPY,1352341516,79.895
frxUSDJPY,1352341517,79.894
frxUSDJPY,1352341518,79.899
frxUSDJPY,1352341528,79.892
frxUSDJPY,1352341532,79.897
frxUSDJPY,1352341533,79.9
frxUSDJPY,1352341535,79.906
frxUSDJPY,1352341539,79.899
frxUSDJPY,1352341540,79.897
frxUSDJPY,1352341541,79.895
frxUSDJPY,1352341542,79.901
frxUSDJPY,1352341545,79.897
frxUSDJPY,1352341550,79.897
frxUSDJPY,1352341551,79.896
frxUSDJPY,1352341552,79.898
frxUSDJPY,1352341554,79.896
frxUSDJPY,1352341555,79.896
frxUSDJPY,1352341556,79.897
frxUSDJPY,1352341557,79.898
frxUSDJPY,1352341558,79.897
frxUSDJPY,1352341559,79.901
frxUSDJPY,1352341560,79.898
frxUSDJPY,1352341562,79.897
frxUSDJPY,1352341564,79.897
frxUSDJPY,1352341565,79.898
frxUSDJPY,1352341566,79.899
frxUSDJPY,1352341568,79.899
frxUSDJPY,1352341569,79.9
frxUSDJPY,1352341570,79.9
frxUSDJPY,1352341571,79.9
frxUSDJPY,1352341573,79.899
frxUSDJPY,1352341575,79.899
frxUSDJPY,1352341576,79.9
frxUSDJPY,1352341582,79.9
frxUSDJPY,1352341587,79.907
frxUSDJPY,1352341589,79.901
frxUSDJPY,1352341590,79.901
frxUSDJPY,1352341592,79.9
frxUSDJPY,1352341593,79.899
frxUSDJPY,1352341595,79.912
frxUSDJPY,1352341597,79.905
frxUSDJPY,1352341598,79.902
frxUSDJPY,1352341599,79.9
frxUSDJPY,1352341601,79.899
frxUSDJPY,1352341606,79.898
frxUSDJPY,1352341607,79.899
frxUSDJPY,1352341608,79.899
frxUSDJPY,1352341609,79.899
frxUSDJPY,1352341615,79.899
frxUSDJPY,1352341617,79.9
frxUSDJPY,1352341618,79.906
frxUSDJPY,1352341619,79.91
frxUSDJPY,1352341624,79.904
frxUSDJPY,1352341625,79.901
frxUSDJPY,1352341626,79.903
frxUSDJPY,1352341628,79.9
frxUSDJPY,1352341630,79.901
frxUSDJPY,1352341631,79.903
frxUSDJPY,1352341632,79.9
frxUSDJPY,1352341633,79.899
frxUSDJPY,1352341634,79.899
frxUSDJPY,1352341635,79.899
frxUSDJPY,1352341636,79.9
frxUSDJPY,1352341643,79.899
frxUSDJPY,1352341645,79.899
frxUSDJPY,1352341649,79.9
frxUSDJPY,1352341653,79.902
frxUSDJPY,1352341654,79.904
frxUSDJPY,1352341655,79.901
frxUSDJPY,1352341656,79.901
frxUSDJPY,1352341657,79.9
frxUSDJPY,1352341658,79.899
frxUSDJPY,1352341659,79.9
frxUSDJPY,1352341660,79.897
frxUSDJPY,1352341661,79.9
frxUSDJPY,1352341662,79.902
frxUSDJPY,1352341663,79.901
frxUSDJPY,1352341664,79.9
frxUSDJPY,1352341665,79.9
frxUSDJPY,1352341672,79.9
frxUSDJPY,1352341673,79.9
frxUSDJPY,1352341674,79.909
frxUSDJPY,1352341677,79.902
frxUSDJPY,1352341678,79.901
frxUSDJPY,1352341681,79.901
frxUSDJPY,1352341684,79.901
frxUSDJPY,1352341687,79.9
frxUSDJPY,1352341689,79.9
frxUSDJPY,1352341696,79.9
frxUSDJPY,1352341698,79.892
frxUSDJPY,1352341701,79.894
frxUSDJPY,1352341702,79.893
frxUSDJPY,1352341703,79.894
frxUSDJPY,1352341708,79.901
frxUSDJPY,1352341711,79.9
frxUSDJPY,1352341712,79.895
frxUSDJPY,1352341713,79.889
frxUSDJPY,1352341716,79.89
frxUSDJPY,1352341721,79.89
frxUSDJPY,1352341722,79.889
frxUSDJPY,1352341727,79.889
frxUSDJPY,1352341730,79.879
frxUSDJPY,1352341732,79.879
frxUSDJPY,1352341737,79.877
frxUSDJPY,1352341738,79.879
frxUSDJPY,1352341739,79.877
frxUSDJPY,1352341740,79.878
frxUSDJPY,1352341741,79.878
frxUSDJPY,1352341747,79.878
frxUSDJPY,1352341748,79.876
frxUSDJPY,1352341751,79.872
frxUSDJPY,1352341752,79.874
frxUSDJPY,1352341753,79.874
frxUSDJPY,1352341754,79.874
frxUSDJPY,1352341756,79.882
frxUSDJPY,1352341758,79.882
frxUSDJPY,1352341763,79.872
frxUSDJPY,1352341764,79.87
frxUSDJPY,1352341766,79.87
frxUSDJPY,1352341767,79.87
frxUSDJPY,1352341768,79.87
frxUSDJPY,1352341770,79.867
frxUSDJPY,1352341772,79.872
frxUSDJPY,1352341779,79.871
frxUSDJPY,1352341783,79.88
frxUSDJPY,1352341787,79.871
frxUSDJPY,1352341792,79.881
frxUSDJPY,1352341794,79.882
frxUSDJPY,1352341796,79.875
frxUSDJPY,1352341797,79.874
frxUSDJPY,1352341798,79.873
frxUSDJPY,1352341800,79.874
frxUSDJPY,1352341803,79.873
frxUSDJPY,1352341804,79.872
frxUSDJPY,1352341805,79.873
frxUSDJPY,1352341807,79.88
frxUSDJPY,1352341810,79.875
frxUSDJPY,1352341811,79.881
frxUSDJPY,1352341815,79.877
frxUSDJPY,1352341816,79.875
frxUSDJPY,1352341818,79.876
frxUSDJPY,1352341819,79.877
frxUSDJPY,1352341820,79.881
frxUSDJPY,1352341821,79.875
frxUSDJPY,1352341822,79.874
frxUSDJPY,1352341826,79.875
frxUSDJPY,1352341827,79.874
frxUSDJPY,1352341832,79.874
frxUSDJPY,1352341834,79.875
frxUSDJPY,1352341835,79.875
frxUSDJPY,1352341838,79.874
frxUSDJPY,1352341839,79.873
frxUSDJPY,1352341840,79.873
frxUSDJPY,1352341841,79.873
frxUSDJPY,1352341843,79.869
frxUSDJPY,1352341845,79.86
frxUSDJPY,1352341847,79.866
frxUSDJPY,1352341849,79.873
frxUSDJPY,1352341853,79.873
frxUSDJPY,1352341855,79.88
frxUSDJPY,1352341857,79.874
frxUSDJPY,1352341859,79.873
frxUSDJPY,1352341860,79.874
frxUSDJPY,1352341861,79.877
frxUSDJPY,1352341862,79.873
frxUSDJPY,1352341864,79.88
frxUSDJPY,1352341867,79.873
frxUSDJPY,1352341871,79.872
frxUSDJPY,1352341874,79.88
frxUSDJPY,1352341875,79.875
frxUSDJPY,1352341876,79.873
frxUSDJPY,1352341877,79.869
frxUSDJPY,1352341878,79.87
frxUSDJPY,1352341882,79.87
frxUSDJPY,1352341883,79.87
frxUSDJPY,1352341885,79.869
frxUSDJPY,1352341887,79.863
frxUSDJPY,1352341889,79.87
frxUSDJPY,1352341890,79.864
frxUSDJPY,1352341891,79.865
frxUSDJPY,1352341892,79.864
frxUSDJPY,1352341893,79.864
frxUSDJPY,1352341894,79.87
frxUSDJPY,1352341896,79.865
frxUSDJPY,1352341897,79.865
frxUSDJPY,1352341899,79.872
frxUSDJPY,1352341902,79.871
frxUSDJPY,1352341905,79.86
frxUSDJPY,1352341906,79.863
frxUSDJPY,1352341908,79.87
frxUSDJPY,1352341909,79.866
frxUSDJPY,1352341915,79.865
frxUSDJPY,1352341918,79.867
frxUSDJPY,1352341921,79.872
frxUSDJPY,1352341927,79.866
frxUSDJPY,1352341930,79.871
frxUSDJPY,1352341936,79.864
frxUSDJPY,1352341937,79.864
frxUSDJPY,1352341946,79.867
frxUSDJPY,1352341949,79.865
frxUSDJPY,1352341961,79.866
frxUSDJPY,1352341962,79.865
frxUSDJPY,1352341963,79.872
frxUSDJPY,1352341964,79.869
frxUSDJPY,1352341966,79.868
frxUSDJPY,1352341967,79.867
frxUSDJPY,1352341969,79.866
frxUSDJPY,1352341970,79.867
frxUSDJPY,1352341972,79.875
frxUSDJPY,1352341975,79.87
frxUSDJPY,1352341977,79.867
frxUSDJPY,1352341979,79.868
frxUSDJPY,1352341983,79.868
frxUSDJPY,1352341985,79.868
frxUSDJPY,1352341986,79.866
frxUSDJPY,1352341990,79.867
frxUSDJPY,1352341991,79.868
frxUSDJPY,1352341993,79.868
frxUSDJPY,1352341995,79.868
frxUSDJPY,1352341996,79.868
frxUSDJPY,1352341998,79.868
frxUSDJPY,1352341999,79.868
frxUSDJPY,1352342000,79.869
frxUSDJPY,1352342001,79.869
frxUSDJPY,1352342003,79.87
frxUSDJPY,1352342004,79.876
frxUSDJPY,1352342005,79.881
frxUSDJPY,1352342012,79.872
frxUSDJPY,1352342014,79.87
frxUSDJPY,1352342015,79.873
frxUSDJPY,1352342016,79.873
frxUSDJPY,1352342017,79.869
frxUSDJPY,1352342019,79.869
frxUSDJPY,1352342025,79.867
frxUSDJPY,1352342026,79.87
frxUSDJPY,1352342029,79.872
frxUSDJPY,1352342038,79.874
frxUSDJPY,1352342040,79.872
frxUSDJPY,1352342043,79.872
frxUSDJPY,1352342048,79.871
frxUSDJPY,1352342051,79.882
frxUSDJPY,1352342059,79.887
frxUSDJPY,1352342064,79.875
frxUSDJPY,1352342066,79.873
frxUSDJPY,1352342068,79.874
frxUSDJPY,1352342069,79.875
frxUSDJPY,1352342070,79.88
frxUSDJPY,1352342072,79.882
frxUSDJPY,1352342098,79.876
frxUSDJPY,1352342100,79.875
frxUSDJPY,1352342106,79.875
frxUSDJPY,1352342107,79.872
frxUSDJPY,1352342108,79.874
frxUSDJPY,1352342109,79.873
frxUSDJPY,1352342111,79.88
frxUSDJPY,1352342115,79.874
frxUSDJPY,1352342122,79.875
frxUSDJPY,1352342123,79.872
frxUSDJPY,1352342124,79.873
frxUSDJPY,1352342127,79.871
frxUSDJPY,1352342129,79.874
frxUSDJPY,1352342132,79.876
frxUSDJPY,1352342134,79.88
frxUSDJPY,1352342135,79.875
frxUSDJPY,1352342137,79.881
frxUSDJPY,1352342138,79.876
frxUSDJPY,1352342139,79.876
frxUSDJPY,1352342140,79.881
frxUSDJPY,1352342141,79.877
frxUSDJPY,1352342142,79.875
frxUSDJPY,1352342145,79.875
frxUSDJPY,1352342146,79.875
frxUSDJPY,1352342147,79.881
frxUSDJPY,1352342148,79.877
frxUSDJPY,1352342155,79.883
frxUSDJPY,1352342158,79.884
frxUSDJPY,1352342162,79.878
frxUSDJPY,1352342163,79.875
frxUSDJPY,1352342164,79.881
frxUSDJPY,1352342167,79.877
frxUSDJPY,1352342168,79.875
frxUSDJPY,1352342178,79.874
frxUSDJPY,1352342180,79.874
frxUSDJPY,1352342182,79.874
frxUSDJPY,1352342184,79.878
frxUSDJPY,1352342192,79.876
frxUSDJPY,1352342196,79.875
frxUSDJPY,1352342197,79.875
frxUSDJPY,1352342200,79.882
frxUSDJPY,1352342202,79.877
frxUSDJPY,1352342206,79.876
frxUSDJPY,1352342207,79.881
frxUSDJPY,1352342208,79.877
frxUSDJPY,1352342209,79.876
frxUSDJPY,1352342213,79.875
frxUSDJPY,1352342216,79.875
frxUSDJPY,1352342218,79.881
frxUSDJPY,1352342220,79.876
frxUSDJPY,1352342224,79.875
frxUSDJPY,1352342225,79.881
frxUSDJPY,1352342233,79.878
frxUSDJPY,1352342236,79.877
frxUSDJPY,1352342237,79.883
frxUSDJPY,1352342238,79.879
frxUSDJPY,1352342242,79.88
frxUSDJPY,1352342243,79.879
frxUSDJPY,1352342244,79.875
frxUSDJPY,1352342247,79.871
frxUSDJPY,1352342248,79.874
frxUSDJPY,1352342250,79.876
frxUSDJPY,1352342251,79.875
frxUSDJPY,1352342252,79.874
frxUSDJPY,1352342255,79.882
frxUSDJPY,1352342261,79.874
frxUSDJPY,1352342262,79.875
frxUSDJPY,1352342263,79.881
frxUSDJPY,1352342264,79.877
frxUSDJPY,1352342265,79.87
frxUSDJPY,1352342266,79.873
frxUSDJPY,1352342268,79.88
frxUSDJPY,1352342269,79.877
frxUSDJPY,1352342270,79.874
frxUSDJPY,1352342272,79.873
frxUSDJPY,1352342273,79.874
frxUSDJPY,1352342275,79.877
frxUSDJPY,1352342276,79.875
frxUSDJPY,1352342280,79.873
frxUSDJPY,1352342282,79.872
frxUSDJPY,1352342285,79.875
frxUSDJPY,1352342286,79.866
frxUSDJPY,1352342287,79.867
frxUSDJPY,1352342288,79.868
frxUSDJPY,1352342289,79.872
frxUSDJPY,1352342290,79.868
frxUSDJPY,1352342293,79.868
frxUSDJPY,1352342295,79.86
frxUSDJPY,1352342296,79.865
frxUSDJPY,1352342301,79.869
frxUSDJPY,1352342302,79.868
frxUSDJPY,1352342304,79.869
frxUSDJPY,1352342305,79.869
frxUSDJPY,1352342306,79.869
frxUSDJPY,1352342307,79.869
frxUSDJPY,1352342308,79.876
frxUSDJPY,1352342311,79.871
frxUSDJPY,1352342316,79.871
frxUSDJPY,1352342319,79.871
frxUSDJPY,1352342320,79.871
frxUSDJPY,1352342323,79.871
frxUSDJPY,1352342325,79.868
frxUSDJPY,1352342327,79.872
frxUSDJPY,1352342331,79.882
frxUSDJPY,1352342337,79.874
frxUSDJPY,1352342339,79.869
frxUSDJPY,1352342341,79.87
frxUSDJPY,1352342344,79.874
frxUSDJPY,1352342346,79.871
frxUSDJPY,1352342347,79.871
frxUSDJPY,1352342349,79.873
frxUSDJPY,1352342350,79.873
frxUSDJPY,1352342358,79.877
frxUSDJPY,1352342362,79.873
frxUSDJPY,1352342374,79.881
frxUSDJPY,1352342379,79.874
frxUSDJPY,1352342380,79.878
frxUSDJPY,1352342382,79.875
frxUSDJPY,1352342386,79.882
frxUSDJPY,1352342390,79.875
frxUSDJPY,1352342391,79.873
frxUSDJPY,1352342398,79.874
frxUSDJPY,1352342400,79.875
frxUSDJPY,1352342408,79.873
frxUSDJPY,1352342413,79.881
frxUSDJPY,1352342428,79.882
frxUSDJPY,1352342430,79.878
frxUSDJPY,1352342434,79.882
frxUSDJPY,1352342441,79.874
frxUSDJPY,1352342444,79.873
frxUSDJPY,1352342449,79.881
frxUSDJPY,1352342450,79.876
frxUSDJPY,1352342452,79.875
frxUSDJPY,1352342453,79.88
frxUSDJPY,1352342458,79.874
frxUSDJPY,1352342460,79.875
frxUSDJPY,1352342461,79.873
frxUSDJPY,1352342463,79.873
frxUSDJPY,1352342464,79.88
frxUSDJPY,1352342470,79.876
frxUSDJPY,1352342471,79.881
frxUSDJPY,1352342472,79.881
frxUSDJPY,1352342473,79.88
frxUSDJPY,1352342480,79.88
frxUSDJPY,1352342482,79.88
frxUSDJPY,1352342483,79.88
frxUSDJPY,1352342484,79.88
frxUSDJPY,1352342485,79.883
frxUSDJPY,1352342486,79.88
frxUSDJPY,1352342487,79.892
frxUSDJPY,1352342489,79.884
frxUSDJPY,1352342490,79.881
frxUSDJPY,1352342496,79.88
frxUSDJPY,1352342497,79.88
frxUSDJPY,1352342499,79.88
frxUSDJPY,1352342508,79.88
frxUSDJPY,1352342509,79.883
frxUSDJPY,1352342510,79.881
frxUSDJPY,1352342511,79.879
frxUSDJPY,1352342512,79.88
frxUSDJPY,1352342514,79.879
frxUSDJPY,1352342515,79.879
frxUSDJPY,1352342516,79.879
frxUSDJPY,1352342518,79.877
frxUSDJPY,1352342520,79.876
frxUSDJPY,1352342521,79.879
frxUSDJPY,1352342524,79.88
frxUSDJPY,1352342529,79.88
frxUSDJPY,1352342530,79.88
frxUSDJPY,1352342531,79.88
frxUSDJPY,1352342532,79.879
frxUSDJPY,1352342533,79.878
frxUSDJPY,1352342534,79.879
frxUSDJPY,1352342535,79.88
frxUSDJPY,1352342536,79.879
frxUSDJPY,1352342539,79.879
frxUSDJPY,1352342544,79.88
frxUSDJPY,1352342545,79.879
frxUSDJPY,1352342546,79.88
frxUSDJPY,1352342547,79.879
frxUSDJPY,1352342553,79.879
frxUSDJPY,1352342554,79.88
frxUSDJPY,1352342555,79.879
frxUSDJPY,1352342556,79.879
frxUSDJPY,1352342557,79.88
frxUSDJPY,1352342561,79.879
frxUSDJPY,1352342567,79.889
frxUSDJPY,1352342569,79.882
frxUSDJPY,1352342571,79.881
frxUSDJPY,1352342572,79.883
frxUSDJPY,1352342573,79.884
frxUSDJPY,1352342575,79.882
frxUSDJPY,1352342578,79.89
frxUSDJPY,1352342580,79.882
frxUSDJPY,1352342581,79.88
frxUSDJPY,1352342583,79.88
frxUSDJPY,1352342584,79.879
frxUSDJPY,1352342590,79.888
frxUSDJPY,1352342591,79.892
frxUSDJPY,1352342592,79.889
frxUSDJPY,1352342595,79.881
frxUSDJPY,1352342598,79.885
frxUSDJPY,1352342599,79.885
frxUSDJPY,1352342600,79.891
frxUSDJPY,1352342601,79.888
frxUSDJPY,1352342609,79.886
frxUSDJPY,1352342617,79.886
frxUSDJPY,1352342620,79.886
frxUSDJPY,1352342630,79.888
frxUSDJPY,1352342637,79.896
frxUSDJPY,1352342638,79.896
frxUSDJPY,1352342639,79.89
frxUSDJPY,1352342643,79.888
frxUSDJPY,1352342644,79.885
frxUSDJPY,1352342645,79.885
frxUSDJPY,1352342646,79.88
frxUSDJPY,1352342647,79.88
frxUSDJPY,1352342649,79.88
frxUSDJPY,1352342650,79.88
frxUSDJPY,1352342651,79.88
frxUSDJPY,1352342652,79.88
frxUSDJPY,1352342654,79.88
frxUSDJPY,1352342656,79.884
frxUSDJPY,1352342658,79.887
frxUSDJPY,1352342659,79.892
frxUSDJPY,1352342660,79.888
frxUSDJPY,1352342661,79.892
frxUSDJPY,1352342662,79.883
frxUSDJPY,1352342663,79.88
frxUSDJPY,1352342664,79.88
frxUSDJPY,1352342666,79.88
frxUSDJPY,1352342667,79.881
frxUSDJPY,1352342668,79.88
frxUSDJPY,1352342669,79.88
frxUSDJPY,1352342671,79.88
frxUSDJPY,1352342673,79.883
frxUSDJPY,1352342678,79.888
frxUSDJPY,1352342679,79.883
frxUSDJPY,1352342683,79.88
frxUSDJPY,1352342685,79.889
frxUSDJPY,1352342686,79.885
frxUSDJPY,1352342687,79.881
frxUSDJPY,1352342688,79.883
frxUSDJPY,1352342689,79.888
frxUSDJPY,1352342691,79.881
frxUSDJPY,1352342692,79.88
frxUSDJPY,1352342693,79.88
frxUSDJPY,1352342695,79.886
frxUSDJPY,1352342696,79.881
frxUSDJPY,1352342698,79.886
frxUSDJPY,1352342699,79.881
frxUSDJPY,1352342701,79.881
frxUSDJPY,1352342703,79.88
frxUSDJPY,1352342704,79.884
frxUSDJPY,1352342705,79.882
frxUSDJPY,1352342706,79.883
frxUSDJPY,1352342707,79.883
frxUSDJPY,1352342708,79.88
frxUSDJPY,1352342709,79.883
frxUSDJPY,1352342710,79.885
frxUSDJPY,1352342711,79.885
frxUSDJPY,1352342713,79.889
frxUSDJPY,1352342715,79.893
frxUSDJPY,1352342717,79.892
frxUSDJPY,1352342720,79.886
frxUSDJPY,1352342722,79.885
frxUSDJPY,1352342724,79.891
frxUSDJPY,1352342731,79.887
frxUSDJPY,1352342732,79.886
frxUSDJPY,1352342735,79.885
frxUSDJPY,1352342737,79.894
frxUSDJPY,1352342739,79.885
frxUSDJPY,1352342741,79.891
frxUSDJPY,1352342742,79.887
frxUSDJPY,1352342743,79.885
frxUSDJPY,1352342745,79.885
frxUSDJPY,1352342748,79.891
frxUSDJPY,1352342750,79.887
frxUSDJPY,1352342751,79.883
frxUSDJPY,1352342752,79.879
frxUSDJPY,1352342754,79.875
frxUSDJPY,1352342756,79.875
frxUSDJPY,1352342757,79.873
frxUSDJPY,1352342758,79.874
frxUSDJPY,1352342759,79.87
frxUSDJPY,1352342760,79.869
frxUSDJPY,1352342762,79.87
frxUSDJPY,1352342764,79.867
frxUSDJPY,1352342765,79.867
frxUSDJPY,1352342766,79.875
frxUSDJPY,1352342770,79.869
frxUSDJPY,1352342771,79.865
frxUSDJPY,1352342772,79.864
frxUSDJPY,1352342773,79.864
frxUSDJPY,1352342775,79.859
frxUSDJPY,1352342776,79.867
frxUSDJPY,1352342784,79.871
frxUSDJPY,1352342785,79.872
frxUSDJPY,1352342786,79.872
frxUSDJPY,1352342788,79.874
frxUSDJPY,1352342789,79.881
frxUSDJPY,1352342793,79.88
frxUSDJPY,1352342795,79.874
frxUSDJPY,1352342797,79.874
frxUSDJPY,1352342798,79.874
frxUSDJPY,1352342800,79.88
frxUSDJPY,1352342805,79.87
frxUSDJPY,1352342806,79.873
frxUSDJPY,1352342818,79.874
frxUSDJPY,1352342823,79.874
frxUSDJPY,1352342825,79.883
frxUSDJPY,1352342828,79.874
frxUSDJPY,1352342834,79.874
frxUSDJPY,1352342836,79.873
frxUSDJPY,1352342837,79.873
frxUSDJPY,1352342838,79.88
frxUSDJPY,1352342840,79.874
frxUSDJPY,1352342846,79.874
frxUSDJPY,1352342849,79.873
frxUSDJPY,1352342853,79.872
frxUSDJPY,1352342854,79.873
frxUSDJPY,1352342856,79.872
frxUSDJPY,1352342858,79.871
frxUSDJPY,1352342859,79.868
frxUSDJPY,1352342860,79.868
frxUSDJPY,1352342863,79.867
frxUSDJPY,1352342864,79.866
frxUSDJPY,1352342865,79.868
frxUSDJPY,1352342866,79.869
frxUSDJPY,1352342868,79.873
frxUSDJPY,1352342869,79.868
frxUSDJPY,1352342870,79.87
frxUSDJPY,1352342871,79.87
frxUSDJPY,1352342872,79.871
frxUSDJPY,1352342874,79.87
frxUSDJPY,1352342875,79.872
frxUSDJPY,1352342878,79.872
frxUSDJPY,1352342879,79.873
frxUSDJPY,1352342880,79.873
frxUSDJPY,1352342882,79.875
frxUSDJPY,1352342883,79.874
frxUSDJPY,1352342884,79.872
frxUSDJPY,1352342886,79.872
frxUSDJPY,1352342889,79.869
frxUSDJPY,1352342890,79.869
frxUSDJPY,1352342893,79.869
frxUSDJPY,1352342896,79.869
frxUSDJPY,1352342899,79.869
frxUSDJPY,1352342900,79.869
frxUSDJPY,1352342903,79.868
frxUSDJPY,1352342906,79.869
frxUSDJPY,1352342910,79.868
frxUSDJPY,1352342913,79.87
frxUSDJPY,1352342914,79.869
frxUSDJPY,1352342915,79.869
frxUSDJPY,1352342920,79.869
frxUSDJPY,1352342921,79.87
frxUSDJPY,1352342922,79.872
frxUSDJPY,1352342925,79.867
frxUSDJPY,1352342931,79.869
frxUSDJPY,1352342937,79.88
frxUSDJPY,1352342938,79.877
frxUSDJPY,1352342939,79.881
frxUSDJPY,1352342941,79.887
frxUSDJPY,1352342943,79.878
frxUSDJPY,1352342945,79.875
frxUSDJPY,1352342946,79.881
frxUSDJPY,1352342951,79.875
frxUSDJPY,1352342956,79.873
frxUSDJPY,1352342957,79.875
frxUSDJPY,1352342959,79.873
frxUSDJPY,1352342960,79.875
frxUSDJPY,1352342962,79.874
frxUSDJPY,1352342964,79.878
frxUSDJPY,1352342966,79.882
frxUSDJPY,1352342968,79.88
frxUSDJPY,1352342969,79.877
frxUSDJPY,1352342971,79.878
frxUSDJPY,1352342975,79.879
frxUSDJPY,1352342976,79.88
frxUSDJPY,1352342977,79.882
frxUSDJPY,1352342983,79.879
frxUSDJPY,1352342984,79.879
frxUSDJPY,1352342985,79.877
frxUSDJPY,1352342993,79.877
frxUSDJPY,1352342994,79.878
frxUSDJPY,1352342995,79.88
frxUSDJPY,1352342998,79.876
frxUSDJPY,1352342999,79.877
frxUSDJPY,1352343014,79.878
frxUSDJPY,1352343032,79.879
frxUSDJPY,1352343036,79.878
frxUSDJPY,1352343040,79.878
frxUSDJPY,1352343042,79.878
frxUSDJPY,1352343047,79.879
frxUSDJPY,1352343048,79.88
frxUSDJPY,1352343055,79.88
frxUSDJPY,1352343057,79.879
frxUSDJPY,1352343058,79.883
frxUSDJPY,1352343060,79.882
frxUSDJPY,1352343061,79.88
frxUSDJPY,1352343063,79.88
frxUSDJPY,1352343075,79.876
frxUSDJPY,1352343085,79.879
frxUSDJPY,1352343086,79.879
frxUSDJPY,1352343087,79.88
frxUSDJPY,1352343088,79.886
frxUSDJPY,1352343090,79.879
frxUSDJPY,1352343091,79.88
frxUSDJPY,1352343105,79.869
frxUSDJPY,1352343109,79.876
frxUSDJPY,1352343117,79.879
frxUSDJPY,1352343118,79.883
frxUSDJPY,1352343119,79.887
frxUSDJPY,1352343131,79.882
frxUSDJPY,1352343132,79.88
frxUSDJPY,1352343133,79.879
frxUSDJPY,1352343135,79.88
frxUSDJPY,1352343136,79.88
frxUSDJPY,1352343137,79.88
frxUSDJPY,1352343138,79.88
frxUSDJPY,1352343139,79.88
frxUSDJPY,1352343142,79.881
frxUSDJPY,1352343143,79.881
frxUSDJPY,1352343144,79.88
frxUSDJPY,1352343146,79.879
frxUSDJPY,1352343149,79.88
frxUSDJPY,1352343150,79.879
frxUSDJPY,1352343151,79.88
frxUSDJPY,1352343152,79.88
frxUSDJPY,1352343158,79.878
frxUSDJPY,1352343159,79.878
frxUSDJPY,1352343160,79.874
frxUSDJPY,1352343161,79.873
frxUSDJPY,1352343162,79.88
frxUSDJPY,1352343163,79.871
frxUSDJPY,1352343167,79.88
frxUSDJPY,1352343169,79.882
frxUSDJPY,1352343170,79.877
frxUSDJPY,1352343171,79.874
frxUSDJPY,1352343172,79.877
frxUSDJPY,1352343173,79.882
frxUSDJPY,1352343174,79.88
frxUSDJPY,1352343176,79.88
frxUSDJPY,1352343177,79.876
frxUSDJPY,1352343178,79.875
frxUSDJPY,1352343179,79.874
frxUSDJPY,1352343183,79.873
frxUSDJPY,1352343187,79.881
frxUSDJPY,1352343191,79.876
frxUSDJPY,1352343198,79.873
frxUSDJPY,1352343199,79.872
frxUSDJPY,1352343202,79.881
frxUSDJPY,1352343204,79.876
frxUSDJPY,1352343205,79.881
frxUSDJPY,1352343206,79.877
frxUSDJPY,1352343208,79.873
frxUSDJPY,1352343209,79.873
frxUSDJPY,1352343217,79.882
frxUSDJPY,1352343218,79.878
frxUSDJPY,1352343224,79.873
frxUSDJPY,1352343225,79.872
frxUSDJPY,1352343227,79.871
frxUSDJPY,1352343231,79.871
frxUSDJPY,1352343233,79.87
frxUSDJPY,1352343236,79.87
frxUSDJPY,1352343237,79.87
frxUSDJPY,1352343238,79.87
frxUSDJPY,1352343239,79.87
frxUSDJPY,1352343242,79.872
frxUSDJPY,1352343243,79.87
frxUSDJPY,1352343244,79.874
frxUSDJPY,1352343245,79.879
frxUSDJPY,1352343246,79.873
frxUSDJPY,1352343248,79.872
frxUSDJPY,1352343250,79.873
frxUSDJPY,1352343254,79.871
frxUSDJPY,1352343255,79.88
frxUSDJPY,1352343260,79.872
frxUSDJPY,1352343261,79.874
frxUSDJPY,1352343264,79.871
frxUSDJPY,1352343269,79.881
frxUSDJPY,1352343274,79.88
frxUSDJPY,1352343275,79.872
frxUSDJPY,1352343276,79.871
frxUSDJPY,1352343277,79.87
frxUSDJPY,1352343281,79.87
frxUSDJPY,1352343283,79.871
frxUSDJPY,1352343287,79.872
frxUSDJPY,1352343288,79.871
frxUSDJPY,1352343292,79.871
frxUSDJPY,1352343297,79.874
frxUSDJPY,1352343298,79.874
frxUSDJPY,1352343299,79.875
frxUSDJPY,1352343303,79.874
frxUSDJPY,1352343304,79.874
frxUSDJPY,1352343305,79.881
frxUSDJPY,1352343310,79.873
frxUSDJPY,1352343311,79.872
frxUSDJPY,1352343317,79.882
frxUSDJPY,1352343320,79.876
frxUSDJPY,1352343321,79.874
frxUSDJPY,1352343325,79.884
frxUSDJPY,1352343328,79.875
frxUSDJPY,1352343332,79.874
frxUSDJPY,1352343333,79.874
frxUSDJPY,1352343334,79.88
frxUSDJPY,1352343336,79.882
frxUSDJPY,1352343344,79.877
frxUSDJPY,1352343346,79.881
frxUSDJPY,1352343348,79.876
frxUSDJPY,1352343349,79.872
frxUSDJPY,1352343350,79.873
frxUSDJPY,1352343352,79.877
frxUSDJPY,1352343356,79.876
frxUSDJPY,1352343358,79.875
frxUSDJPY,1352343359,79.872
frxUSDJPY,1352343361,79.872
frxUSDJPY,1352343362,79.871
frxUSDJPY,1352343373,79.877
frxUSDJPY,1352343376,79.881
frxUSDJPY,1352343377,79.877
frxUSDJPY,1352343391,79.875
frxUSDJPY,1352343414,79.875
frxUSDJPY,1352343415,79.873
frxUSDJPY,1352343418,79.874
frxUSDJPY,1352343423,79.876
frxUSDJPY,1352343424,79.874
frxUSDJPY,1352343450,79.873
frxUSDJPY,1352343467,79.874
frxUSDJPY,1352343469,79.881
frxUSDJPY,1352343472,79.876
frxUSDJPY,1352343473,79.875
frxUSDJPY,1352343475,79.881
frxUSDJPY,1352343479,79.875
frxUSDJPY,1352343480,79.874
frxUSDJPY,1352343493,79.876
frxUSDJPY,1352343498,79.874
frxUSDJPY,1352343501,79.873
frxUSDJPY,1352343503,79.874
frxUSDJPY,1352343504,79.874
frxUSDJPY,1352343507,79.878
frxUSDJPY,1352343513,79.875
frxUSDJPY,1352343529,79.875
frxUSDJPY,1352343538,79.875
frxUSDJPY,1352343549,79.882
frxUSDJPY,1352343564,79.882
frxUSDJPY,1352343568,79.881
frxUSDJPY,1352343570,79.877
frxUSDJPY,1352343576,79.882
frxUSDJPY,1352343583,79.876
frxUSDJPY,1352343584,79.88
frxUSDJPY,1352343585,79.88
frxUSDJPY,1352343586,79.88
frxUSDJPY,1352343587,79.88
frxUSDJPY,1352343588,79.88
frxUSDJPY,1352343589,79.88
frxUSDJPY,1352343591,79.88
frxUSDJPY,1352343593,79.883
frxUSDJPY,1352343594,79.881
frxUSDJPY,1352343596,79.88
frxUSDJPY,1352343597,79.881
frxUSDJPY,1352343598,79.89
frxUSDJPY,1352343611,79.879
frxUSDJPY,1352343612,79.879
frxUSDJPY,1352343613,79.879
frxUSDJPY,1352343615,79.88
frxUSDJPY,1352343617,79.882
frxUSDJPY,1352343619,79.88
frxUSDJPY,1352343620,79.88
frxUSDJPY,1352343621,79.88
frxUSDJPY,1352343625,79.88
frxUSDJPY,1352343626,79.88
frxUSDJPY,1352343629,79.88
frxUSDJPY,1352343631,79.889
frxUSDJPY,1352343632,79.88
frxUSDJPY,1352343634,79.882
frxUSDJPY,1352343635,79.88
frxUSDJPY,1352343637,79.88
frxUSDJPY,1352343644,79.88
frxUSDJPY,1352343645,79.879
frxUSDJPY,1352343647,79.88
frxUSDJPY,1352343648,79.88
frxUSDJPY,1352343652,79.88
frxUSDJPY,1352343656,79.88
frxUSDJPY,1352343657,79.882
frxUSDJPY,1352343658,79.884
frxUSDJPY,1352343660,79.882
frxUSDJPY,1352343661,79.881
frxUSDJPY,1352343665,79.882
frxUSDJPY,1352343669,79.887
frxUSDJPY,1352343674,79.883
frxUSDJPY,1352343702,79.882
frxUSDJPY,1352343708,79.881
frxUSDJPY,1352343717,79.882
frxUSDJPY,1352343718,79.885
frxUSDJPY,1352343721,79.882
frxUSDJPY,1352343722,79.881
frxUSDJPY,1352343723,79.89
frxUSDJPY,1352343724,79.884
frxUSDJPY,1352343727,79.884
frxUSDJPY,1352343729,79.883
frxUSDJPY,1352343731,79.892
frxUSDJPY,1352343735,79.884
frxUSDJPY,1352343736,79.881
frxUSDJPY,1352343740,79.891
frxUSDJPY,1352343743,79.883
frxUSDJPY,1352343745,79.884
frxUSDJPY,1352343747,79.886
frxUSDJPY,1352343748,79.89
frxUSDJPY,1352343751,79.886
frxUSDJPY,1352343752,79.886
frxUSDJPY,1352343753,79.887
frxUSDJPY,1352343757,79.887
frxUSDJPY,1352343759,79.892
frxUSDJPY,1352343764,79.888
frxUSDJPY,1352343767,79.89
frxUSDJPY,1352343769,79.891
frxUSDJPY,1352343770,79.891
frxUSDJPY,1352343772,79.892
frxUSDJPY,1352343773,79.892
frxUSDJPY,1352343775,79.897
frxUSDJPY,1352343776,79.893
frxUSDJPY,1352343778,79.902
frxUSDJPY,1352343779,79.893
frxUSDJPY,1352343780,79.89
frxUSDJPY,1352343782,79.891
frxUSDJPY,1352343808,79.89
frxUSDJPY,1352343809,79.886
frxUSDJPY,1352343817,79.903
frxUSDJPY,1352343822,79.882
frxUSDJPY,1352343836,79.885
frxUSDJPY,1352343838,79.894
frxUSDJPY,1352343841,79.887
frxUSDJPY,1352343844,79.886
frxUSDJPY,1352343845,79.885
frxUSDJPY,1352343847,79.894
frxUSDJPY,1352343848,79.885
frxUSDJPY,1352343849,79.884
frxUSDJPY,1352343850,79.884
frxUSDJPY,1352343851,79.886
frxUSDJPY,1352343853,79.884
frxUSDJPY,1352343855,79.893
frxUSDJPY,1352343865,79.886
frxUSDJPY,1352343868,79.889
frxUSDJPY,1352343870,79.885
frxUSDJPY,1352343876,79.888
frxUSDJPY,1352343880,79.884
frxUSDJPY,1352343890,79.883
frxUSDJPY,1352343891,79.883
frxUSDJPY,1352343894,79.891
frxUSDJPY,1352343897,79.884
frxUSDJPY,1352343916,79.884
frxUSDJPY,1352343917,79.885
frxUSDJPY,1352343918,79.886
frxUSDJPY,1352343920,79.885
frxUSDJPY,1352343922,79.89
frxUSDJPY,1352343923,79.887
frxUSDJPY,1352343924,79.891
frxUSDJPY,1352343928,79.885
frxUSDJPY,1352343933,79.884
frxUSDJPY,1352343934,79.896
frxUSDJPY,1352343937,79.889
frxUSDJPY,1352343942,79.892
frxUSDJPY,1352343945,79.887
frxUSDJPY,1352343952,79.892
frxUSDJPY,1352343957,79.894
frxUSDJPY,1352343958,79.895
frxUSDJPY,1352343959,79.889
frxUSDJPY,1352343961,79.887
frxUSDJPY,1352343963,79.894
frxUSDJPY,1352343964,79.894
frxUSDJPY,1352343966,79.9
frxUSDJPY,1352343968,79.896
frxUSDJPY,1352343971,79.889
frxUSDJPY,1352343972,79.887
frxUSDJPY,1352343973,79.888
frxUSDJPY,1352343974,79.889
frxUSDJPY,1352343978,79.887
frxUSDJPY,1352343980,79.892
frxUSDJPY,1352343981,79.891
frxUSDJPY,1352343988,79.897
frxUSDJPY,1352343991,79.893
frxUSDJPY,1352343993,79.89
frxUSDJPY,1352343994,79.889
frxUSDJPY,1352343998,79.889
frxUSDJPY,1352344000,79.889
frxUSDJPY,1352344001,79.888
frxUSDJPY,1352344003,79.889
frxUSDJPY,1352344007,79.89
frxUSDJPY,1352344008,79.889
frxUSDJPY,1352344017,79.889
frxUSDJPY,1352344019,79.885
frxUSDJPY,1352344022,79.882
frxUSDJPY,1352344023,79.881
frxUSDJPY,1352344025,79.89
frxUSDJPY,1352344028,79.887
frxUSDJPY,1352344029,79.885
frxUSDJPY,1352344031,79.886
frxUSDJPY,1352344032,79.887
frxUSDJPY,1352344033,79.89
frxUSDJPY,1352344037,79.888
frxUSDJPY,1352344039,79.891
frxUSDJPY,1352344040,79.889
frxUSDJPY,1352344041,79.888
frxUSDJPY,1352344044,79.888
frxUSDJPY,1352344045,79.887
frxUSDJPY,1352344047,79.887
frxUSDJPY,1352344048,79.887
frxUSDJPY,1352344049,79.888
frxUSDJPY,1352344051,79.886
frxUSDJPY,1352344053,79.888
frxUSDJPY,1352344054,79.886
frxUSDJPY,1352344056,79.891
frxUSDJPY,1352344057,79.887
frxUSDJPY,1352344063,79.885
frxUSDJPY,1352344066,79.891
frxUSDJPY,1352344068,79.888
frxUSDJPY,1352344070,79.886
frxUSDJPY,1352344072,79.892
frxUSDJPY,1352344077,79.894
frxUSDJPY,1352344078,79.892
frxUSDJPY,1352344080,79.888
frxUSDJPY,1352344082,79.886
frxUSDJPY,1352344084,79.895
frxUSDJPY,1352344085,79.887
frxUSDJPY,1352344086,79.89
frxUSDJPY,1352344087,79.893
frxUSDJPY,1352344089,79.889
frxUSDJPY,1352344091,79.89
frxUSDJPY,1352344092,79.887
frxUSDJPY,1352344093,79.886
frxUSDJPY,1352344096,79.891
frxUSDJPY,1352344097,79.89
frxUSDJPY,1352344099,79.89
frxUSDJPY,1352344103,79.892
frxUSDJPY,1352344104,79.897
frxUSDJPY,1352344106,79.9
frxUSDJPY,1352344108,79.9
frxUSDJPY,1352344109,79.893
frxUSDJPY,1352344112,79.891
frxUSDJPY,1352344114,79.89
frxUSDJPY,1352344115,79.89
frxUSDJPY,1352344116,79.893
frxUSDJPY,1352344117,79.9
frxUSDJPY,1352344124,79.897
frxUSDJPY,1352344126,79.891
frxUSDJPY,1352344127,79.889
frxUSDJPY,1352344129,79.89
frxUSDJPY,1352344132,79.89
frxUSDJPY,1352344135,79.896
frxUSDJPY,1352344138,79.895
frxUSDJPY,1352344139,79.89
frxUSDJPY,1352344140,79.888
frxUSDJPY,1352344141,79.887
frxUSDJPY,1352344142,79.89
frxUSDJPY,1352344146,79.889
frxUSDJPY,1352344147,79.885
frxUSDJPY,1352344148,79.882
frxUSDJPY,1352344150,79.878
frxUSDJPY,1352344151,79.882
frxUSDJPY,1352344152,79.871
frxUSDJPY,1352344154,79.875
frxUSDJPY,1352344155,79.877
frxUSDJPY,1352344157,79.88
frxUSDJPY,1352344158,79.879
frxUSDJPY,1352344161,79.88
frxUSDJPY,1352344163,79.88
frxUSDJPY,1352344166,79.877
frxUSDJPY,1352344168,79.88
frxUSDJPY,1352344171,79.88
frxUSDJPY,1352344172,79.88
frxUSDJPY,1352344175,79.88
frxUSDJPY,1352344176,79.879
frxUSDJPY,1352344178,79.88
frxUSDJPY,1352344180,79.88
frxUSDJPY,1352344181,79.879
frxUSDJPY,1352344182,79.88
frxUSDJPY,1352344190,79.88
frxUSDJPY,1352344193,79.88
frxUSDJPY,1352344197,79.883
frxUSDJPY,1352344199,79.881
frxUSDJPY,1352344200,79.88
frxUSDJPY,1352344201,79.88
frxUSDJPY,1352344203,79.884
frxUSDJPY,1352344204,79.881
frxUSDJPY,1352344206,79.88
frxUSDJPY,1352344207,79.88
frxUSDJPY,1352344213,79.88
frxUSDJPY,1352344216,79.88
frxUSDJPY,1352344217,79.883
frxUSDJPY,1352344218,79.879
frxUSDJPY,1352344220,79.878
frxUSDJPY,1352344221,79.875
frxUSDJPY,1352344222,79.875
frxUSDJPY,1352344224,79.875
frxUSDJPY,1352344225,79.877
frxUSDJPY,1352344226,79.877
frxUSDJPY,1352344229,79.882
frxUSDJPY,1352344234,79.88
frxUSDJPY,1352344239,79.879
frxUSDJPY,1352344240,79.878
frxUSDJPY,1352344241,79.878
frxUSDJPY,1352344244,79.876
frxUSDJPY,1352344258,79.88
frxUSDJPY,1352344259,79.883
frxUSDJPY,1352344263,79.888
frxUSDJPY,1352344272,79.87
frxUSDJPY,1352344274,79.873
frxUSDJPY,1352344276,79.877
frxUSDJPY,1352344278,79.882
frxUSDJPY,1352344283,79.879
frxUSDJPY,1352344288,79.882
frxUSDJPY,1352344302,79.879
frxUSDJPY,1352344303,79.879
frxUSDJPY,1352344304,79.878
frxUSDJPY,1352344306,79.878
frxUSDJPY,1352344307,79.878
frxUSDJPY,1352344308,79.878
frxUSDJPY,1352344309,79.874
frxUSDJPY,1352344310,79.872
frxUSDJPY,1352344311,79.874
frxUSDJPY,1352344312,79.88
frxUSDJPY,1352344314,79.882
frxUSDJPY,1352344318,79.877
frxUSDJPY,1352344320,79.874
frxUSDJPY,1352344323,79.871
frxUSDJPY,1352344324,79.872
frxUSDJPY,1352344326,79.872
frxUSDJPY,1352344331,79.873
frxUSDJPY,1352344333,79.875
frxUSDJPY,1352344334,79.881
frxUSDJPY,1352344337,79.871
frxUSDJPY,1352344338,79.87
frxUSDJPY,1352344346,79.871
frxUSDJPY,1352344347,79.876
frxUSDJPY,1352344349,79.882
frxUSDJPY,1352344350,79.876
frxUSDJPY,1352344351,79.872
frxUSDJPY,1352344364,79.872
frxUSDJPY,1352344370,79.872
frxUSDJPY,1352344377,79.884
frxUSDJPY,1352344378,79.876
frxUSDJPY,1352344391,79.872
frxUSDJPY,1352344392,79.869
frxUSDJPY,1352344393,79.865
frxUSDJPY,1352344394,79.868
frxUSDJPY,1352344395,79.866
frxUSDJPY,1352344397,79.872
frxUSDJPY,1352344398,79.868
frxUSDJPY,1352344399,79.864
frxUSDJPY,1352344401,79.869
frxUSDJPY,1352344402,79.872
frxUSDJPY,1352344405,79.865
frxUSDJPY,1352344406,79.868
frxUSDJPY,1352344407,79.868
frxUSDJPY,1352344408,79.867
frxUSDJPY,1352344410,79.864
frxUSDJPY,1352344411,79.865
frxUSDJPY,1352344412,79.871
frxUSDJPY,1352344413,79.873
frxUSDJPY,1352344415,79.872
frxUSDJPY,1352344416,79.872
frxUSDJPY,1352344420,79.872
frxUSDJPY,1352344422,79.874
frxUSDJPY,1352344424,79.872
frxUSDJPY,1352344425,79.872
frxUSDJPY,1352344429,79.874
frxUSDJPY,1352344433,79.871
frxUSDJPY,1352344434,79.876
frxUSDJPY,1352344437,79.874
frxUSDJPY,1352344442,79.873
frxUSDJPY,1352344443,79.873
frxUSDJPY,1352344446,79.873
frxUSDJPY,1352344465,79.874
frxUSDJPY,1352344468,79.877
frxUSDJPY,1352344474,79.874
frxUSDJPY,1352344475,79.881
frxUSDJPY,1352344478,79.875
frxUSDJPY,1352344479,79.865
frxUSDJPY,1352344481,79.852
frxUSDJPY,1352344482,79.852
frxUSDJPY,1352344487,79.853
frxUSDJPY,1352344488,79.847
frxUSDJPY,1352344489,79.847
frxUSDJPY,1352344490,79.847
frxUSDJPY,1352344491,79.847
frxUSDJPY,1352344492,79.839
frxUSDJPY,1352344493,79.84
frxUSDJPY,1352344496,79.84
frxUSDJPY,1352344497,79.841
frxUSDJPY,1352344498,79.841
frxUSDJPY,1352344499,79.842
frxUSDJPY,1352344500,79.842
frxUSDJPY,1352344501,79.842
frxUSDJPY,1352344502,79.842
frxUSDJPY,1352344503,79.842
frxUSDJPY,1352344504,79.839
frxUSDJPY,1352344505,79.839
frxUSDJPY,1352344506,79.839
frxUSDJPY,1352344507,79.841
frxUSDJPY,1352344509,79.839
frxUSDJPY,1352344511,79.838
frxUSDJPY,1352344513,79.839
frxUSDJPY,1352344516,79.84
frxUSDJPY,1352344517,79.84
frxUSDJPY,1352344518,79.84
frxUSDJPY,1352344519,79.842
frxUSDJPY,1352344520,79.842
frxUSDJPY,1352344521,79.839
frxUSDJPY,1352344523,79.837
frxUSDJPY,1352344524,79.84
frxUSDJPY,1352344528,79.837
frxUSDJPY,1352344531,79.84
frxUSDJPY,1352344532,79.839
frxUSDJPY,1352344536,79.839
frxUSDJPY,1352344542,79.839
frxUSDJPY,1352344543,79.84
frxUSDJPY,1352344544,79.84
frxUSDJPY,1352344550,79.836
frxUSDJPY,1352344551,79.836
frxUSDJPY,1352344552,79.834
frxUSDJPY,1352344553,79.836
frxUSDJPY,1352344554,79.837
frxUSDJPY,1352344555,79.836
frxUSDJPY,1352344556,79.831
frxUSDJPY,1352344557,79.837
frxUSDJPY,1352344558,79.838
frxUSDJPY,1352344560,79.835
frxUSDJPY,1352344562,79.832
frxUSDJPY,1352344563,79.835
frxUSDJPY,1352344564,79.83
frxUSDJPY,1352344565,79.829
frxUSDJPY,1352344567,79.828
frxUSDJPY,1352344572,79.821
frxUSDJPY,1352344573,79.827
frxUSDJPY,1352344574,79.829
frxUSDJPY,1352344575,79.829
frxUSDJPY,1352344576,79.828
frxUSDJPY,1352344577,79.827
frxUSDJPY,1352344578,79.829
frxUSDJPY,1352344579,79.829
frxUSDJPY,1352344580,79.826
frxUSDJPY,1352344581,79.827
frxUSDJPY,1352344583,79.826
frxUSDJPY,1352344584,79.827
frxUSDJPY,1352344585,79.832
frxUSDJPY,1352344586,79.83
frxUSDJPY,1352344587,79.829
frxUSDJPY,1352344588,79.829
frxUSDJPY,1352344589,79.828
frxUSDJPY,1352344590,79.828
frxUSDJPY,1352344593,79.828
frxUSDJPY,1352344594,79.822
frxUSDJPY,1352344595,79.821
frxUSDJPY,1352344596,79.823
frxUSDJPY,1352344597,79.818
frxUSDJPY,1352344598,79.811
frxUSDJPY,1352344599,79.82
frxUSDJPY,1352344600,79.824
frxUSDJPY,1352344601,79.825
frxUSDJPY,1352344602,79.824
frxUSDJPY,1352344603,79.825
frxUSDJPY,1352344604,79.823
frxUSDJPY,1352344605,79.823
frxUSDJPY,1352344606,79.823
frxUSDJPY,1352344607,79.821
frxUSDJPY,1352344608,79.824
frxUSDJPY,1352344609,79.825
frxUSDJPY,1352344611,79.824
frxUSDJPY,1352344612,79.823
frxUSDJPY,1352344613,79.815
frxUSDJPY,1352344615,79.809
frxUSDJPY,1352344616,79.811
frxUSDJPY,1352344617,79.81
frxUSDJPY,1352344618,79.812
frxUSDJPY,1352344619,79.809
frxUSDJPY,1352344621,79.807
frxUSDJPY,1352344622,79.806
frxUSDJPY,1352344623,79.8
frxUSDJPY,1352344624,79.792
frxUSDJPY,1352344625,79.783
frxUSDJPY,1352344627,79.79
frxUSDJPY,1352344628,79.786
frxUSDJPY,1352344629,79.783
frxUSDJPY,1352344630,79.78
frxUSDJPY,1352344632,79.774
frxUSDJPY,1352344633,79.796
frxUSDJPY,1352344635,79.783
frxUSDJPY,1352344636,79.778
frxUSDJPY,1352344637,79.777
frxUSDJPY,1352344640,79.777
frxUSDJPY,1352344642,79.778
frxUSDJPY,1352344643,79.778
frxUSDJPY,1352344644,79.779
frxUSDJPY,1352344645,79.78
frxUSDJPY,1352344646,79.78
frxUSDJPY,1352344650,79.784
frxUSDJPY,1352344651,79.783
frxUSDJPY,1352344653,79.785
frxUSDJPY,1352344654,79.785
frxUSDJPY,1352344655,79.785
frxUSDJPY,1352344656,79.785
frxUSDJPY,1352344657,79.786
frxUSDJPY,1352344659,79.785
frxUSDJPY,1352344660,79.785
frxUSDJPY,1352344661,79.787
frxUSDJPY,1352344662,79.786
frxUSDJPY,1352344663,79.788
frxUSDJPY,1352344664,79.785
frxUSDJPY,1352344666,79.784
frxUSDJPY,1352344668,79.786
frxUSDJPY,1352344669,79.791
frxUSDJPY,1352344670,79.794
frxUSDJPY,1352344671,79.791
frxUSDJPY,1352344675,79.792
frxUSDJPY,1352344676,79.794
frxUSDJPY,1352344677,79.796
frxUSDJPY,1352344679,79.795
frxUSDJPY,1352344681,79.796
frxUSDJPY,1352344683,79.797
frxUSDJPY,1352344684,79.799
frxUSDJPY,1352344685,79.798
frxUSDJPY,1352344687,79.802
frxUSDJPY,1352344688,79.799
frxUSDJPY,1352344689,79.794
frxUSDJPY,1352344690,79.785
frxUSDJPY,1352344692,79.779
frxUSDJPY,1352344694,79.788
frxUSDJPY,1352344696,79.788
frxUSDJPY,1352344697,79.789
frxUSDJPY,1352344699,79.793
frxUSDJPY,1352344700,79.79
frxUSDJPY,1352344705,79.79
frxUSDJPY,1352344707,79.79
frxUSDJPY,1352344708,79.796
frxUSDJPY,1352344710,79.792
frxUSDJPY,1352344711,79.791
frxUSDJPY,1352344712,79.79
frxUSDJPY,1352344716,79.791
frxUSDJPY,1352344717,79.795
frxUSDJPY,1352344719,79.796
frxUSDJPY,1352344720,79.796
frxUSDJPY,1352344721,79.796
frxUSDJPY,1352344722,79.789
frxUSDJPY,1352344723,79.789
frxUSDJPY,1352344724,79.787
frxUSDJPY,1352344728,79.788
frxUSDJPY,1352344729,79.786
frxUSDJPY,1352344730,79.792
frxUSDJPY,1352344734,79.788
frxUSDJPY,1352344736,79.78
frxUSDJPY,1352344737,79.789
frxUSDJPY,1352344738,79.787
frxUSDJPY,1352344739,79.787
frxUSDJPY,1352344741,79.792
frxUSDJPY,1352344743,79.789
frxUSDJPY,1352344745,79.793
frxUSDJPY,1352344748,79.792
frxUSDJPY,1352344750,79.793
frxUSDJPY,1352344751,79.794
frxUSDJPY,1352344753,79.796
frxUSDJPY,1352344754,79.795
frxUSDJPY,1352344755,79.793
frxUSDJPY,1352344760,79.789
frxUSDJPY,1352344763,79.789
frxUSDJPY,1352344765,79.791
frxUSDJPY,1352344767,79.792
frxUSDJPY,1352344768,79.79
frxUSDJPY,1352344769,79.79
frxUSDJPY,1352344770,79.79
frxUSDJPY,1352344773,79.792
frxUSDJPY,1352344774,79.791
frxUSDJPY,1352344777,79.79
frxUSDJPY,1352344778,79.79
frxUSDJPY,1352344779,79.792
frxUSDJPY,1352344782,79.791
frxUSDJPY,1352344783,79.791
frxUSDJPY,1352344785,79.792
frxUSDJPY,1352344786,79.792
frxUSDJPY,1352344787,79.791
frxUSDJPY,1352344788,79.801
frxUSDJPY,1352344792,79.791
frxUSDJPY,1352344793,79.795
frxUSDJPY,1352344796,79.79
frxUSDJPY,1352344797,79.79
frxUSDJPY,1352344798,79.789
frxUSDJPY,1352344802,79.791
frxUSDJPY,1352344803,79.792
frxUSDJPY,1352344804,79.8
frxUSDJPY,1352344805,79.792
frxUSDJPY,1352344806,79.791
frxUSDJPY,1352344811,79.792
frxUSDJPY,1352344813,79.792
frxUSDJPY,1352344814,79.8
frxUSDJPY,1352344815,79.797
frxUSDJPY,1352344816,79.794
frxUSDJPY,1352344820,79.794
frxUSDJPY,1352344822,79.801
frxUSDJPY,1352344825,79.795
frxUSDJPY,1352344828,79.789
frxUSDJPY,1352344831,79.789
frxUSDJPY,1352344832,79.789
frxUSDJPY,1352344838,79.79
frxUSDJPY,1352344839,79.79
frxUSDJPY,1352344843,79.791
frxUSDJPY,1352344844,79.791
frxUSDJPY,1352344846,79.793
frxUSDJPY,1352344847,79.794
frxUSDJPY,1352344848,79.796
frxUSDJPY,1352344849,79.796
frxUSDJPY,1352344850,79.796
frxUSDJPY,1352344852,79.797
frxUSDJPY,1352344853,79.798
frxUSDJPY,1352344854,79.799
frxUSDJPY,1352344855,79.803
frxUSDJPY,1352344856,79.799
frxUSDJPY,1352344857,79.805
frxUSDJPY,1352344858,79.807
frxUSDJPY,1352344859,79.809
frxUSDJPY,1352344860,79.809
frxUSDJPY,1352344861,79.81
frxUSDJPY,1352344862,79.809
frxUSDJPY,1352344863,79.807
frxUSDJPY,1352344864,79.808
frxUSDJPY,1352344865,79.808
frxUSDJPY,1352344867,79.815
frxUSDJPY,1352344868,79.816
frxUSDJPY,1352344869,79.817
frxUSDJPY,1352344870,79.82
frxUSDJPY,1352344871,79.823
frxUSDJPY,1352344872,79.818
frxUSDJPY,1352344873,79.816
frxUSDJPY,1352344874,79.818
frxUSDJPY,1352344877,79.816
frxUSDJPY,1352344879,79.813
frxUSDJPY,1352344880,79.813
frxUSDJPY,1352344881,79.812
frxUSDJPY,1352344882,79.811
frxUSDJPY,1352344883,79.812
frxUSDJPY,1352344884,79.812
frxUSDJPY,1352344885,79.814
frxUSDJPY,1352344886,79.812
frxUSDJPY,1352344887,79.813
frxUSDJPY,1352344888,79.817
frxUSDJPY,1352344889,79.808
frxUSDJPY,1352344891,79.814
frxUSDJPY,1352344892,79.814
frxUSDJPY,1352344893,79.811
frxUSDJPY,1352344895,79.813
frxUSDJPY,1352344896,79.812
frxUSDJPY,1352344897,79.812
frxUSDJPY,1352344898,79.813
frxUSDJPY,1352344899,79.816
frxUSDJPY,1352344902,79.822
frxUSDJPY,1352344903,79.817
frxUSDJPY,1352344904,79.814
frxUSDJPY,1352344905,79.814
frxUSDJPY,1352344906,79.818
frxUSDJPY,1352344908,79.815
frxUSDJPY,1352344909,79.816
frxUSDJPY,1352344910,79.821
frxUSDJPY,1352344912,79.816
frxUSDJPY,1352344914,79.822
frxUSDJPY,1352344915,79.82
frxUSDJPY,1352344916,79.822
frxUSDJPY,1352344917,79.818
frxUSDJPY,1352344919,79.823
frxUSDJPY,1352344920,79.821
frxUSDJPY,1352344922,79.817
frxUSDJPY,1352344923,79.82
frxUSDJPY,1352344924,79.823
frxUSDJPY,1352344925,79.824
frxUSDJPY,1352344927,79.823
frxUSDJPY,1352344930,79.822
frxUSDJPY,1352344932,79.822
frxUSDJPY,1352344934,79.822
frxUSDJPY,1352344938,79.822
frxUSDJPY,1352344940,79.823
frxUSDJPY,1352344944,79.823
frxUSDJPY,1352344945,79.821
frxUSDJPY,1352344950,79.821
frxUSDJPY,1352344951,79.821
frxUSDJPY,1352344954,79.822
frxUSDJPY,1352344956,79.83
frxUSDJPY,1352344958,79.823
frxUSDJPY,1352344960,79.823
frxUSDJPY,1352344965,79.827
frxUSDJPY,1352344967,79.826
frxUSDJPY,1352344968,79.829
frxUSDJPY,1352344969,79.827
frxUSDJPY,1352344970,79.826
frxUSDJPY,1352344975,79.826
frxUSDJPY,1352344977,79.826
frxUSDJPY,1352344978,79.829
frxUSDJPY,1352344985,79.825
frxUSDJPY,1352344988,79.824
frxUSDJPY,1352344989,79.822
frxUSDJPY,1352344990,79.829
frxUSDJPY,1352344992,79.826
frxUSDJPY,1352344993,79.822
frxUSDJPY,1352344994,79.82
frxUSDJPY,1352344996,79.812
frxUSDJPY,1352344997,79.811
frxUSDJPY,1352344998,79.811
frxUSDJPY,1352344999,79.811
frxUSDJPY,1352345000,79.81
frxUSDJPY,1352345001,79.809
frxUSDJPY,1352345002,79.809
frxUSDJPY,1352345003,79.809
frxUSDJPY,1352345005,79.809
frxUSDJPY,1352345006,79.81
frxUSDJPY,1352345008,79.808
frxUSDJPY,1352345010,79.806
frxUSDJPY,1352345013,79.808
frxUSDJPY,1352345020,79.807
frxUSDJPY,1352345022,79.81
frxUSDJPY,1352345024,79.81
frxUSDJPY,1352345025,79.81
frxUSDJPY,1352345031,79.811
frxUSDJPY,1352345032,79.81
frxUSDJPY,1352345043,79.813
frxUSDJPY,1352345045,79.813
frxUSDJPY,1352345050,79.812
frxUSDJPY,1352345054,79.811
frxUSDJPY,1352345056,79.813
frxUSDJPY,1352345060,79.811
frxUSDJPY,1352345061,79.811
frxUSDJPY,1352345066,79.807
frxUSDJPY,1352345078,79.811
frxUSDJPY,1352345079,79.812
frxUSDJPY,1352345080,79.811
frxUSDJPY,1352345081,79.811
frxUSDJPY,1352345082,79.811
frxUSDJPY,1352345083,79.812
frxUSDJPY,1352345084,79.81
frxUSDJPY,1352345085,79.811
frxUSDJPY,1352345088,79.811
frxUSDJPY,1352345089,79.811
frxUSDJPY,1352345090,79.81
frxUSDJPY,1352345093,79.817
frxUSDJPY,1352345096,79.819
frxUSDJPY,1352345097,79.817
frxUSDJPY,1352345100,79.816
frxUSDJPY,1352345104,79.822
frxUSDJPY,1352345113,79.816
frxUSDJPY,1352345122,79.816
frxUSDJPY,1352345124,79.818
frxUSDJPY,1352345126,79.822
frxUSDJPY,1352345131,79.819
frxUSDJPY,1352345132,79.818
frxUSDJPY,1352345133,79.818
frxUSDJPY,1352345142,79.817
frxUSDJPY,1352345144,79.817
